SNID,oid,sep_arcsec,p_SN,classifier_version
a3f7ac57-349f-44a8-bc11-dd101444ace1,3.138535174533284e+17,0.004703135549022189,0.002284186,202.0
14c2643a-48e6-4bae-a2e0-20b41cdbefaf,3.1385351741872544e+17,0.005537470600985483,0.0015316578,202.0
1ee3563b-4982-460e-8a6f-f609d50f62c9,3.1387101315727366e+17,0.0071440911338578866,0.01988429,202.0
23af3b06-9c88-44d8-a6c2-39a062326bbf,3.138535174811157e+17,0.006169613770823599,0.0038081,202.0
28ea9e0f-cd86-4b7e-becb-9970dd7a006c,3.138754152103936e+17,0.01936115362653173,0.020531617,202.0
c277a753-263d-45cf-914f-cc97dce31425,3.138535175382631e+17,0.003784091583655576,0.0010293011,202.0
946a4392-911b-4e13-8d45-7b3d49d184ec,3.1385351760537197e+17,0.0077275829551953406,0.0013547514,202.0
d1a059cd-5fd8-4b2d-a93d-cf5fc9d1942e,1.7004609168526547e+17,0.0063752960029931725,0.0034033493,202.0
b7f4b026-6b06-494e-9737-a02df930e7de,3.139369865293333e+17,0.08632725123616165,0.0036757572,202.0
57245251-c21f-4736-8427-2b70bd52bdf1,3.138535174029968e+17,0.008838622001970102,0.0017441425,202.0
8a6a4c14-1d65-4c8a-949b-0e30cfcfebf3,3.1387541504681574e+17,0.065382773665817,0.0044377097,202.0
b2ed7c6a-a9d2-4199-ad29-b1144f76b671,3.138535174050939e+17,0.0037577863253806117,0.00807487,202.0
42c4d994-fd32-46c1-8099-3b39ea5eb532,3.139721825358971e+17,0.02434292688397674,0.0042809313,202.0
146f71b2-92ce-40dc-9da6-58ae8b0fe316,3.138535176751023e+17,0.0057423427322192255,0.0014707885,202.0
bd0b7764-c21c-47f8-a4f5-fd87e7238898,3.138754152465695e+17,0.05159032909154756,0.0067789606,202.0
0a5756d6-d9b8-43cf-b714-29ea71e1dea6,3.1385351748321286e+17,0.0034436599229975247,0.0015760364,202.0
ae38e3e6-8672-4d19-b705-2882052a71b0,3.138754161027318e+17,0.006679156249325854,0.0038968145,202.0
99687a54-b492-48f4-9c66-ed4e084bbf74,3.139853457062625e+17,0.062094703444204626,0.005875797,202.0
668d78ca-8052-4c7d-91cf-f5cb65b383c3,3.138754152061993e+17,0.004536787316261439,0.003088173,202.0
0a778372-de88-4501-8e2c-c0c397ad9f21,3.139853450162996e+17,0.43976488067904457,0.008303368,202.0
eb51c31d-5c99-4b76-adcb-5f94989e0d14,3.13853517430784e+17,0.0982047019027975,0.001242603,202.0
19d9479a-ef15-433e-b6a8-7a4ddb0b324c,3.138535175922648e+17,0.007638319391589517,0.0018185914,202.0
dbce04ab-1a55-4d43-abb2-b24a53e4fb2a,3.137610436040459e+17,0.001921426769237424,0.76074404,202.0
e0e4bfb7-ad31-4d0c-b582-075af2fd7db9,1.7002850058135155e+17,0.023269916859808615,0.00094704935,202.0
c7330e98-4a19-4903-ae7a-cb00b10a68b1,3.139721825327515e+17,0.0769172049695067,0.019447893,202.0
7a8f8f76-0b79-4f89-a651-f80c83c35163,3.1385351744965843e+17,0.005191854996164849,0.0029335406,202.0
dbda58d4-cd03-41db-a624-a261cf1d6897,3.138535174695813e+17,0.008007942194515883,0.0018399413,202.0
14b89901-19cd-4939-a216-ae2506447af3,3.138710131483609e+17,0.007380247943928044,0.0050078006,202.0
00143d0c-fe4a-4ab3-ab88-6ad47acd757a,3.138535336569733e+17,0.006613581283620366,0.0016394471,202.0
47db9e75-b5ed-433a-85a8-34577680d136,3.139281944193271e+17,0.007753329190789082,0.0019673088,202.0
3db9068c-0646-42a5-94e8-dc3e101dcc2d,1.7002851052185203e+17,0.012032098529646007,0.0033222,202.0
d69a6668-95c2-4652-9e56-6ceaee47cfdd,1.7002850058659443e+17,0.026194247671435373,0.0019777524,202.0
7aed327c-b726-4283-ac65-d84f3dcc607b,1.7002851103093568e+17,0.019300939044589353,0.0066091693,202.0
b347e964-2389-463d-8901-51aad9609e79,1.700285005404571e+17,0.0020085290770746516,0.004424699,202.0
99b9f8a7-c1e7-4b2b-991e-eee821e2bb0c,3.1387101551499706e+17,0.004613021897078204,0.11242405,202.0
56c5d441-0ce5-40a3-97df-ae8a43076a20,3.138535174501828e+17,0.002200011998986562,0.0033759503,202.0
d16e623f-f8e9-46ba-98e0-6d4899834e12,1.700285006191003e+17,0.007691284952882932,0.0010418302,202.0
e10ea64f-f831-41b9-85c6-dda11e1d18c0,1.7002851088098938e+17,0.00443975439105373,0.0008037575,202.0
dba53e99-8d9c-428e-b79e-3bdad5c61cde,1.700285108993394e+17,0.017019726390144953,0.0041225436,202.0
4ccf49be-18b4-495d-a0c8-0c584a9228f6,3.138535331583761e+17,0.0019169122344965441,0.0011510805,202.0
428ad889-f745-4eba-8bc3-8c0c7fb75987,3.138798194047058e+17,0.08009633176975685,0.0073482282,202.0
0a2885b0-55e8-47e2-a4e3-5cb044d4b937,1.7003289986570662e+17,0.008817733804906028,0.0016612794,202.0
8f44ac1b-bd5d-4d3d-b608-8e50ba1fc7c7,3.138710133900575e+17,0.011451966110581809,0.002704891,202.0
adcacd4c-025a-4f46-b17b-a6ddccec60f6,1.7002850055566144e+17,0.002206677929865545,0.04831872,202.0
8f1cdc54-86e8-454c-95db-892ec8e0920e,3.138886270472691e+17,0.07625043658096561,0.0132825,202.0
89faf71a-a2d8-4ca3-a91e-b136205005d4,3.139985700248619e+17,0.02624856961471463,0.0038143324,202.0
eb20f57e-c0ba-4201-b052-71040f9f40fb,3.139721825668301e+17,0.31744783986183384,0.004806371,202.0
c290d8b2-4462-469c-8073-21ab86920189,3.1387541502427136e+17,0.9093514754841394,0.0018665206,202.0
0a701ef6-2e79-4254-83f0-0f8417c705d4,1.7002851054701786e+17,0.008822376461589943,0.0014988735,202.0
70bcad47-e9cc-44bd-be7a-aa48db1d1b46,1.7002851109804445e+17,0.04810345775945238,0.002586596,202.0
c28abfed-107e-4cd7-b506-54311b8a5f52,3.1387541509033165e+17,0.06346425878722405,0.0052697444,202.0
3d6177e3-04b2-4ecf-804a-f37e41c40c2f,3.138535329764477e+17,0.057301000321159985,0.0030935,202.0
fabfaa53-f770-4851-a62a-f51a5aa432ff,3.1398534571674835e+17,0.04214403565912149,0.0036806983,202.0
28da67db-05ce-4158-a31c-f83bc9684c85,1.7002851088098938e+17,0.010828321062231945,0.0012453212,202.0
e63ba214-e920-4e33-8f86-974a9ed0f16c,3.137039049566454e+17,0.002594148054683322,0.013560663,202.0
dbdb7114-65ee-4916-9f95-42ef7a2d0d4c,1.700285164179949e+17,0.0031998684359182835,0.0008150868,202.0
db92940a-8265-425b-bde4-58c61de74657,3.1367310706108006e+17,0.025684377594884737,0.04589551,202.0
51f4ad79-e171-4a85-ac92-b8889ea95d8e,3.1396340513269357e+17,0.018619651840727582,0.14813684,202.0
5c0a0944-be92-489a-b4bc-50d0f57bc816,3.140030158665155e+17,0.007289323644944833,0.026858822,202.0
5729f8df-b45d-466c-8ba1-5126219cff34,1.70028510676517e+17,0.0130898826527282,0.0016028043,202.0
dbdefb84-ab57-4bfc-a125-b07579988d91,1.7002851056169792e+17,0.028422036234189256,0.0018746726,202.0
572559a2-0ac9-4d1b-8e5b-3f77752ad74c,3.1385351743497837e+17,0.012159199014256125,0.0028440414,202.0
29295677-89a3-4872-a078-a79c73ad5e9e,,,,
479390b7-c542-4771-b1ff-17dd9e818ffe,1.7002851108441306e+17,0.02021714985980545,0.0009989027,202.0
99c611b2-6564-453d-94fc-5f4bb74a1378,1.700285006253917e+17,0.7667474422587028,0.00050013966,202.0
b33ddde0-35aa-4ac3-8650-ac342572aca0,3.138754162359009e+17,0.051074359583274845,0.026360644,202.0
c75c814f-e97e-41ff-98b3-cfb2c376a341,3.1387101664903174e+17,0.0025365722999599757,0.003756836,202.0
bd017038-491b-4321-a9eb-aa9f1b29531f,3.139809479633142e+17,0.08380968507730348,0.0055234563,202.0
d1bad737-2f35-4a3c-b9cc-07e6352d097a,1.7002850059603155e+17,0.18918529695155048,0.0023747997,202.0
3356adad-e7cc-46e5-a283-b3d5fa242ab9,1.700285105422992e+17,0.3703127467057424,0.0009804153,202.0
7093caa8-503b-467c-8a1d-62068d2e527a,3.1396776676216026e+17,0.024756415307563045,0.0015894437,202.0
bd18b2c0-b387-47d2-985e-41955811a008,3.138710131410207e+17,0.004326027202020034,0.0057014236,202.0
05888454-11ba-4cc1-9730-bb11ea4d5b5f,3.139634060732663e+17,0.009181406601575575,0.0010351309,202.0
a8e61112-7bb9-475d-8d39-d1a0c1babfe5,3.1385351747325146e+17,0.0008182183095315849,0.0027806181,202.0
1e997c01-867e-43d6-8e65-501f602c2582,3.1367751737173606e+17,0.07958558554455544,0.052333307,202.0
0a7f1fc5-4c42-4893-9785-85b8b4d24d86,3.1387541679846195e+17,0.004030051062174763,0.008721364,202.0
eb499692-e445-42c8-9249-24426ce54e21,1.7002850060337168e+17,0.007521590998582815,0.0015351858,202.0
2e11469a-014f-42fc-bee7-faf3db0d854e,1.7002850055880717e+17,0.03971232264828496,0.0018301543,202.0
a3e0b193-f9c8-4fb8-933c-b9fa46cea2b4,1.7002851051608486e+17,0.04703901257389818,0.0014837269,202.0
c7742d82-4934-46a9-aaa6-25c40b67e1f7,3.138886270671915e+17,0.03871747979739888,0.008075483,202.0
e5f50bc3-2fb8-4beb-9bb8-9f6d52e2ea95,3.1388862720979776e+17,0.1388433333476786,0.007244801,202.0
8a11624b-e33c-468a-94d8-f1fd77aa0016,1.7001971631207226e+17,0.01053250713473752,0.0072893715,202.0
1e8a31b9-1755-4f6a-891e-1d6b5c9f4cd5,1.70028510507172e+17,0.0910112468147329,0.0011111621,202.0
757dcc73-26b4-462b-b2db-f65c06e93c4a,1.7004610163467885e+17,0.12797497930867716,0.028032724,202.0
003351c8-54e3-4c9d-bd30-75d182ca79eb,1.7002851122439795e+17,0.018968892431024634,0.0029753153,202.0
eb6b612c-4fe3-4b22-a061-af3efdeb3936,1.700285107950061e+17,0.0034093160359429282,0.0012277717,202.0
19898c3a-46fb-4f17-8d03-ae5b208bd820,3.1369508746952704e+17,0.03924606594552452,0.046082847,202.0
47dc4b9e-d800-4f53-9b89-a252a47c8ae5,3.1369508747581856e+17,0.0074453962175606014,0.0313158,202.0
6bb224d2-1a26-44cc-a895-149309e3488a,3.1385351741924966e+17,0.0024655050022672318,0.0022417472,202.0
8a203f90-a00e-4440-b458-57b5ea7ea727,3.138754166778757e+17,0.06044442762288498,0.0017724767,202.0
e6466167-a97c-44aa-96e7-755208bbae73,3.138886272202835e+17,0.40509220291504955,0.0022054978,202.0
70a489b9-bd6b-4511-8adf-c3ba4e84e3fb,1.7002852169757494e+17,0.0905327824238292,0.010224004,202.0
b84e5133-d32c-4cc9-af12-59d987921815,3.1387541519938355e+17,0.7916795019480315,0.07917873,202.0
4cb96699-5082-428e-91e8-1dfe2bde2032,3.13875415057826e+17,0.13357951419254996,0.0020180668,202.0
801960aa-3b21-4292-a43c-5a5b61077d41,3.1370828916352614e+17,0.004965462265326867,0.049928814,202.0
4cde0892-11b3-4a4f-bddf-da953e59c503,3.13875416772772e+17,0.0064088053601926796,0.0106183365,202.0
0075e4a4-4237-4d2b-bed5-3b1715a424bf,1.700285005986532e+17,0.000911503754614452,0.52360153,202.0
bd33bca9-f500-45cd-ab91-6f4f4238cbb6,3.1396340565121434e+17,0.06690894580082751,0.004337766,202.0
66949c7f-8fc9-43c8-9f8f-37e0c05fa4cf,1.700197163036836e+17,0.0033799191326369274,0.89655644,202.0
0a92127a-60a8-4299-b02e-e165e1018537,3.138535335489701e+17,0.017635365210508517,0.0012980826,202.0
cc7a411f-4662-4c26-a64f-1ec326076eeb,3.1387101323381984e+17,0.014732434905828233,0.012843015,202.0
8a172038-854f-4568-a1c4-93e45d6d8f3f,3.136907173607506e+17,0.1060482206094014,0.32870853,202.0
7af4e4bc-837b-4148-a3b0-8eb3721ab9c1,3.136775168060294e+17,0.009161928564274615,0.16339491,202.0
05713f7b-2579-475d-a188-ea41ea0bdd47,3.138754168508908e+17,0.1413440127903814,0.004756034,202.0
2e20f6e7-34ce-4afe-ba4c-1c677d62d88e,3.1387101329883136e+17,0.02826353928009855,0.016358735,202.0
334012db-39f4-4bc6-86eb-cdef246e895f,3.139721826035303e+17,0.0023165229489892835,0.016070323,202.0
0a30bde3-ecbd-4439-87e8-8e9bb901c2f3,3.136950875051787e+17,0.05813908944556254,0.02254417,202.0
427657ea-68d6-4ca0-8cc5-66633fed45cb,3.1399856992996563e+17,0.0024909180480174532,0.0033285597,202.0
0078f7fe-eedb-42f4-9b56-13b892c8809c,3.138710132757628e+17,0.018010187521469146,0.00337896,202.0
47c0a329-2f28-47bd-86fc-248dff909a69,3.1387541678535475e+17,0.03523364974273673,0.0059681092,202.0
8a312887-5d8e-4521-a3bb-f5e34cd52c67,3.138710131625166e+17,0.012515753437822257,0.0038699524,202.0
240ccaf4-4500-43f6-abb7-23551cfc57dc,3.1375667181387776e+17,0.008398522148474558,0.020816492,202.0
d152bbac-c4cb-432e-95c0-be22bc4b7d64,3.137082891373118e+17,0.14022964867172658,0.046621058,202.0
9ee76da2-4c75-4428-9c26-18a19b6a246d,3.138710131787695e+17,0.014632682022397002,0.11132595,202.0
0f8aa3f9-f80d-4669-ab2d-15d9c44b343e,3.1386220337037325e+17,0.3414643400163567,0.0019340382,202.0
f06342e9-9d93-4549-a6c5-d97b10ad9da8,3.137039049676555e+17,0.008425323304834767,0.012238848,202.0
0a8a9213-b1f5-4fc6-99ec-923881b5b599,1.7002852040310797e+17,0.13058569615303015,0.00059047685,202.0
f02e32f6-32a6-4544-b145-7590e7468277,1.7002851051398765e+17,0.2942615606147995,0.0016818567,202.0
d6b4a777-ab12-4bf2-826a-8367139180b5,3.137610422356542e+17,0.0656223566314338,0.008776801,202.0
8f56233b-3d19-402c-8792-c1da48906a28,1.7001971628271216e+17,0.004963535808858748,0.0037958028,202.0
f58a4425-1e88-4d90-b036-466c23ddcdb2,3.138886271741462e+17,0.009673248594150476,0.008752473,202.0
db905e97-2e97-4b04-abd1-639de0c0c1ca,3.138710145754728e+17,0.016185204909031442,0.03133872,202.0
14b8ef52-3f5a-4837-b0c9-6d108aac1b29,3.1370390492518816e+17,0.014635805833639302,0.004350345,202.0
1ee487df-323a-42aa-8bd5-472f5c308452,3.136995070401577e+17,0.05209328461749813,0.01770958,202.0
c27c4748-a8e7-4e06-9330-9a820b325810,1.700285005829244e+17,0.04083964959064407,0.0017731915,202.0
b2feef91-b925-411e-8f9a-e09307137cde,1.7001971627117776e+17,0.006696921390940132,0.005277662,202.0
dbd04a6d-6751-48f5-b389-a4630031f5ab,3.13998534777504e+17,0.16756872678491103,0.011334936,202.0
e0b00b4e-0ba1-41ed-8b89-2c0309b1fb56,3.1389738366664704e+17,0.00295397129048262,0.026777843,202.0
c71d711d-4337-46e2-9c07-ad748f2008a8,3.13862204440445e+17,0.014140912838604355,0.011023659,202.0
66a44e6b-c0dc-4b1a-aa14-18c2f16c0a21,3.138930231979542e+17,0.014439489402022155,0.0073008,202.0
33685c53-d100-44fd-962e-8d3a95eaed1b,3.1399856964055866e+17,0.0027200841212414537,0.07897292,202.0
f04e606f-7499-4425-a9c7-c16fd2474f22,3.138710143169988e+17,0.01933362681837929,0.0019504713,202.0
94690c98-a6bd-44b6-945c-799dcb6418bb,1.7003290801733642e+17,0.026910850363794828,0.0042891204,202.0
5c3f96dd-e456-4c7d-afa2-edfa9e14b089,1.700197162821878e+17,0.018285803646731984,0.047498226,202.0
7fee277e-0750-4e51-abc9-04be11c1db1e,1.7002851324605245e+17,0.012805318958703113,0.092204526,202.0
28bdbc81-04ce-4925-9384-e7e96acb0307,3.136907165989602e+17,0.07370480979991871,0.060245235,202.0
75bd15f4-a980-4ab6-845e-190d3ae5f78f,1.7009445640077312e+17,0.0015814339845043371,0.8335451,202.0
ae04660f-cf1b-4c3f-a7d2-7909dc3fc272,3.1385351748321286e+17,0.0076665922321530015,0.0017377944,202.0
4cfe1acf-9e4a-4c93-9c42-a7c020e12076,3.139985700657563e+17,0.011631776765009857,0.022234477,202.0
611a464e-33c0-40a4-abae-21d925c44dd2,3.138622035171738e+17,0.015109317338920084,0.0027638117,202.0
47b57810-da97-41e2-8064-60c3bf46097c,3.1369950512231226e+17,0.047673392234341264,0.0048812833,202.0
e5fb7c3e-a353-410e-b73b-e2b2a58c9244,3.1362912960538214e+17,0.0028028301417118186,0.99135804,202.0
3d9c598c-bbf3-45da-bca6-3d2eaf634832,3.1385351742187117e+17,0.005802674312552981,0.0023941088,202.0
33828df4-6b78-480d-82a9-71bab6d991a8,3.1385351753826304e+17,0.007052644906666821,0.0019247116,202.0
4259b2ac-27b7-47b1-bbc4-8113688d1086,1.700329091927902e+17,0.0071490343470918555,0.015684988,202.0
cc69218c-1386-45bb-80c0-a30a787a1414,1.7003291443095165e+17,0.07194084401912142,0.0034010548,202.0
dbea9db1-467a-4585-8518-399b7278bb0b,1.7002850056614717e+17,0.009685743519391913,0.0868772,202.0
f5a181a8-67a2-4f28-91d4-facc23b9bea1,1.700329061566383e+17,0.008024670979125457,0.0044199047,202.0
9ed7259a-4827-46ca-8805-3a5767c7dc6b,3.137566718809867e+17,0.021126862619473337,0.0027340145,202.0
c793a860-9f51-4aa8-a288-e7c7323dc3eb,3.138535014856132e+17,0.018232055491483275,0.0083971005,202.0
e0daba4a-1595-42ea-8d65-e241de54d30c,3.1376548056635814e+17,0.00980394452735904,0.9736815,202.0
428de9ae-babc-464f-8413-cb356355cc75,3.136995051333223e+17,0.4090948808261638,0.16878091,202.0
eb331d4c-cc44-4c19-8fee-d8d209ec2e25,3.138535174066668e+17,0.00517259567886473,0.00077433226,202.0
7fe574a2-5578-48c9-b740-2cd56a1cdcf5,3.138710143710004e+17,0.012203719618460396,0.19725081,202.0
faaba2f4-4da3-438f-8538-5f7275adac16,1.702571995100611e+17,0.005339192604644966,0.006013012,202.0
38338e42-8ed3-4b4e-8227-c0e8c7939c00,1.700461191060523e+17,0.44429109097574926,0.004770254,202.0
f5a276f3-4e2d-40d5-8bff-8ae05659ff07,3.1388862710231866e+17,0.06294886606149568,0.013832683,202.0
75c09899-0fef-41fe-8a2e-992931700a8f,3.1369071724855296e+17,0.037400076335022306,0.0346758,202.0
6b4a0868-dccc-4f24-9010-1e3b2b2e2935,3.136907167562465e+17,0.021835479551429695,0.025665093,202.0
fab2f76b-bc2b-4adb-a50e-6f07cd1ec607,3.136731072419594e+17,0.04034224278660012,0.0075501446,202.0
51f6ab10-b3cb-4b6c-93d6-e7df684e80a1,1.7023079717640614e+17,0.0012594632567810855,0.010898291,202.0
75be481f-2707-4e53-9e47-79068420dc80,1.700285164609865e+17,0.008192875175570768,0.04618799,202.0
613b7a7c-9c1d-4e9b-8543-add8b53794a3,1.7002850056876864e+17,0.012489383045215414,0.013978196,202.0
52035656-ec8e-4494-b74c-092f7c67dfe5,3.136995049718416e+17,0.17097658564651907,0.09447663,202.0
8f156832-1cb6-49e8-a3d4-b5bf27fc0ba1,3.1385349668628077e+17,0.0013949431541565175,0.9830368,202.0
75ad21d8-c27c-4963-89b4-c26648d50649,3.138535174108611e+17,0.007391900544314386,0.0011883613,202.0
850f661a-b607-4f61-ae5d-f9dd907f648b,3.1385351747062995e+17,0.003952080420667207,0.0015920285,202.0
33792aec-52fc-4011-8cc7-0a73729e54fd,3.1383145846354765e+17,0.013528691131043236,0.09570341,202.0
bd2cd23a-b093-4192-9cc3-190cf82d7e9d,3.137566718217423e+17,0.22811489555694395,0.004975341,202.0
94acc0b6-74fe-4fef-94a2-f6d94144e0fa,3.138710138026723e+17,0.002990631285394115,0.9422568,202.0
9e9f8a75-b5e4-41e7-98c8-52ac85b7d546,3.137610422010512e+17,0.22849997136989722,0.062260155,202.0
8f454541-6622-4c1f-ba56-10af7861c880,3.138710149665915e+17,0.03162394026894093,0.01892193,202.0
d6ea5cb8-12eb-4081-adb8-7a43280ef259,3.1386220078668205e+17,0.012453872389170902,0.020580692,202.0
6b793bea-4f5d-4c2f-9f48-ce26fb0883b1,1.700285005446515e+17,0.0018489911279946961,0.23512976,202.0
613ce6e8-ceb7-4dbd-b418-a4b342bb8bdf,3.138535178717103e+17,0.024114485356631427,0.002305117,202.0
f5701b46-e413-455d-86cc-802fcfe432df,3.138710131231949e+17,0.013323312589838937,0.0031338234,202.0
f5a8c18d-a937-47e2-b037-00947afd371c,3.139325957075109e+17,0.22810039407573848,0.00099871,202.0
0a7beaca-4f64-49b4-aa34-bd3ca5cf4124,3.13963359518589e+17,0.09037689206522578,0.014912538,202.0
56f648e6-f83d-4fd0-93bd-7a76c5787806,3.1389302295783014e+17,0.008449837303474437,0.12019814,202.0
14d0b7ab-63dd-4060-a0e7-9ce1e8b4a378,3.1376985875231546e+17,0.0644332860327028,0.07830194,202.0
f06e67e6-4f1c-4595-b480-c3b5c3ff2e05,3.1386220560226714e+17,0.010288600780943362,0.86862886,202.0
057832a3-ccc2-402f-931e-4c000407fd93,3.1396335934976826e+17,0.040427011850901945,0.017815262,202.0
ae1902ac-da9e-4e18-999b-8467a29f1910,3.138622015757354e+17,0.018137641375163483,0.17971939,202.0
28e05bba-4a1d-4549-993d-40ca245caa5a,3.137039049361983e+17,0.008786305484510783,0.16557908,202.0
f0844e43-c0a2-48e9-90e7-457fb02f328f,3.136950876624651e+17,0.08961194282314269,0.011133989,202.0
4769afab-af44-4b3d-8713-e93890dbf9cf,3.136995051212636e+17,0.047521811673582846,0.04910818,202.0
28f72397-8175-4598-ae08-02691cf665e6,3.1387541626159104e+17,0.002536279324809573,0.0059263953,202.0
bd05bc71-facf-4893-a0bf-57b20dfc49b8,3.138535331568026e+17,0.010472113616750227,0.0026063914,202.0
99a1199e-fb9b-440b-a8f4-c114a7f6e413,3.138710132243825e+17,0.03140881112369063,0.08456717,202.0
d69e8e2d-4ea3-45ee-b363-2bd746c1f8d7,3.1397218439240096e+17,0.1604617152832356,0.008104879,202.0
a8a6b8ce-bb9f-4e0d-91af-573226497db1,3.138710155648043e+17,0.014060718648273999,0.0071251835,202.0
0515a715-3af9-4ed9-a731-9d8dd737e145,1.7002848928609085e+17,0.1811625326106737,0.010713267,202.0
0f77e3a8-6a82-4e3e-834c-9e93f598d362,3.137566717179331e+17,0.02062326240166899,0.031815954,202.0
ffedf84a-7f11-410d-af1d-01225c0d95e4,1.7002851253669075e+17,0.019538039897344893,0.011562199,202.0
330605f5-d556-49ee-9978-41febd8746b1,3.1397218325050176e+17,0.025851621451748293,0.052874267,202.0
29243d62-00c8-464c-84a8-60f5f554a591,3.137082891671962e+17,0.028046063985647882,0.49974906,202.0
c2608e2c-c988-40f2-b012-444954c200d8,1.700460868733502e+17,0.07240085883144257,0.0066619865,202.0
adc23019-da6d-4f1c-a0c6-ea43f119e623,3.138622045835756e+17,0.02366974762083314,0.011925256,202.0
9977a5fe-5509-409a-be26-7f94baaa503f,3.1370828907806726e+17,0.4865940342086614,0.015030543,202.0
faad8752-e111-41b2-876e-2d2362242fbd,3.137214658893578e+17,0.0013000767177000828,0.021091253,202.0
5becf920-c360-4e38-942e-85c1673cf1fe,3.136995051653039e+17,0.4964830492434168,0.033312406,202.0
cc3c5d9b-113a-4a5f-864f-28cbb22f4d0a,1.7002851244074605e+17,0.009706108130597966,0.005314257,202.0
85220bec-7842-49b5-bea7-ee952088d340,3.1385351771756954e+17,0.011845660279295655,0.00088213134,202.0
9ed3bedc-3f05-4439-bd09-9640c6b00162,3.138535332721459e+17,0.00572284931154558,0.0035980819,202.0
7b037787-2e72-4d87-ad9e-63d665419433,3.138710151605782e+17,0.14816335805605518,0.001288064,202.0
28c2196b-5ae8-45a5-ac81-6f19b9802265,1.7002848579328422e+17,0.0075056458047863105,0.010690355,202.0
0a8ea188-f02d-41cd-9fc1-65e979b3c74e,1.700284858357515e+17,0.09785543055547029,0.0027421834,202.0
1ee326e4-3e93-4b68-accd-099ff1b78394,3.1389302322416845e+17,0.01196535360469882,0.0076735388,202.0
197dd183-890e-4eba-a79a-86f31c753d0e,3.1389302313084525e+17,0.009004420318926003,0.02028987,202.0
8a0166d6-f9e9-499a-b2cb-2dcd50877f6d,3.1396776683870624e+17,0.5239653241390012,0.0018670731,202.0
853336fd-78cf-413e-950c-b6198b662890,3.1369071733453626e+17,0.10654969186815465,0.08064253,202.0
23c0533a-8788-498c-bccf-aecd2415c39f,3.137566716932916e+17,0.018006054423705058,0.014879445,202.0
5204e1fe-69ff-4e23-8595-b50ac5387513,3.1376985859922336e+17,0.044555978565109476,0.09309493,202.0
2e388047-2e9f-48b5-9680-59350f4bc3c3,3.138710139295498e+17,0.00343009901153201,0.35888144,202.0
f5a6afc8-a75d-4c9a-bf4f-e7e772f252ec,3.1387101323434406e+17,0.01409522808452648,0.003122116,202.0
ff869459-b435-46d3-8b85-34c5c74a4f9d,3.138710155333469e+17,0.06820699511883474,0.007725896,202.0
a8e4f9de-8620-4f1d-9ed9-18cb1433c7f7,1.700285208560927e+17,0.22704292134777243,0.0011138445,202.0
42bfa6bb-63fb-420f-8090-8785d43892b3,3.1385353317253126e+17,0.008078046912243285,0.0012151714,202.0
b2d68768-34be-40ec-a985-c059dcdb5f0b,1.7002848584151872e+17,0.06036636417635882,0.008589957,202.0
385e1004-69e4-4542-adb6-b3c1e11172c7,3.137610422503343e+17,0.03923360405591114,0.014606471,202.0
dbb088f5-5be4-49a8-846d-dec278fed96a,3.1376104239084346e+17,0.16357311046038844,0.00733977,202.0
0a89ea8b-90f1-4433-9b1b-c2de9e9dc4da,3.139633595007632e+17,0.43966821429263364,0.020423682,202.0
75f061ad-4334-4537-bb1f-ed81e44eae8e,3.1367751648464083e+17,0.04818366342823527,0.010901851,202.0
f0165859-03ec-4be2-bc7b-fdb5dd085d96,3.136995068949299e+17,0.009512421205449477,0.06357078,202.0
cc4ffb36-5e4c-4c7d-8678-7e2ffb2735ae,1.7002849854763837e+17,0.12842712228336073,0.017844826,202.0
7af4fb8a-91f9-421a-896b-200176042745,3.137610422786458e+17,0.16288599262439044,0.012202925,202.0
14b3c104-9159-4917-80a3-ace4f7e33c14,3.138973840011429e+17,0.07511990255878864,0.0075743496,202.0
76000480-90bf-405c-8ae0-ecad416b517f,3.138973816858871e+17,0.03672882598962195,0.029121445,202.0
51d83a3d-f3e4-4003-9ea9-835ee6d5f1e0,3.13695087636775e+17,0.03775497039853789,0.04093985,202.0
ccb03263-c262-4077-a101-43e11cef8ebd,3.13769858746024e+17,0.058339567670225655,0.009926629,202.0
7087255a-63b0-49f7-a832-673d5feea34d,3.1387541521249075e+17,0.07659828683331127,0.010708469,202.0
d6c3a85d-4fab-4d4f-b122-1f8fbf033d57,1.7002850058607005e+17,0.13293377005855406,0.0008832292,202.0
00599094-a3e0-4f3e-9f47-4da2dac705fb,3.1385351793777056e+17,0.01784679295095118,0.002148275,202.0
d1afec1b-3c3c-4734-967f-fc0e8671c7bb,3.1396776670553715e+17,0.08068806752857365,0.001494147,202.0
ae06c839-2edf-460c-a63b-a6ab3044d03c,1.702396108063376e+17,0.006144643163185429,0.6122953,202.0
c766c2a1-5f1a-4019-ab6a-53cdf27d1f40,1.7002848570520387e+17,0.0251293730415362,0.0081586335,202.0
f03897bc-8bdb-4335-83eb-54ac4b7081c2,3.1375667301135174e+17,0.042196094712624484,0.017453294,202.0
d69ffb7e-2711-418e-afde-3e63ead4ff96,3.1376104226029574e+17,0.06742890526438498,0.025111815,202.0
cc3601e7-a21b-4521-b519-d62445d15807,3.13853501501866e+17,0.012459292510991255,0.0013364612,202.0
66353857-804e-47a6-936a-d42c95214762,3.139633593261753e+17,0.13407381020012388,0.05429604,202.0
ffe984a7-b16e-48cd-bd8a-1175dce552d0,1.7002848609841978e+17,0.10712695823852972,0.007951902,202.0
66420ce0-6c4d-49e1-bcb6-0308c3018b77,3.1397215332886125e+17,0.01022290239218578,0.024011653,202.0
f5a670dd-3230-4454-988f-07dbabd5bc98,3.137610423551919e+17,0.1001181296909198,0.16011469,202.0
38a08452-7689-443d-b205-1f8ef06ab31b,3.137039049183724e+17,0.025046488540102184,0.92416847,202.0
7ac23145-f302-45a8-ac50-c85ce2e8ac8f,3.138930230967666e+17,0.041166442883775536,0.008199624,202.0
23b8dee1-315f-4c02-b7b8-8c32744cd1c2,3.139853466531268e+17,0.04194411577520499,0.015166357,202.0
9ea22ec3-3b37-4c49-b81d-8c2ea757f86f,3.136907166880891e+17,0.3883056126368816,0.324634,202.0
dbd27355-3835-4fe9-9339-810f0b934ce6,3.1376104225610144e+17,0.19127138329773294,0.029599166,202.0
a8d39a16-bd29-4e86-8a4b-49150843199a,3.137610424029021e+17,0.3713807034174878,0.013643098,202.0
42aeedbd-d205-40f3-af47-c3bf31748a63,3.138930228036895e+17,0.019403643186905926,0.009546211,202.0
eb56b685-6c89-4d9b-9fef-ca10214564d2,3.137610423819306e+17,0.028243155510172,0.010004256,202.0
7fdadf42-321f-4f4d-9fb9-be0aef90b4a2,3.1376104227550016e+17,0.045407178865026335,0.02122399,202.0
666ed310-b587-4689-8873-48cae7cb2673,1.7002851075044154e+17,0.09816640267012694,0.00093031937,202.0
e5e2162c-47a0-489d-aba2-71b1ac4a06ef,1.7004609170309136e+17,0.03984772614773261,0.016171971,202.0
1e84d8ab-b4da-473e-86c4-28ca4a22535c,3.1398094804562746e+17,0.0478844427437062,0.0016762704,202.0
570f89d3-2f6b-4b06-bda4-342f52e8a066,3.139281944266671e+17,0.0026102797022620056,0.0031647407,202.0
a91fcc62-8572-40d1-984b-9f77daa69f0a,3.13853517427114e+17,0.005555559743836124,0.9345446,202.0
94b41fbc-6bb3-4b4c-a66a-da300b6e18f5,1.7002848566797942e+17,0.008343465976336591,0.00470941,202.0
99b46eb8-f65f-4f8f-b7d7-96b8607f34ca,3.139809451982193e+17,0.26318472469019544,0.22961305,202.0
8f1e7c7b-64a2-4be8-8521-39d3f7c3bac0,1.7002848585305296e+17,0.19413165821157816,0.0024102586,202.0
6141420b-a5da-415e-a6e0-4e5948cc5a47,3.137082891200105e+17,0.30893228544933027,0.027468903,202.0
ae26b139-774a-4c85-8e97-4d9645fec88d,3.138710151763069e+17,0.001964203727031687,0.0067073023,202.0
6b4b19aa-9f46-488f-821e-d021e3380e90,3.138710135027794e+17,0.06435525383621905,0.35066178,202.0
a3cd8d61-0785-45a6-9aba-20f36b15f1c4,3.137610422157312e+17,0.14180141951115524,0.014616747,202.0
c71c2c39-57e1-4b25-be37-5ce93bec30c7,3.1389302284930266e+17,0.18596801568932408,0.007134218,202.0
662ce881-2522-48fe-bfd2-429d160a6439,3.139633593392825e+17,0.10776445732005367,0.020461444,202.0
cc86cbbb-7b16-4658-b02d-f15d7d8f87c2,3.139325663112069e+17,0.002716969446311887,0.0045548873,202.0
75a02b85-17ff-42b3-a23d-a1a66cd64172,3.136995051941397e+17,0.01092801784425483,0.009974939,202.0
9e8761b5-bfdd-4a5e-a6bd-4387557350df,3.1397218310894394e+17,0.010737418653011943,0.013526317,202.0
9e8e37e9-0aaa-43ec-8523-21a8c50caa3b,1.701076608142541e+17,0.0007970132279398015,0.074674934,202.0
42836403-67dd-4735-add8-4f6c45969230,1.7002848623735613e+17,0.5462746207545667,0.0030601996,202.0
478d42ba-0488-48de-ae66-3c3610ac5887,1.700284860669626e+17,0.03652098436557122,0.030418228,202.0
14a4e39c-921f-4115-88f4-31bb2df7b1cb,1.7002848617444173e+17,0.08363586741349088,0.09748591,202.0
75bd5e57-3b82-4a00-b817-da1012ded97b,3.1376104223722714e+17,0.012865096404105802,0.025774032,202.0
e64d0b82-79fc-4461-8bcb-a7c5d8f91b21,3.1376104222726554e+17,0.2026881550106769,0.007156433,202.0
056d525d-4887-4929-9f59-65acf4a3dde8,3.139721534431561e+17,0.033638233013276626,0.00355617,202.0
0f9c4079-042d-4230-a035-ed1f6069929f,1.7002848586563584e+17,0.0007027486981697461,0.0014704153,202.0
84db490c-9756-425b-ace1-4e38b146809c,3.1376104224351846e+17,0.14703585841117264,0.018305242,202.0
fad1d1c0-37b8-4ee2-b1aa-7b9160d876c8,3.1370828916667194e+17,0.25176194900654464,0.02183319,202.0
426f9123-73d0-4355-9996-604c20d47bc3,3.138621998870038e+17,0.029268203036795715,0.013622631,202.0
5c5cecb7-7766-4984-8933-37d650acddbf,3.1375664942573165e+17,0.6141335164755871,0.010596977,202.0
8f4c5b78-8787-4fd9-89dd-b8e36fb9e98e,3.139985391983002e+17,0.24521271479591392,0.02968211,202.0
eb115a3f-a264-4d6c-90f8-53707b4418ef,3.138930229352858e+17,0.2728941445548787,0.03313561,202.0
148f58dc-8dc5-4d26-862c-fe117028626b,3.136950875392574e+17,0.27638301003693994,0.0086511895,202.0
19ccae7a-1bcc-475a-8ff5-39197498f0c3,3.1389738383861395e+17,0.01132639624684163,0.0071361545,202.0
7a97718a-ce28-40b1-80d8-e29ba5c78ec9,3.137566718427136e+17,0.09768087017809957,0.0013049231,202.0
6b4bd9c2-95bd-4f19-a519-14db1c2e6ae8,3.137566715879097e+17,0.012859184018126048,0.026010236,202.0
42685180-3eab-4ca3-af46-682aa12e1b2c,3.1387541522979226e+17,0.03254705093265703,0.012928095,202.0
3d6692e0-a421-445a-8378-131f57e02925,3.139809485840713e+17,0.04180717048589943,0.010521707,202.0
4cec1de2-afc3-492a-a2a2-ba54d95a63e7,3.1387101312948646e+17,0.0066368025370747725,0.0035738235,202.0
7ff00a56-2d82-4ab9-a2dd-10490c93e339,3.138710131305349e+17,0.008593500185894953,0.0038083172,202.0
5c593489-880b-4ccd-b644-58924a026f6d,3.1385353354687296e+17,0.013044779862848892,0.011206615,202.0
dba728f7-f0cb-404e-8948-8ba73ba32e67,3.139634054231491e+17,0.012721188464629787,0.033260852,202.0
a8a52dd4-4699-412f-a1f0-962b54e315d6,3.136819136582124e+17,0.041218116606190285,0.09577353,202.0
dbcb8f1d-3796-49d6-a57f-44c3cccbf5d4,3.1396335939747846e+17,0.14816481869177148,0.0032130172,202.0
4778b201-e8d1-4fea-8de9-7178f264808d,3.13897383926694e+17,0.016738759608001492,0.025233274,202.0
198a7d33-2f8a-4d92-a0b6-8042708a72e8,3.1397215326384954e+17,0.20495302682002614,0.008621617,202.0
2e0902eb-d9d5-4f23-963e-e866757c9be0,3.139633593308938e+17,0.22016083122910182,0.007022168,202.0
b8397071-e4e9-412e-92b9-23f1afc19a36,3.1376104235047334e+17,0.006392528826346013,0.015127847,202.0
dbf14a27-ed8f-43d2-9263-de157d67b408,3.137610423295017e+17,0.020033869787725072,0.12608986,202.0
335223e2-9924-4cc7-b427-89220a4bbd2e,3.13761042377212e+17,0.3420205468735722,0.030786728,202.0
2dfbe6c1-bb2d-4e31-a0b2-e1d0aa740d7f,3.13897383688143e+17,0.8890089187009327,0.008320445,202.0
2de9d18e-e217-4c9b-84a4-35bf2886fc52,3.137082889952297e+17,0.6414653438911438,0.023975376,202.0
cc4eed84-e454-4d18-a8f7-4144ebcb99cf,3.1389302280893235e+17,0.06490140919254199,0.24392319,202.0
1ed00f40-492f-4f95-b910-f12f833a0b91,3.137610422335571e+17,0.055412054026359646,0.017575888,202.0
d1d04756-6150-41f0-99c0-6cb8e7a0d3f6,3.138973824413861e+17,0.01365468068685245,0.032124616,202.0
9ec72bf7-8e77-46dc-897f-983a248da89d,1.7002848982872886e+17,0.043131381447315154,0.34044576,202.0
5bf9dd2a-3851-4dcc-94e2-8271c0eb6001,3.137566716885729e+17,0.3603554925112029,0.026547812,202.0
3d8aa81d-bde4-4b8a-9503-79f2fe9dfd19,3.137390739896402e+17,0.14174520380081887,0.022725547,202.0
dbd58efe-d4ca-475c-abb9-f0ba43c9cb8c,3.138710144978781e+17,0.03711423302724387,0.007589243,202.0
2e578014-42bd-4994-b711-20ccb7424e63,3.136907172454073e+17,0.012345277647607194,0.0068539623,202.0
4cabbb30-d6fd-4c9e-b950-c6875759680f,3.136907170031862e+17,0.08637573439331138,0.007875482,202.0
7ab4857a-e9a8-45c0-aeb4-2a26f5be4de9,3.1369950504576614e+17,0.2145616708066044,0.012549771,202.0
99b87fd7-67de-4821-8998-232effabfa07,3.136950876708537e+17,0.053963771564121826,0.005545161,202.0
dbbcd031-783f-49d5-b668-83238ec5b10b,3.138886271038915e+17,0.18781325973728763,0.0014382508,202.0
99b64806-9489-49e9-b50d-bc977caed07a,1.700285265110632e+17,0.031855025214297866,0.004843898,202.0
f031c66d-6e37-46df-a7e5-7a5e82c17c15,1.700285265121125e+17,0.00278343518868958,0.0032233405,202.0
99c55cc5-2d4b-41f9-a7f5-7af054ec0d0a,1.7003291598808682e+17,0.0028055769675354664,0.011958954,202.0
5c0eb080-caad-42c3-bb1b-80634756470c,3.1393256620844646e+17,0.03762108790925154,0.13379619,202.0
0046d02c-7800-475c-9faf-42ec4b5819e4,3.138930217383363e+17,0.0055441177957337206,0.0025254511,202.0
291d3bbd-c725-43d2-8445-a202c274cc83,3.138886270871143e+17,0.05912553473013577,0.003734087,202.0
4cc27c21-b3de-4ccd-96d4-e7f95239caf0,3.1397218270262074e+17,0.03340028935310334,0.0052352794,202.0
e6417124-e444-40d3-8ec7-a8c004eca491,1.7002851103565418e+17,0.47141890237685347,0.0009977212,202.0
850ab331-2c8f-4a3a-9744-a5c6433d9a83,3.138930217619293e+17,0.38911663967211246,0.74117327,202.0
38733078-e3b2-4817-9a86-64cae48a35fb,1.702967720589395e+17,0.004916650544764622,0.5490804,202.0
23a781b1-f405-4c02-863f-54500bbb88de,1.7022639337635843e+17,0.002779721545700925,0.0030107007,202.0
70d072ca-7724-4870-8af3-0cadf79611a9,1.700284857193597e+17,0.0026557688119769204,0.0032392011,202.0
9447228e-98eb-4e40-bcb1-92085d5d9b0d,1.7002848584728586e+17,0.200944446791996,0.00893719,202.0
7069f9cf-4c53-453f-bb64-4e7d7660cb5e,1.7002848609841984e+17,0.03373773580891777,0.001907001,202.0
ae15bbe3-9737-47e8-82bc-610d8d866617,1.7002848572565107e+17,0.025579529853757915,0.004374741,202.0
0a30c64b-e73c-44a0-8732-61ced250910d,3.1396335939328416e+17,0.04745829381385086,0.004288372,202.0
51e116c6-7784-4aff-8a3a-33e7d2a9d136,3.13761042380882e+17,0.39140451044441776,0.011460348,202.0
a8e94814-eee4-4eb7-bfcb-a5de38dab77c,3.1389302305010534e+17,0.0715279259467226,0.04337902,202.0
ff780aed-705f-4c3b-ba2e-015fc43a5f25,1.700284856449107e+17,0.06350869470312825,0.0012721764,202.0
99cb370d-497e-4610-bd8e-1c4b47cb80e4,3.138930230002975e+17,0.5955114685317998,0.344439,202.0
3d7d8de4-f128-47a2-a48f-e03d290759a7,3.137610423955621e+17,0.524931228948818,0.012702619,202.0
61180404-347b-4416-a520-39fad280afe5,3.136819140603413e+17,0.4583896802272752,0.001459628,202.0
f05c13f5-c73e-42a7-81e9-1ec48116c391,3.1376104239765926e+17,0.18979534806910983,0.0058070966,202.0
faa54448-c059-4f1e-b1fb-f602f3d1dd31,3.138930230768436e+17,0.316793656089644,0.018365636,202.0
f0569e65-37ec-4fc9-9e87-e5e6484c7737,3.137214658416477e+17,0.04594151273386471,0.02985463,202.0
8f0411fc-b497-496a-b40f-2409925443a4,3.1370828905814426e+17,0.23045355252041577,0.017311722,202.0
28f326be-3bcf-443d-b537-87d7f5808276,3.137654805621639e+17,0.004674505491402326,0.0146377245,202.0
5c306600-ec7a-43b4-b5ab-e79fe63e690d,1.7002848577231286e+17,0.06233027142775944,0.010892382,202.0
c7873b63-d37d-4842-8fa1-38e19b0ff512,1.7002852786372624e+17,0.0034511305990050584,0.05505222,202.0
d6a1ec0a-74c8-49b8-93c9-1105c6c550d6,1.700285265110631e+17,0.005179505565157523,0.008231972,202.0
292db27d-546c-4ae7-a7be-5b476b984996,1.7002852787054192e+17,0.004099588597104132,0.007537189,202.0
4c984238-a459-481a-9b29-3030bc0d0c25,1.7002852678683862e+17,0.048786201162597395,0.15042682,202.0
0a7721c2-8163-47bd-939d-21a14737027c,1.700285274584515e+17,0.013510663028595812,0.011116806,202.0
75d07fe7-aa0b-4927-97b6-5e256695f67b,1.7002852653308323e+17,0.01222252092257002,0.0036197864,202.0
75e3d45b-a980-4cb0-8b0b-be5ea81ecf00,1.700329022674699e+17,0.7161732050562797,0.0011346898,202.0
9e6f23db-39cd-49b2-927c-555d8d36a00b,1.700285265121116e+17,0.12912215896666268,0.024169795,202.0
70894959-803e-457f-8b70-00b12e3e6367,3.139941407029985e+17,0.001210851066281698,0.013633566,202.0
850d835a-6315-4c61-8dd5-f8938f3996a1,3.138886272365364e+17,0.1587538801471519,0.007963428,202.0
8a3e03f9-cb80-4dbe-98b1-92f80c8670e4,3.1400301520905837e+17,0.7819504775069303,0.016256172,202.0
8a18c41d-e8f8-45e3-8d88-d25ef5126fb9,1.7002850055880707e+17,0.02895339241557073,0.0009898994,202.0
a8c97f62-68d3-43d2-91b1-941789128efa,3.139721832321517e+17,0.008338910576312378,0.02274748,202.0
1ecc74e3-1cf5-4537-b442-818e62956955,3.138710164403652e+17,0.34162818094726954,0.19755836,202.0
19a38fc0-dc50-40e4-93a6-6521a87e9742,3.1388862721032205e+17,0.05292562516330445,0.0023713042,202.0
c25d59af-5b6c-48bd-8399-6b9d03faf6ad,3.13972182699475e+17,0.16041523852382833,0.023107504,202.0
664e4274-1823-4d23-8cb1-c56c915b026b,1.7001969644208128e+17,0.000995846308802352,0.8567143,202.0
d6effb40-4782-40b2-b5c1-5bf5651ff9b7,3.1389302326873306e+17,0.016354285941176896,0.013673404,202.0
a3fdb1ef-5199-4773-82b6-1995aff7effd,3.139985392082616e+17,0.017262939011015378,0.02495614,202.0
8f226831-fe28-4123-9613-baa7e0354743,1.700284867259925e+17,0.0013262380697242047,0.0019306766,202.0
4c9a62ab-9538-4450-99d6-29475c48a3d8,3.138930232587716e+17,0.3720908262592657,0.009238287,202.0
f5918761-56f8-49f3-beff-1fe0e9ff7d19,1.7002848568265952e+17,0.11682936886523072,0.01750415,202.0
8a4b5373-7e77-4f75-a40b-12331c89b0b8,3.139633595275018e+17,0.014517176565500615,0.5657102,202.0
4d01af52-171f-4e41-a4ee-f1112c7640ec,3.1383145850286906e+17,0.33995432110337537,0.047591224,202.0
a915c139-1267-42ce-8ee5-1aa5db174349,3.139721534468261e+17,0.14051810467508774,0.008395954,202.0
8a1545a9-5d49-4b22-b74c-ef0dc0dace80,3.1399853943370554e+17,0.12925426125980968,0.0043751625,202.0
f54dfdbd-cbad-491b-8d05-1c51dd9c7ab0,1.7002848582841152e+17,0.011634638595996638,0.0014600694,202.0
007ce09f-bb55-4559-abb7-7c318758fc48,3.139633593298454e+17,0.0018311021893834558,0.054057863,202.0
a8eebc78-b4ac-4923-8f6e-ab9b5f545768,3.1363793573851955e+17,0.48547833546401875,0.0019487054,202.0
8528162b-87b7-48d6-bb8c-225331f767c4,3.138622007562733e+17,0.004748308533904217,0.0009408684,202.0
9953b51e-7828-4d47-9ac2-a1ae8d0a23f6,3.139633594818888e+17,0.09945974811179864,0.005899125,202.0
75d821a9-b04e-4264-bd3b-ca295c3eab75,3.138710137733121e+17,0.23207979681574242,0.008540056,202.0
3d5b300c-a1fc-43a9-9752-670f0a387144,3.1376104220734266e+17,0.22089084603218667,0.0071918024,202.0
d1a88d28-d446-4140-9db2-c9cf4c669675,3.1389302324933434e+17,0.0958432455656061,0.01345323,202.0
801d9dad-d9af-44c3-ad26-5bf2e4f5bc82,3.1399853919725165e+17,0.16252547179213822,0.019081568,202.0
bd0e6b6c-6fb4-4559-a7f5-8bd76368ed33,3.1396335952173466e+17,0.4338282479723287,0.003120682,202.0
c2647c90-a7a0-4a5e-8dac-05e064e504a5,3.139809452165694e+17,0.2378649079956789,0.20502639,202.0
dbe95a56-7fc6-47f7-a698-4aabeccbf20f,3.1396335940377005e+17,0.014650948965196114,0.005638171,202.0
d1abe40b-5915-4a76-a683-17aebc033bd7,3.1387981886364064e+17,0.1552246848239552,0.01691898,202.0
e10773a7-d600-42b0-b7bc-5eff6c36d60a,3.1370828913206906e+17,0.3645429280545867,0.017192693,202.0
f01befe5-c729-4199-a31d-60443838656d,3.137610422681601e+17,0.01746578718061559,0.019042602,202.0
6139710d-3bd7-410d-9c46-5720a2cdd2a5,3.1376548066020563e+17,0.5948332217750724,0.014661715,202.0
adcebc5d-2405-4f02-b7ad-15bd2670fb66,1.7002848630813523e+17,0.0035051412651628377,0.004155105,202.0
9ecc4e01-6435-44bf-9611-9a509af785d4,3.13708289143079e+17,0.05278512678370833,0.03598105,202.0
0a9e1957-94ff-49f3-b29f-4fcc6b94388f,1.7002848935634534e+17,0.06488019202579713,0.006976201,202.0
dbd3947c-65e3-487d-9e5f-aaeec6bce18b,1.7002848623211315e+17,0.5965998631896345,0.0012364635,202.0
99727eb2-3b21-4b79-9348-0ca5b68a47b7,1.7002848772109114e+17,0.05849635346578964,0.004890897,202.0
f0190ee7-2e91-4000-ad70-e606c27a4c3f,3.13699506933203e+17,0.01958612084988953,0.0040481356,202.0
28d839ac-791e-41dd-9081-009b6412bf58,3.137214658856879e+17,0.6038771618523617,0.006731343,202.0
a3a50179-dfdb-48d4-901c-3d3dc942cb1b,3.1398094510279885e+17,0.7692380283183536,0.027723184,202.0
9e7a3852-8657-41e4-a88b-8c17de7fbe27,3.137214658678621e+17,0.020796209146217614,0.19015141,202.0
23dada2b-b3f5-4d1a-83db-02d47872fb60,3.13721465862095e+17,0.028030228038667535,0.035735987,202.0
bd6760c8-3929-40ce-a84f-d7c77e8bc42f,1.7002848813108435e+17,0.07233454375792644,0.0017059324,202.0
eb1e1483-db24-484b-98eb-8e2e63bf2a64,3.139809451400234e+17,0.005402354459277985,0.06067118,202.0
e10946f7-970d-488a-91aa-5a2992aedfb6,3.138622044137064e+17,0.05710116754644454,0.0075748684,202.0
e642e93c-9c09-4dae-9e21-6e13e8b7460a,3.137610424202038e+17,0.06373385311791707,0.046935692,202.0
7ab5ec45-8a79-4c52-9ce4-26c94d2edffb,1.7002852665104797e+17,0.02922861888183568,0.0010871042,202.0
a8d539c8-6c88-4508-95df-cbcef5c4fa50,1.700285273221367e+17,0.047495354679734536,0.0076416307,202.0
adca2534-8b3d-430b-88ec-cab244463472,1.700285265121125e+17,0.0721395878046662,0.02579861,202.0
0f4ed29e-d3c8-45e8-bd1b-487e1a3136a4,1.7002848866690675e+17,0.021121177083042342,0.006842264,202.0
fa90cde8-7e6c-4446-9c0d-e8ce3912645b,3.138930228529726e+17,0.3266403815746378,0.016809924,202.0
7ab9ab48-dd46-4be6-a8f0-c160daf2f806,1.700329193335686e+17,0.012071553684062071,0.006098079,202.0
4d0f56df-9dc1-41bb-8f3e-7294487655fe,3.137522451643106e+17,0.07300975094228047,0.0062460075,202.0
d68c62a8-ac1f-485e-9817-66eb1321386f,1.700196964509946e+17,0.03585303669005338,0.004119552,202.0
3376c13f-9a2b-407f-99d4-1b91424dd7ca,3.1387101511077075e+17,0.0015819934015569627,0.20182544,202.0
47c75bf5-0cc1-4eea-a04b-11127139200d,3.1387101390386016e+17,0.03181044349337867,0.066260286,202.0
56e018c9-dab0-4e8e-ad54-a56e7d5d8b7d,3.138535336884307e+17,0.024429779659306046,0.0018599322,202.0
331d0b5b-8b96-4184-9648-eb3b922d4542,3.138710143615632e+17,0.2170131795114394,0.00081399205,202.0
99c29f1c-ff57-4df3-bfd6-4e71be2c225f,3.1387541683883226e+17,0.015379145770873869,0.0014353042,202.0
80115e3c-3d5c-4533-8947-d1ca61619d53,3.138754167963649e+17,0.012953098187591019,0.003022599,202.0
6b5f6204-cbbe-48ea-87f0-5d0c06221117,3.138535177464054e+17,0.24692259449809464,0.0016299827,202.0
3d8ca056-0e6f-43f9-a192-232b3b1dca69,3.13875416836735e+17,0.32426057475646314,0.006253189,202.0
56c1ed8a-9a64-4443-99e2-67ab33ee9099,1.7002852529052227e+17,0.5231069218089501,0.0031605049,202.0
b2c8126e-9b50-41aa-af35-09b42c35b886,3.13871013384816e+17,0.15550081479260494,0.10849542,202.0
e0cd6b6f-764c-4eb3-a059-d31f1bccb28f,3.1387101473695334e+17,0.04847719661532857,0.25148633,202.0
853788a2-f890-470d-ae6d-c597fabc7873,3.1387101525704723e+17,0.07239870691910684,0.0454629,202.0
6b82c099-8789-4a2b-a778-f053261510c6,3.139853493117911e+17,0.3942748528942792,0.0013371357,202.0
8a49039c-520f-43e4-b8a3-a76f44c46c9a,3.1385349767666086e+17,0.5869050568777318,0.0031179339,202.0
d6a2723d-5180-44e3-a204-e80d7c40fb2c,3.1388862701738394e+17,0.1486234856471925,0.0037785196,202.0
573ff513-ea69-442e-b923-848eb31f046e,1.7001969632568947e+17,0.009892265455268216,0.054992527,202.0
8f0acce4-759d-4b7f-95bd-de2e46ce6b49,3.1370828906967866e+17,0.4232720454947254,0.013069883,202.0
3d5fc4d7-7033-4651-b064-66f008225b89,3.1376104235991046e+17,0.4351418091972498,0.0095987,202.0
1474a215-0803-4d7e-a13b-657e6c68bdda,3.138930231151166e+17,0.026752305876753597,0.02024842,202.0
c294c2f2-4643-44b2-b1d6-e8ad75f824d3,3.1376104240237786e+17,0.5322110530700952,0.033044007,202.0
a3b7a373-0fe0-4816-8487-08ddc0a075e9,3.1375667302603174e+17,0.020998477303375694,0.015969438,202.0
610e3f02-e956-4617-bb5d-6fed97ae7a6d,3.1369950651272403e+17,0.18448479515933575,0.0010035372,202.0
51c8eb9f-e0b4-46ee-85ae-3163715bb458,3.136995233025229e+17,0.05377363408775756,0.0012386038,202.0
6bb82a1c-2636-40c1-bd8e-9260ff8e52cc,3.1398534841368595e+17,0.13360485224273475,0.0015341426,202.0
bd64c4dd-3cda-4e05-9c33-50a58f78624f,1.7002848611886698e+17,0.1862366656800215,0.0011283769,202.0
054dc9a7-265c-4dd8-943f-baae5d251d38,3.1368191381759597e+17,0.02576921998806975,0.0044514653,202.0
e0c2693f-c1d9-4a65-999e-8a6dc7a25f6d,1.7002848823384477e+17,0.09052976530411272,0.0018536638,202.0
5c4cbdb4-e194-44f6-94f6-067fa58b2323,3.1370828919550784e+17,0.06457055482257103,0.017282005,202.0
0a3dee4d-e12f-4dcc-aab8-82d5532f3ed2,3.13677516706939e+17,0.028386192992224064,0.009035982,202.0
38a4a5a2-5b06-4766-8c16-956098f4ed52,3.137039051270391e+17,0.021894128771166466,0.055718463,202.0
51e9bb86-d73c-4ff8-9d5c-9aa37a39d29a,1.7002849094913232e+17,0.6404585011263857,0.0048204684,202.0
5c6ad635-3706-46f7-a5a2-592846345cd8,3.136995068666184e+17,0.0259254243076263,0.026627887,202.0
14bd4598-a7b9-4a8d-bd7f-f739c86ada28,3.137610424175822e+17,0.1742229593724104,0.0041854763,202.0
f047e092-e744-493a-b148-56d0ce2bea01,1.7002848583889725e+17,0.7810403552412336,0.0017457486,202.0
0a3a119f-d19a-4031-95d9-e899271f5d71,1.7002848671655526e+17,0.3246789334810697,0.0014838282,202.0
d1aa959e-6a59-49e8-af52-ee20250d6298,3.1375224560261536e+17,0.1007412943939166,0.0058703483,202.0
23d5ca91-0db4-4d47-8be0-b483c9f700e6,3.138798187535402e+17,0.24441760380833105,0.0021327601,202.0
7abc61d4-85f4-4e87-828c-9601cb7f88df,3.1367751655070106e+17,0.2699885295290143,0.02781081,202.0
28ff8b53-9ba4-40fa-a305-89f6c393332c,3.136950876184249e+17,0.5320818111029999,0.006068797,202.0
c23ff9c0-542d-463d-a4ba-d1ba517d4a24,3.136995069347758e+17,0.078440009785525,0.0013353055,202.0
c241cc4b-e63e-4a9c-a23c-7f64d2542069,3.139721532979285e+17,0.08507635768654544,0.008664307,202.0
850a8fbc-eb53-4c66-ac86-e93209ef1094,3.137654806785557e+17,0.3273140860560887,0.012620098,202.0
bd098bf5-cf7d-422b-b7fe-091585a949d9,3.137302597803705e+17,0.09574544514438432,0.003202494,202.0
28c90253-5f06-4073-b29b-34842d2cb0d5,1.7002848886508758e+17,0.047375726517211815,0.023691928,202.0
99577f6b-6f7e-4b0b-99fe-6c738ab5cedc,3.1375224557744954e+17,0.06646766239206608,0.006526973,202.0
bd277085-3ae7-4229-a41c-d05149bf39a8,3.137082853807883e+17,0.01978502693411452,0.0020479865,202.0
70913912-31ce-47bc-86d3-a65cf07302b3,3.139721532874425e+17,0.002723127981107061,0.96951216,202.0
5c446cfc-8443-4185-8c4c-45205c21cd76,3.138710145723275e+17,0.03562129714879796,0.08177325,202.0
7fc49e1e-ac44-4525-8084-905f9a3497e0,1.70028526585512e+17,0.01323757240516995,0.0046771592,202.0
8f37179a-196a-4ddf-a8d0-fa2a6c6973ee,1.7002852648694595e+17,0.06023790190731022,0.0051806886,202.0
7fdc1b27-cd33-4309-9d7d-928f7fbf5c21,1.7002852875658864e+17,0.004551075023393343,0.017204348,202.0
4cd41fcf-2d54-45fd-bab5-5b2d0bb77af1,1.7002852649166448e+17,0.02369253369605346,0.008313911,202.0
b80c74be-6838-42eb-814d-1cffd0bbfd85,1.700285271816275e+17,0.005095171401283682,0.019489706,202.0
84f7388b-7c53-494a-94f1-737fc494cf4a,1.700285264953344e+17,0.011427394988257292,0.0019866938,202.0
66adb842-3c31-4e69-a22c-b07e3cc3d572,1.7004611505854874e+17,0.013861083013906076,0.08525945,202.0
6644588d-a77d-4ccf-a152-e6b6d4761c04,1.700285265173546e+17,0.01888640608060418,0.003292268,202.0
adf5ffb0-4ca4-43b7-8976-d1577d4a4084,1.7002853094129674e+17,0.00872163231994014,0.001559795,202.0
e112e01e-09bc-4f4f-b5c6-d06ffeb0b762,1.700285324365662e+17,0.0056776830978494475,0.0058591617,202.0
75e08af7-bba0-494a-b7be-6af964313a96,1.700285266541937e+17,0.15631323651820245,0.0017686469,202.0
0a64328d-db76-459c-9f61-380383d1adf4,1.700285280058083e+17,0.017402709509595063,0.0011263883,202.0
7b05b4b2-b4cb-4b84-ac7f-79644f2a937d,1.7002848569629094e+17,0.005986716915593329,0.0012905013,202.0
3360a263-506a-4495-a9a2-8c522650fe85,1.7002852652993834e+17,0.10964288442650291,0.0077834525,202.0
5c275dbe-ccc6-4d5e-a8a1-14d4f4292fb4,3.1392819523878925e+17,0.05877512027161978,0.042980067,202.0
5c253e48-fcfa-419a-b066-ad8456b45c2a,3.139721534767104e+17,0.09659969068261524,0.0490046,202.0
a3b8a62d-1b1a-4d0d-94d2-69b826ed7273,3.1387101517683117e+17,0.02560536300610593,0.2541972,202.0
19eba66a-78cf-4c0a-8542-c3be5d8ce0f4,3.139633593665454e+17,0.025659425229142347,0.010946964,202.0
6b8ebd4d-5bca-4322-a9d7-0717adf64f7b,3.137566751829527e+17,0.004170865587716637,0.17465101,202.0
0a541d75-8087-42c0-b376-733c4a854703,3.137830318893958e+17,0.0011893453666121663,0.0676353,202.0
0fa37420-4367-4c84-acba-94a0ed24d735,1.7002852653151133e+17,0.0027795648455374044,0.05525321,202.0
56f2d631-a35b-4f94-ba3c-1cfdc797dde3,3.1370390503371584e+17,0.032118400650844176,0.03546663,202.0
4cecb47e-68c6-4d42-80f0-e76ffa2fd124,3.1387541504157286e+17,0.14501219192209644,0.016851563,202.0
94881adb-6911-4b94-99a5-10d46fcca63c,3.138754162773197e+17,0.2642751040808074,0.0073479493,202.0
2df0f533-b111-44b4-b2ab-3ddd355f3b0c,3.1387101438201043e+17,0.2327465643377646,0.0007305569,202.0
2dfebc83-ed6c-4b33-b2b5-7fd826710057,1.7002851049773472e+17,0.033924585455794104,0.0009916123,202.0
d6b9bc4b-08d5-4d3c-8a89-9e66e719f4c5,3.1388862732723834e+17,0.15334686867842515,0.0012897486,202.0
19ea6f9e-c594-4628-8413-1b912536e124,3.1387101311008774e+17,0.03348265347842519,0.024080884,202.0
664465ec-226f-449d-a966-a916ee5b67e3,3.138535338394256e+17,0.26217880966859164,0.0023083137,202.0
0068d229-0b49-4dae-9d47-4e6d8caa3e5e,1.7003290589030003e+17,0.0024752930912790897,0.12456401,202.0
0f47a35e-b26a-40e4-8896-673754bd29f6,3.138535333712364e+17,0.2361605828035817,0.004199311,202.0
e0ae79a8-8d7f-4b3a-8d36-8ed532cccf98,3.1388862722395354e+17,0.03958699994883287,0.007175571,202.0
f55df9c1-4f7a-493a-9e98-34995f063bf4,3.138754167774905e+17,0.32045461926509017,0.019654788,202.0
8f6461a2-3b49-46e4-8ae6-85ef90cb7947,3.138710132930642e+17,0.4888005349097615,0.009131825,202.0
6691a54f-7754-4907-b033-454b3be740d8,1.7002848586144163e+17,0.08265118810525593,0.0015635861,202.0
dbc7b7c2-78fd-44d1-a57c-f824fe51bc77,3.1375667253477376e+17,0.006832251574977676,0.0033113782,202.0
89ee6a12-6e38-45c6-becf-83a7007d44ea,3.138930229667431e+17,0.1722734463173022,0.0026858891,202.0
38664beb-5d72-456f-92f7-450d541979d9,1.7002848568580522e+17,0.0017325497478236746,0.0025983143,202.0
f58ba8bb-81b2-4fe3-bc97-17b0183c0dad,1.700284858126829e+17,0.2538941547696396,0.0016360112,202.0
a8f01e66-8d44-4128-9232-cec99cd12f71,1.7002848563652208e+17,0.08695991544188415,0.0017602358,202.0
6646a049-3031-4d61-a43b-3bac6698a904,3.137610423305504e+17,0.013456529626741464,0.03593355,202.0
23e2e651-237b-4d5a-8bfc-a5cadafea1f6,3.1399853930158496e+17,0.19338101661129903,0.0029969052,202.0
330b8eb0-12df-41ea-aba1-fd748fd5463b,3.13998539609342e+17,0.38316403772247654,0.06529351,202.0
c76e3cf7-314d-4ef0-b44a-f803851d01c3,3.1376104224981e+17,0.11397031976189666,0.064565346,202.0
e0ac38b3-fcb6-4aae-b97c-b4e6cd9c2956,3.137610422367028e+17,0.24073250480876335,0.01839301,202.0
23c9a44b-918b-4729-a6c4-3a26f98b3818,3.1389302297565606e+17,0.08400565995042031,0.0029533037,202.0
7aa23b3f-cb79-43c0-9da7-e978e15467b4,3.1389302323779994e+17,0.19479937916345333,0.017208643,202.0
666daef1-e2ef-4f83-aa74-8b9dca6ee819,3.137874310825247e+17,0.315441277519432,0.0012894375,202.0
a8eeab1f-1939-4e24-9abc-e99fcd0583e9,3.138314583791371e+17,0.3288315540736349,0.038197987,202.0
8a0c90e1-0dbf-4264-af50-52e3e28944c2,3.138710137827494e+17,0.0631975822091418,0.0021037124,202.0
f5635f52-3823-4f1a-9d31-ee816bc7dd4b,1.7002849697949302e+17,0.03206592527786936,0.009340635,202.0
d6b8fa28-c6f4-4144-8144-11bf9a2c0d49,3.137082889165866e+17,0.03834799080958873,0.0008181676,202.0
94af4266-0338-481c-bde9-51a8fbf5becd,3.137434585257739e+17,0.09765565571062564,0.0047056,202.0
bd6d5c2b-47e7-4d24-bfb2-c5f068bb6e07,3.1376985856986323e+17,0.022594291542383328,0.013151566,202.0
4cd39a28-6779-45d5-ab76-effe755ba195,1.7002849011499027e+17,0.563642948185369,0.014633099,202.0
8f1605cc-f4b7-47b0-8989-16c0f73484fb,3.1370828914989466e+17,0.2356117554413873,0.06948921,202.0
dbfd809c-a57c-4a8c-a2cb-811a024e4f0e,3.137830320959652e+17,0.030034550987455996,0.0014735807,202.0
a3f2a837-c3b3-4403-8b6c-5f7938ac3885,1.7002851348879782e+17,0.13425302703268618,0.0016023197,202.0
1ec8712d-5fd3-4512-9622-9aa9736cedb3,3.1387101537553626e+17,0.34829922239488975,0.109955825,202.0
b2d62de6-2da6-4a92-9e22-a866d7fc306c,1.700284919447553e+17,0.31794287832972107,0.009671639,202.0
8a17521f-50f7-4129-99f8-09a622660aa5,1.700284857303697e+17,0.03659881358362781,0.0024407879,202.0
9ea90f62-d1a8-45b9-ad31-6ef59ff4124e,1.7058711782398374e+17,0.25764967001118344,0.010908285,202.0
42882bdb-f108-44b6-a7eb-e6bfcc70816a,3.1376104234627904e+17,0.7670509005744266,0.13616337,202.0
47963945-21ff-48f1-9026-daf9a11f1408,3.138710139358415e+17,0.2053443823133173,0.0029576356,202.0
19c5ad97-2c7e-4024-bfeb-854318d16d0a,3.1399853927694336e+17,0.7676701185010132,0.0018437814,202.0
4d00d3de-e932-41ad-a4ce-60fc481c20a2,3.137610423305504e+17,0.05058311934461988,0.017845873,202.0
e120c320-c808-4d68-89e8-60abb88b9051,3.137566718872782e+17,0.1246830229079349,0.54671156,202.0
cc74471e-61ab-4c5c-8150-b34b7c0a41b4,3.1389302309099936e+17,0.018756294277587533,0.06324755,202.0
1483166e-57b4-4e01-a314-026e9f5b260a,3.137610423352689e+17,0.09060811875954043,0.05137938,202.0
99a1f2a2-f04e-4ba1-91d2-c0eb533a6f14,3.140029714163304e+17,0.04431634381105061,0.07661896,202.0
ff8f42f2-cc0d-4e2b-88b6-a221463bbf0f,3.1376985871299386e+17,0.023119978110109567,0.04238371,202.0
ae3c03dd-2e21-4e76-99b6-e1bd816fbeb0,3.1376104226868435e+17,0.10329569691504759,0.037305754,202.0
51f07676-8754-451e-aee4-b92697848e4e,3.1398094506190483e+17,0.6506795458712233,0.009730095,202.0
ccae0b24-2f55-41a8-8698-3c23f5cb349a,3.137082891871191e+17,0.2306480397476743,0.017736262,202.0
8f3944a2-a41d-40dc-a9db-0952af1ac91e,1.700284874594715e+17,0.040058508135332085,0.0039555184,202.0
d6b069a9-ba54-4c36-a902-88d8dc84aec1,3.1376104238455194e+17,0.06441327083578004,0.033132866,202.0
38651e85-929e-41e4-85ec-ffff24f3aa70,3.138973839345582e+17,0.012349010044866724,0.0057221837,202.0
0030b2e5-7af6-4ca1-a508-ebfb894064e0,1.7002848868473245e+17,0.009053183997956031,0.0021453043,202.0
8f7d9859-bf21-42f1-894c-80ee4df1f06e,3.138710138336052e+17,0.009685505638912812,0.023223093,202.0
c75c172c-26fc-4375-ad3a-f304b78704ff,1.70028487741014e+17,0.014880758286961875,0.0025322852,202.0
9964bdaf-aeb1-48fc-9046-5c1976cf5f2c,3.1389738382236077e+17,0.015993781332484074,0.0020019275,202.0
05211cc0-eaf0-4727-9c2b-7a8446747d58,3.138930231187866e+17,0.039943982876361785,0.015555138,202.0
84ccc74d-d7e3-4144-9d6b-11b4ff401275,3.1372146555224064e+17,0.014544190591794093,0.3516244,202.0
d67f81f8-6a46-4a94-9268-8587c371e47e,1.7002848853321338e+17,0.02288741967938786,0.0017557967,202.0
ff9921b7-6b6f-4469-85b2-0a1d4d176ed2,3.1369950685455974e+17,0.31376513740571577,0.011162393,202.0
d67c8d0f-ee96-480b-886d-564798252dba,3.1397215025653357e+17,0.4746700182669807,0.01978005,202.0
947df85a-e2fb-4b88-921d-3352dc48e4cf,3.1369071687263846e+17,0.537060905664024,0.11746912,202.0
7fcdb968-bd82-4d15-bd49-858de89980ff,3.13730259763069e+17,0.0521312634515518,0.0019843543,202.0
b338c7e2-3579-464f-8df6-b766ddf3a732,3.13756671809684e+17,0.025382718487757455,0.0027371668,202.0
c77f8b22-d357-49ad-8ee6-10f9ede6974d,3.1389302325982e+17,0.917954128499779,0.003588432,202.0
0a67da75-3e83-45ac-b65b-26a2f40cda66,1.700284856947181e+17,0.02227627931432683,0.0032030828,202.0
383b9508-7673-44f2-bc61-c62018d9b097,3.1378743088958675e+17,0.014877926416481262,0.0012742946,202.0
fad11064-4f52-428b-9c08-8a7034848808,3.138930228692255e+17,0.013401899748491378,0.014901227,202.0
426280ad-a16d-41d1-a7fa-5ca3359be2bc,1.700285270117581e+17,0.005859776668150256,0.08300172,202.0
0a205cf4-3dcf-4e30-ab43-b30f907fa752,1.7002852649848022e+17,0.0037090193141296325,0.013365442,202.0
6b912497-5a22-4fc3-bc0c-20405e607cab,1.7002852678736285e+17,0.010828391443320401,0.012135812,202.0
fff1954f-5b06-4e56-8ab9-2fd2fc415955,1.7002848570782525e+17,0.004370199826109823,0.0012974411,202.0
add034ad-771d-41bf-bfd0-c74efe3321f3,1.700284856532994e+17,0.015551374528795566,0.001367835,202.0
4286cde7-939f-4c29-bcc1-0cc73ed1e5cf,3.1387101381787654e+17,0.010721134060082465,0.113296404,202.0
e603cc41-9316-4e03-abc4-2065ab520761,1.7002848711658733e+17,0.0016633075944306125,0.0016342378,202.0
0fb390a5-1d69-4929-89e9-bf0f1efe259b,1.7002852664528083e+17,0.06672228588241662,0.009868723,202.0
056702c6-3975-4248-83fc-d419a600333c,3.136950876892038e+17,0.5768189029333933,0.009125749,202.0
9441dca4-1b29-4062-8079-84a7228437bc,1.7002852700913674e+17,0.007412050167182293,0.024041034,202.0
0a838ddf-c604-4b1b-8bf2-4d67be315484,1.7002852660491066e+17,0.004678525319498361,0.0037201685,202.0
947f78bf-e59c-4b30-9cdf-4c36a48d54a1,1.7002848586720877e+17,0.016094663923134772,0.0014986148,202.0
a3aaf8bf-5800-48e4-9fad-94386ebaefd5,3.139281941619016e+17,0.0012361570140711085,0.0010490012,202.0
240262ee-c638-40d2-9afd-bf2e5425ab5b,1.7002853404036317e+17,0.007335470402076285,0.013520057,202.0
8a3b04dd-3185-422c-99ea-51a0d565c9e2,1.7002851269502582e+17,0.5233046370185566,0.003964207,202.0
ffd71a03-cabf-4f91-84c1-c882486408e6,3.138710131095635e+17,0.04914521997917686,0.0049968134,202.0
7ad3c451-fb73-429b-91c7-5f5cd14a17d9,3.1397218283526554e+17,0.21668826615927486,0.0039546983,202.0
e62f6eb7-16dc-4a29-8ecb-fa43973037ba,3.139677662787666e+17,0.10393135015367563,0.00719487,202.0
b2dbf028-a89b-4299-bb28-d7cc3b58e300,3.139985693548217e+17,0.00735471870331469,0.0071255793,202.0
19e33d6d-904d-4d9f-91f8-085124ac7a9e,3.1387541679741344e+17,0.27022605223710894,0.0057208077,202.0
bd6a285a-c379-4c3a-80f6-3bba34e24873,1.7009445759510125e+17,0.29451825725825553,0.0036279375,202.0
7ad6c193-3766-4410-a7ea-8dfd9ed922cf,3.138535330178663e+17,0.12036954054205114,0.0006098216,202.0
eb66902c-c801-47e9-99ad-8978d7fbdbb9,3.138886272071763e+17,0.05338573375194017,0.0020277083,202.0
47657d43-e74b-4798-ab2f-371d3157e321,3.1388862708658995e+17,0.2954665883146785,0.0021210383,202.0
94a9b5b9-d015-4197-be2b-9f821e525b72,3.1389302176245357e+17,0.4683903548056218,0.05733924,202.0
0061c7e5-8c61-411f-b223-651af023f327,3.138710155873487e+17,0.02788301785838076,0.03859551,202.0
c75e8174-4f34-4f13-8e0b-0b49a994197a,3.1387541679793766e+17,0.10271331349886327,0.0043940586,202.0
5c5983da-b1cd-4020-aeb1-9a2fa9f033da,1.7002851077560742e+17,0.09079765203209532,0.0015310281,202.0
5bf896ca-b279-4c92-b40c-d38806b297d4,3.138886270635214e+17,0.026479068544992206,0.009555894,202.0
adbbbd0a-18ba-46a8-9289-4a62a6e0cc48,1.700285200198534e+17,0.3514914223988977,0.0015458266,202.0
ccac2118-b75f-495e-be22-4d9afd2376cc,1.7004611862842586e+17,0.013457576055625347,0.0051678773,202.0
99b0176e-9413-44c3-af23-3a01bb16b88d,3.137610424149607e+17,0.7589346359185215,0.0037852852,202.0
0013fab7-58cc-4ad3-a142-296f38b10a63,3.140029718808495e+17,0.02502409762199891,0.05886188,202.0
56d4a8ba-219f-4801-8c80-e6561bf331d8,3.1387101351641094e+17,0.2749362857063724,0.019070404,202.0
47655aa4-a51a-46e8-b8e6-489b3ad63c59,3.1370828917925523e+17,0.4426654419485171,0.06705154,202.0
996657e9-0e63-4366-9583-67f8f6f29329,3.1375667174676896e+17,0.00962991806867546,0.0012487108,202.0
479916a0-89bf-4214-abaf-2fd254161e3f,3.1389302297303456e+17,0.15875581425017105,0.0046255114,202.0
a393e0fe-664a-4054-8c1d-8174a9897e5e,1.700328849801217e+17,0.005284937912041575,0.002783891,202.0
ae225ea5-ac5e-4fd9-ae88-64adffa32493,1.7002848584676163e+17,0.1289212120515193,0.0014559116,202.0
f068b6bc-824a-4ecd-b4c2-7c8dfb25448b,3.137039049487811e+17,0.01631763579278914,0.036121394,202.0
ff912b40-b95e-4ffe-8fad-90a71a354e21,3.139501607443497e+17,0.33758778044449683,0.0005965164,202.0
1ef70845-ac50-475e-9773-47d4e8c29ef8,3.1399414446266784e+17,0.22156239794926252,0.015078239,202.0
d18412a7-d713-4fe0-bcfb-2dacb3a557fc,1.700284856386192e+17,0.002676769079535908,0.0015062107,202.0
bd75ae82-6888-4c09-abb1-fa1924da1d1f,3.1376548069166285e+17,0.023215388055105788,0.00065296225,202.0
61444490-b919-454f-8e34-743309c6ccc3,3.136995063187375e+17,0.3625249322445342,0.0011069638,202.0
3325574e-d140-4d60-b95d-e00c889f459b,3.139985393257022e+17,0.020826868282054167,0.0016861637,202.0
9452d34f-6624-4225-ab39-60d93332318c,1.7002849242605162e+17,0.0003878688197729535,0.001997592,202.0
995b9099-484c-4a5d-9aaa-aa6e1a0bb157,1.7002848568265942e+17,0.006320898425004865,0.0012875417,202.0
5c065bea-bd7c-4716-a6f7-eb3909707981,3.137566730527703e+17,0.8298969609175681,0.019165087,202.0
7fef75ca-ae00-440e-bf3f-1f951ce27c63,3.137610423987078e+17,0.5281038755071144,0.14441009,202.0
147b63ae-3067-4b29-8844-994a86a14bca,3.138710150368463e+17,0.259462802513956,0.8704184,202.0
cc6ff0d8-2a0f-4337-b9ad-2c2c9991e803,3.138710142147625e+17,0.10593945585614295,0.0008199139,202.0
9ebaae45-f145-49ba-a227-eee7555ea9c9,3.138930230847079e+17,0.0036780259949728018,0.09182368,202.0
f5846243-26fb-4b95-9e83-405e2d43f99d,3.13664312481153e+17,0.0006776079039231553,0.0012737198,202.0
1eb0f027-4261-45f7-81d6-15c13abadabc,3.139809451169546e+17,0.32518548740036024,0.0045284713,202.0
fa4e61cd-8c82-4fa1-8cc1-5903353b482f,3.1387101484652966e+17,0.2997894776025549,0.0026026312,202.0
b826ba12-bbef-4e55-bd7b-70f680826f91,1.7002848565329936e+17,0.006915583919090197,0.002610754,202.0
8a261728-6381-4c86-ac7c-6094703ed1d9,3.138358354976441e+17,0.09181166688037229,0.0011146078,202.0
bd3d803d-97ac-4f6b-8864-9a9185f202f8,3.1389738400691e+17,0.04184167704042747,0.009227523,202.0
7fedf20e-5b99-42fc-8c4f-f65127c3f75b,3.138886271778163e+17,0.2333069942901532,0.0041912324,202.0
8a09696f-defe-4381-a3fa-8b7190ef7356,3.1389302294157734e+17,0.2210053744145168,0.0013401866,202.0
2dfc4305-1d10-4a02-ab22-4595a5662f4a,3.137742698153248e+17,0.0034151845735521736,0.0009545826,202.0
23f91855-017e-40e8-b20e-aa9d3c572f84,3.137610422230712e+17,0.04012393902511899,0.0039604236,202.0
0017fa18-99cf-4182-8738-681f271c3d69,3.138621995577509e+17,0.1510277075156225,0.0038828473,202.0
e6103833-829b-461c-b032-4535084e373e,3.139501573883823e+17,0.0040458698228076195,0.06168146,202.0
6b7e90fb-f568-41fd-abd4-565a9fd69703,1.7002848617916013e+17,0.27182055908394154,0.0013532824,202.0
669ea890-9a63-4aa9-b8cc-f552f483713e,1.7002848675849834e+17,0.004754321723325402,0.0018242686,202.0
4254b216-4c50-4549-9288-2cb15ab9f315,1.700284879863808e+17,0.5550351003904697,0.001498109,202.0
f056e362-446b-431d-b983-f50c0200b4c5,3.137610422152069e+17,0.06641926296185835,0.005082907,202.0
84e0a55a-94de-4b0d-a9f1-6e987f157a7d,3.140117763724411e+17,0.2499804453884407,0.0030372618,202.0
5c20ee26-fc11-4838-9a92-141414ceecc8,3.138798189181666e+17,0.016022023264835147,0.20319656,202.0
24082308-25f5-44ad-b6c3-0940f3c0608d,3.138798187635016e+17,0.12636257985975619,0.006671685,202.0
c26ca9d2-25c8-4744-9dc4-94babdd34601,3.1397215129672096e+17,0.32612992860958717,0.028708495,202.0
8a276c12-1fd1-4c2d-b7b7-1dcb3c814094,1.700284885049017e+17,0.31270635379622247,0.0025815153,202.0
a8e2e177-fe8f-491f-a371-14b794707e0a,1.7002848918542746e+17,0.026770506337703934,0.0024562818,202.0
adda5885-9c2e-4d7d-8c9a-c1e1afd33720,3.1387981876192877e+17,0.2274842134119783,0.011001493,202.0
42c91a83-5629-434f-8bd2-1f4fbc2327e5,3.137698586212435e+17,0.06533757781349704,0.041324068,202.0
a8d3536c-577b-4ecd-930d-b9c94ae4cb0d,3.140029719678813e+17,0.012081806700879407,0.0010887802,202.0
7fb78d7c-a01b-4447-b10e-9832ae01e175,1.7002848872929693e+17,0.037893802531123504,0.0026671586,202.0
0fc29ffc-e1ab-482e-9d69-19174be722fb,1.7002848693885344e+17,0.1529449351650274,0.002813591,202.0
6babb64d-f126-467b-a60e-6cc6b61cab96,3.137610422325084e+17,0.24543724204707426,0.007233267,202.0
d6c011fe-e21e-4e9e-b209-f1bd5c2e8fb8,,,,
a3dc9903-3b1c-4201-92fc-0eeb4074172f,3.1387541683830784e+17,0.577959111139114,0.16157542,202.0
eb112d9d-0c04-4faf-a6a1-1d46a2a861fb,3.138886270535598e+17,0.053076236730783106,0.0057805246,202.0
fa8dc8f3-b390-484f-b77a-2836f49dd5aa,3.137610423814063e+17,0.3014404428943728,0.18739499,202.0
7ad95e13-2a51-4b31-9573-4b56a6d54c0b,3.137786328131831e+17,0.015272401014201879,0.12177111,202.0
b7f85f8e-0a4f-4cea-a90a-0fcbd0e40b96,3.1373025984276077e+17,0.19518764841184483,0.0031154996,202.0
adc04736-44c0-4628-abcd-5e6e0975e6fd,3.1376104240290214e+17,0.0935842531588676,0.04821169,202.0
d6f32258-b3a6-4cc8-afa8-cffcb927dcfe,3.137566717027289e+17,0.15501686016228508,0.14572027,202.0
6b89d4ab-9a17-43a0-83a1-e3f3acb0612f,3.137566730422846e+17,0.025055162993241762,0.017207488,202.0
3da67844-3afd-40f7-ab77-48f3c928744a,1.700284856627365e+17,0.0010626335195158022,0.0050007612,202.0
709ca4d9-b05e-4af3-b3a7-aed235f6e3b0,3.137610424018536e+17,0.5715273335041215,0.034278248,202.0
7fd4de96-2f74-4abb-9841-fd3f082204f6,1.7002848605752525e+17,0.00944888301565147,0.007725161,202.0
eb0e31ff-a728-45f1-8f0b-7452d3e00545,3.138930231869441e+17,0.15244625040362542,0.02749823,202.0
3375c5a4-933c-4867-8710-ce973f5d5a2d,1.700460877861357e+17,0.028118240268944546,0.3451078,202.0
1e9cefe3-9b60-4b60-a9b7-3d259c92af28,3.137214658919793e+17,0.5062768494902868,0.3070848,202.0
b2d0a721-09e9-4f01-b3b5-24f10767d48b,1.7002850031920752e+17,0.0753396405824618,0.0044984207,202.0
0a64a416-8c02-4229-820b-8cf2b05f8d8d,3.1389738191762234e+17,0.6562970376663594,0.08997021,202.0
fa9d84c7-d602-477c-94d5-25def2bdc0ab,3.138973819768668e+17,0.08752631685069943,0.035732064,202.0
3d88f68a-a630-4b67-bfd6-c88e178d3f9e,3.13897382053413e+17,0.03597660156650571,0.011210895,202.0
000cbf17-aada-4b55-8e1a-a4f13d263330,3.139721511777076e+17,0.004605412419105025,0.018153964,202.0
f0764f18-74cc-4e61-9521-898616ab8387,1.7002852660176496e+17,0.009453123254109535,0.011617949,202.0
0f61720e-12e3-40c6-84fa-b6b7cd6a7996,1.7002852714597587e+17,0.005060962095813893,0.0029009345,202.0
28bcf94a-702b-4abc-b4b6-90ebf9c8c081,3.137610422749763e+17,0.001926741307098878,0.024174388,202.0
94ae9b91-f7b6-434f-be85-fc21cf420e91,1.700285279979439e+17,0.014193700182954036,0.0068228594,202.0
52188926-1266-4935-9179-10261c41b73b,1.7002852848605594e+17,0.0809314846945149,0.040402964,202.0
7fefb063-6e68-4f5e-9f78-76e58e463761,3.138930230988637e+17,0.02015140405575763,0.013625293,202.0
610e55d0-cc89-4524-aa5e-f53923a8cc85,1.7002852729120365e+17,0.6794260734041533,0.0013467348,202.0
eb2c9b3c-1703-449a-9027-aa5510311cf0,1.7002852837752842e+17,0.007327774023651291,0.011974857,202.0
47b368ec-64bd-4f77-b63e-f9fb68f87856,1.7002852902397542e+17,0.11878791133678429,0.010475647,202.0
0f87c04f-8455-477f-99c1-90b7c9267fa4,1.700284860601468e+17,0.30195559851286646,0.0019482021,202.0
cc97c38a-8809-4ac0-b320-215df8405cc3,1.7002852678683862e+17,0.017744780868027374,0.001993538,202.0
f543ed28-63f3-42d7-9025-97b23bb4fbd3,1.7002848564386208e+17,0.17632457560255435,0.001894584,202.0
9961b2cf-87d5-49dd-879d-d052f74a0716,1.7002848694042624e+17,0.007435026474707744,0.0017807963,202.0
51cf051f-ec3b-43cf-bb58-6c730a71577f,1.7002848650212154e+17,0.4661822657818982,0.002060046,202.0
a3b94408-7b0d-49eb-a27b-eecde016d7e6,3.137302593567458e+17,0.02230138556798066,0.049906768,202.0
eb2a288d-d7cf-4a3f-9e95-2aa40b7b59fb,1.7002848980513597e+17,0.3543218145005046,0.038578626,202.0
4264c162-5523-45f7-a538-2468bfad6f03,1.7002852647121718e+17,0.08604829560600936,0.009126402,202.0
d19d9728-8646-41a2-b21c-218763906509,3.138710135017308e+17,0.0233406557255679,0.01500799,202.0
e0c0ad51-0374-441f-9e4e-460f717e547e,1.7002852673545837e+17,0.41922284873779014,0.018489053,202.0
c2662cef-2990-4871-b549-7c6a0d0bcaf9,1.700284882794579e+17,0.00222313312465062,0.0014385517,202.0
7592f93b-4ca2-4b60-9ef3-97cc58cc64d3,3.138314584976261e+17,0.0049314360815647185,0.0028344954,202.0
7aa492c9-a2c5-42f7-a227-24699486b8f8,3.1372146557478515e+17,0.03844822738230425,0.05136164,202.0
c288f73f-74bb-4c3d-b00c-649b3243fc85,3.137610424202035e+17,0.5742045919102349,0.011785034,202.0
4c954074-22a5-4483-ab52-d1e4065c9185,1.7002852650844234e+17,0.0009409853077104491,0.009159276,202.0
dbec36e2-adee-45dd-a017-8efe0e25887d,1.700284860433695e+17,0.0013082141767331527,0.0028441062,202.0
84db1c0a-1765-4715-90ef-afdc845475c0,3.138930214819594e+17,0.20332451360598452,0.00223016,202.0
19b3feb3-46dc-45a8-9816-005cc176229f,3.13875416770675e+17,0.08665604120089812,0.010022801,202.0
7091ad24-0d69-4990-aa10-4e2bb91a180a,3.1388862722709926e+17,0.599946086009921,0.007066981,202.0
d1a96535-986a-453f-9cfe-6f0c2c902d3a,3.1387101662229306e+17,0.08027382156020384,0.0076045627,202.0
ae279ac0-6437-4ade-b847-4681936c59b3,3.138886270960272e+17,0.40563944129927093,0.12653531,202.0
4c94ebe2-46c3-4a22-83da-5629605987ea,3.138710131541279e+17,0.0228338602848754,0.0006381134,202.0
99803592-0435-444c-9239-466435b93fcf,3.138930217593078e+17,0.29014640445140805,0.043591328,202.0
b7dc6427-cb46-4c20-96d0-2a59b150f27c,3.1397218312939117e+17,0.11042246816830881,0.020531308,202.0
eb5c28fd-eef8-455c-9f4e-414c6a5b3ce9,3.138754168231036e+17,0.13875884325404067,0.012245252,202.0
8f3f17c5-d7d0-461c-af17-2dc121edd66f,3.1389302164711014e+17,0.12318163882833781,0.04779449,202.0
b319998d-5f2a-4a45-b089-f0aec8f6aada,3.138710156382046e+17,0.18892815466606028,0.0011981156,202.0
c73e7239-1587-45f0-94fb-c30b2aee325f,3.1385351759960474e+17,0.03415130639007828,0.0005706062,202.0
9441a603-3f22-4d94-bf78-3a572f7d5b1d,3.1385353366064346e+17,0.017840462904552035,0.041702677,202.0
85478881-4e0b-4ba1-8f07-af3b478d9832,3.138754168440751e+17,0.25932960637989844,0.010798601,202.0
19db7045-55fe-41a4-91e5-976fe34d4968,3.138886270430741e+17,0.1994399358198566,0.0071622566,202.0
b8138e61-a900-44c8-8be2-0a6b5c353814,3.138886270163355e+17,0.2782858422505434,0.007082166,202.0
479aa511-4989-46ec-af84-2d38791a97bb,3.139721829930763e+17,0.2621245042531525,0.0046068304,202.0
945300be-682b-4c4e-8046-5f5b949602b2,1.7002851346572912e+17,0.2608057569886194,0.0051873447,202.0
c2901b11-77eb-4525-a20b-7e79971605c8,3.138886270624728e+17,0.2529564784345518,0.00592694,202.0
e6131530-b302-4fa8-b49d-26e79104988d,3.138930215092224e+17,0.521857198811653,0.003202304,202.0
196c4f17-5ce8-4589-8367-6f23baf008ae,3.138886273282869e+17,0.2722202923457054,0.0030484686,202.0
b2d5107d-7edd-40a4-a7d6-ab5724fd72dd,1.7038912694675066e+17,0.002857577156543432,0.024998495,202.0
faa1e10a-bb23-458d-8efd-bdfaa8b2eb74,1.7002852123934726e+17,0.55412843807313,0.10832136,202.0
a8c2860a-4c6e-42f8-a664-aba90c6fa777,3.1388862705093843e+17,0.23915640219281298,0.003033595,202.0
8f677575-1aa2-4aeb-8b78-9a320c8770fb,3.1387541683411366e+17,0.4236062743534783,0.013107922,202.0
9ebfd171-9b19-440d-aa09-fec96f021562,3.138886270818715e+17,0.029807203773040598,0.0016662617,202.0
d6bb4e60-0658-4319-914f-d761186f3fb6,3.1387101322071296e+17,0.3094566246565545,0.004233633,202.0
75c8d4a9-9f0e-49fe-8c75-86dd7ef38b23,3.138886272160891e+17,0.3447610790062886,0.0521144,202.0
5c0b423e-941a-45c6-8c3e-27a491baad22,1.7002848567794083e+17,0.11750671100125705,0.008177202,202.0
42c3515a-c750-41e2-ad73-ed20f5dc9246,1.7002848584414016e+17,0.11339293767643596,0.01091256,202.0
42b50e4b-58f4-4548-b861-86703e2297ad,1.7002848572774813e+17,0.07387658360938883,0.0018314583,202.0
23d47380-8e9f-4bdc-af4e-05c1779dbcc6,1.7001969640066262e+17,0.041477579455225705,0.036895536,202.0
b30bf6fc-f0ae-4cde-b61d-9acca3b4c883,3.139634053591859e+17,0.3324566421928822,0.005313281,202.0
1971088d-849e-4899-a15e-588b477383e0,3.139325664920864e+17,0.3355551560423554,0.00063160725,202.0
6655d94b-b395-4df5-acc5-be4d3f38c3b6,3.1369952344355635e+17,0.009679386210625935,0.0012195182,202.0
b3428a9a-e072-48f0-b2ed-9e6f7a2be1c1,3.1400297143258323e+17,0.0035952509469529873,0.48629826,202.0
cc55386e-e12b-4ccb-a77a-859d17bcace9,3.1400734575034374e+17,0.004722185549206271,0.017602831,202.0
e5f8c40e-c979-425e-aaaa-3ea409ecc2d6,3.13862204181971e+17,0.0316618225843483,0.0010089647,202.0
fa64cd4d-af13-4214-b7a5-dbb65f5f818c,1.700284866552136e+17,0.6121765224336677,0.0013086223,202.0
eb124c8b-2770-4115-a5d7-406e8e6a49d1,1.7002848572774813e+17,0.36005959580886354,0.0013686179,202.0
14a33cad-1044-4272-82ec-22c298413e89,3.1387101550503526e+17,0.3292641734923354,0.0011203466,202.0
1976fb7c-5f5c-443c-9bb2-4ec28bdb670c,1.7002848599670787e+17,0.008767025530101604,0.0013736631,202.0
0a7fe3d5-5544-46b2-ad43-ad0be2a0931c,3.137082891263018e+17,0.13573268271069164,0.008057537,202.0
6125df11-f2a8-4378-b34c-dd3efea6cc3e,3.137610422503342e+17,0.2722124999486048,0.009001486,202.0
23f7615f-0378-4a36-a4a1-029bc408d4a5,3.137610423814063e+17,0.33018877363229343,0.00787719,202.0
56f4d8a7-0cf7-4102-a8d2-a971170e31b6,3.138622045306225e+17,0.6398495822964995,0.0010528375,202.0
f5604902-a246-4565-931d-b023053d9ee0,3.138930229955789e+17,0.08345102762754451,0.005639837,202.0
5c13f5b8-63a8-460f-bbd5-3f00aefddd12,3.139369642303161e+17,0.1353275526335566,0.0053240065,202.0
ffea697b-f702-4261-9865-ffca0e132b38,3.1389302291798426e+17,0.4791794854927632,0.011610647,202.0
47cd5bd9-7e87-4924-bfdd-193fbb449b75,3.1400734589295e+17,0.15133983962045125,0.0061819563,202.0
2deda7cc-f1f6-41e9-9cff-b92b751811da,1.7002848878434717e+17,0.6434637856930266,0.0020157269,202.0
3dbd275f-5b03-47ff-9c6c-d87b05df6b84,1.7058711660448992e+17,0.0026816503455629756,0.003150814,202.0
75b3bf0f-6b21-4215-8c07-87de498923c3,3.137742696543684e+17,0.11609479606809348,0.00092898455,202.0
b80cf2c3-9fde-460a-9da6-e411af6cb04c,1.7002848646856714e+17,0.0096170987621344,0.0014569755,202.0
387b823a-b794-4a2b-89fb-549dbc5a1724,3.1370828886940064e+17,0.3141397903860595,0.0015428284,202.0
61802ba4-1dc5-43e2-943c-82782227e8cf,3.1385351741924966e+17,0.3013128594509276,0.0005604685,202.0
613f9d53-4aa1-4713-aa6a-0c228f037c83,3.13936964319445e+17,0.07347258819624662,0.10385049,202.0
1eb79392-7e9a-4435-a994-3a848789a0aa,1.705871166233642e+17,0.011376057050079576,0.0049115904,202.0
cc89bee8-9328-40fd-b578-d78432b99eee,1.705871171408364e+17,0.009699605562906593,0.0027512223,202.0
fab6da27-a35e-4f11-bbaf-8ec52156f541,1.700284856884265e+17,0.10314777334546776,0.0021000246,202.0
f572d4c9-f342-44b5-ba3b-db8b0487e408,3.136775168338166e+17,0.10423248144065486,0.002350794,202.0
38626e66-84a0-4ce3-a644-2ec3a4d28c82,3.1378742987141946e+17,0.2776212325001265,0.0013763587,202.0
61708596-7e82-4e29-a916-7ebe518f419e,3.138930229782774e+17,0.09879330474761254,0.0050550266,202.0
147127b0-1a7b-46cd-adab-1e63e0cfcfa8,3.1394576972015206e+17,0.18733121985281806,0.001505012,202.0
e121c0ab-e380-4002-ad00-328839194e9b,3.1397215328167526e+17,0.004612861070057548,0.0019501932,202.0
75d6c672-b64d-4ce5-9516-fb48ed1ac174,1.700284885945549e+17,0.6760606213332334,0.0018964236,202.0
e6446cc3-8002-43fd-879c-83d56d27cd56,1.7001969647249014e+17,0.008420182125652135,0.010136482,202.0
7fcb2c74-d16a-46b7-9900-6c24a0c4b475,1.7002848859036067e+17,0.006357735368648804,0.0019426143,202.0
8f81a4bc-94bc-4a7e-8801-37cd4d82b321,3.138314585023447e+17,0.22321581661090026,0.017567793,202.0
198ea941-bdc7-45cc-8d03-903e11145a18,3.138314585275105e+17,0.17575037934864707,0.05008185,202.0
7fded6fe-050f-4124-b31c-af3c36104255,3.138930214662308e+17,0.3275707706663003,0.0901939,202.0
2de8bc6e-f20a-43f7-bf0b-bd297aeed702,1.705871166868031e+17,0.002671264257887911,0.012244459,202.0
4798fc4f-6429-4d4d-b726-fb4be9237ae3,1.70587116650103e+17,0.021600100901398613,0.0110010225,202.0
b80c0741-6f34-411f-8fb9-dba84f795a7c,1.700284858630147e+17,0.012285471330415926,0.0016682212,202.0
e60a10ad-b74a-4b83-bd33-485dc7b98530,3.137874298163692e+17,0.00956435789139466,0.001179941,202.0
e0ea2101-c87b-4755-bf3b-15f24b49e8ba,3.139633593633997e+17,0.17793410150418015,0.0041425615,202.0
5c4763be-3600-4fc7-ad9f-3c4144bd1c93,3.1389302279372806e+17,0.1348244820974481,0.010156552,202.0
854b144d-7a27-4df4-8f8b-788234927712,3.139633595248804e+17,0.006647728816760823,0.014502534,202.0
426704ad-8c06-4fac-967d-ef4b4386e0d2,3.139809451027989e+17,0.409229736460062,0.004267136,202.0
006cf061-7b16-4053-9166-82e13edbe569,3.1398535000961856e+17,0.0030272746171518075,0.0010645157,202.0
d18d5347-150e-4951-9049-9983f6341d67,1.700284890884342e+17,0.06054850072792767,0.0043299366,202.0
a8b576e1-3689-41d1-807a-e84ec52fdb62,1.7002848568213517e+17,0.011273096841227858,0.0010674968,202.0
b7f128f7-df56-47c8-979e-79da6d1f012d,3.136907173670421e+17,0.4741391891426122,0.12873632,202.0
75810f95-9b1a-4075-bd2b-35137be48d23,3.1377426740569715e+17,0.13927207830418326,0.000978836,202.0
2e48a0ee-63bc-40ae-b950-527643247ef0,3.137610423772119e+17,0.0815239814466039,0.028234266,202.0
6b61cd17-0210-45e7-9361-b56b52124844,3.138930231334666e+17,0.17210959158910433,0.017994301,202.0
2dea1ccd-1178-485a-ab12-fb30185b2267,3.139985393157408e+17,0.06507377557570009,0.013343963,202.0
3353a23c-6d6a-458a-9876-68df8c6ca465,3.140513212037858e+17,0.02871880271951863,0.051381018,202.0
6bae07d9-d707-4b1a-b388-698801bba28d,3.138622044273379e+17,0.23574289998224116,0.001227819,202.0
801a98a3-7d8d-4f64-b700-20d120a4587d,3.1398094526847386e+17,0.7267522451622905,0.029800067,202.0
6b5703e8-095a-4742-95c3-c848dd45e941,3.1399854064376224e+17,0.12043843747260274,0.0023872186,202.0
28bba20f-3ad5-4a78-8f4a-cbddbe7b61f4,3.1398094794968275e+17,0.10121849504860621,0.010501616,202.0
c253367d-4133-468b-8f62-9df7f28ac135,1.7002848649950016e+17,0.9811283494199311,0.0031797339,202.0
eb4eb4c2-999c-4e54-bd9b-c3814e936ac4,1.700284884986102e+17,0.003677589927162265,0.0013984381,202.0
23f9de59-087a-4bba-9dfe-5c35f5275091,1.7002848860346778e+17,0.006865862070778191,0.004977862,202.0
b32d6598-e5eb-482b-9f4d-4dd849be954f,3.137566730297017e+17,0.4845286507999914,0.007471693,202.0
d6d912ee-3332-4842-9033-78d937aa1baf,3.137830320671295e+17,0.08025024573535222,0.00440119,202.0
f53ffac6-ff77-4067-be1e-9f84fe443ba3,3.1376548069113875e+17,0.5465546051138265,0.001597127,202.0
1eea553e-f7bf-4e53-b599-dd2b8411f8e3,3.137610422618687e+17,0.36324917124197625,0.07870059,202.0
7595e818-49a4-41c0-a7d4-8a47893e8a54,3.1385349747323706e+17,0.11687254089020015,0.0011843209,202.0
75fb0c9e-5bb6-48eb-8364-f874c31275dc,3.13893022840914e+17,0.17765600117002928,0.03345113,202.0
949c64ae-abd2-4ebd-8355-27f03a7337f6,3.138930230668821e+17,0.49888664996408333,0.02062919,202.0
94af1567-c271-46e1-8788-c52bf30de7cb,3.1389738369128877e+17,0.012128784240267601,0.018974492,202.0
eb0368b2-b1f4-4c03-8b77-cc48d3b219fa,3.1394144895578944e+17,0.020168880480661358,0.008361051,202.0
d1be09f6-3700-43bd-a780-037a66f6fbd4,3.139985393204593e+17,0.19104263779592448,0.08722437,202.0
a8c0d9fc-5ac9-4e0f-9aae-05cbf6219eb4,3.137742696491254e+17,0.04203390165687324,0.0015005368,202.0
2e1cd93e-d522-49ed-8b09-4813e504542e,3.1383583549659546e+17,0.29356257020974597,0.0013096753,202.0
d6e1bf7f-9a29-40b8-8a8d-6fcea39b8cc4,3.138358365619488e+17,0.2741481159441142,0.0010573601,202.0
0fadeafc-c38f-47ab-9c10-7d9125725bac,1.7002849774967203e+17,0.3589403378774488,0.0054247547,202.0
7fb2d61b-67ee-42ab-9117-d7c676d1670f,1.7002848652833594e+17,0.38080883724907444,0.0015872706,202.0
6ba55de0-3ed7-4270-a4db-68af83fe8e51,1.7002848847763872e+17,0.10001027424098566,0.0059570926,202.0
8a276d92-e5d1-47e6-a7af-00050a66280a,1.7002848754335757e+17,0.01033570079114586,0.0013192066,202.0
3d9e87cb-b382-43c0-b9e7-06d241f996a9,1.7002848983449603e+17,0.2564634046702153,0.0071296883,202.0
a3bd269f-831b-4a6a-8fa4-45b574667341,3.1376104222883846e+17,0.25077954226480575,0.007341611,202.0
42791015-d238-4fe9-9af6-1f49908d3f81,3.1387101504575904e+17,0.09865103291454735,0.010681279,202.0
332d4849-a862-4ca1-9149-3860c2b2c19c,3.13871015386022e+17,0.26551847292947395,0.0064281113,202.0
802a3d94-3b13-4430-8bee-90a8ec811286,3.138930227816694e+17,0.04847928817525175,0.0062181153,202.0
75f96f50-c559-4f45-a733-6a9823751d07,3.138930229405287e+17,0.4509141563170533,0.0045296503,202.0
a39ffd05-c51c-4b81-8369-1d991be1f9d6,1.7058711719588666e+17,0.0012961269393467964,0.0027276243,202.0
4cd53afd-c92a-4fef-ab37-0a443f089ef2,1.7002849016112752e+17,0.15096108463832258,0.0018609564,202.0
14d53f7e-133a-433f-a110-880b4151dcfb,3.1375667174834176e+17,0.3779941232175069,0.0020248187,202.0
f015b7e6-8353-4089-80a7-232ea7b356b6,3.1385351761795494e+17,0.5209501382570101,0.031133799,202.0
e5e3c511-a6e3-40d3-ab17-083c349f5c4c,3.13897383946617e+17,0.039327493144113684,0.06963402,202.0
c793b016-4d17-48b3-9a25-3bf3a9ba3f05,3.1389302160044864e+17,0.16200689860341908,0.0013603579,202.0
1ee0c83b-6c6d-424f-a13b-7f4a6a41b23e,3.1387981893232256e+17,0.011675235956323703,0.0085045155,202.0
47cb6a32-9d6c-4e25-b9b1-15348026f164,3.138710147851879e+17,0.011996099782706902,0.015673341,202.0
eb5b1812-2e33-48d5-b979-07259aaf0b00,3.1387541681838496e+17,0.6340828152838983,0.0095335245,202.0
d6863107-036b-402e-9bdb-5dc4fe9e3bd8,3.1389302312927245e+17,0.07834128130183661,0.18311311,202.0
f06f8188-a68c-40fc-a82d-b3d59d2770a8,3.138886271007458e+17,0.035076017728181745,0.0012998406,202.0
28d626b9-266f-4e69-bc81-fb58794d269a,1.705871168016222e+17,0.019528290564769662,0.006205885,202.0
5205f627-3237-455f-b858-fb50a976c372,1.7002848586144163e+17,0.08922557896084767,0.009345,202.0
6b6a5fbb-08dc-4b61-a0eb-2e1665a5d9f7,3.137082887545815e+17,0.10048740201989477,0.13380678,202.0
0a652dab-23cf-4295-af0c-8389bf0b9cc3,3.1389302294105306e+17,0.30371772605917635,0.0069657397,202.0
00350225-8e36-49db-bd6d-03ef0eaa08db,3.139721532926855e+17,0.024053459937902207,0.0072123045,202.0
94b2b208-7c35-4135-80b5-b2610fa1de02,3.139985391962031e+17,0.020542046079902402,0.0146884,202.0
eb246f07-b585-4e90-a8e0-6c2ce7c5a773,1.7002848622057888e+17,0.20139914534091097,0.011867222,202.0
ffcdfc52-634e-4b3d-8a47-bc8f46b34102,3.138622047875236e+17,0.006511374206721569,0.002611941,202.0
c71ed974-382f-451b-afc5-22b2b4f141aa,3.13708288999424e+17,0.16099993471648558,0.09276396,202.0
70eb9df2-3eaa-4709-b9be-a8dc7801bb63,3.1377427030605843e+17,0.015062350197410644,0.0005499412,202.0
19ace35b-b645-4aa9-8d44-e37ffa24f734,1.7058711660396582e+17,0.005836067861968637,0.01022249,202.0
6634fa46-3c8a-4e5c-875d-b49cbc9e5a96,1.7058711661549997e+17,0.014775046977939965,0.0025060857,202.0
388b4288-148b-4462-995c-66eebf13c8cc,3.139721507561801e+17,0.05750932551226937,0.011866615,202.0
5714f3d2-c8e7-482b-8f72-f893157e8f87,3.138710147511092e+17,0.1568701120491512,0.109320655,202.0
7582de8a-e2aa-428f-9284-6f78f6b4ed1a,3.138754168252008e+17,0.3895916915767926,0.009065607,202.0
8f6d91d6-bb93-4f12-ae3b-48a0fc532794,3.1366431297817805e+17,0.11960814827908756,0.19421597,202.0
d6e9ffd0-807a-46f8-9160-477d7b2134dc,3.1376104238507635e+17,0.07503100610570711,0.018758226,202.0
05781b6b-5261-41bf-9761-5de3e7b01e16,1.705871166674044e+17,0.010142449754986224,0.04250587,202.0
dba9ab08-8f97-4bae-8e91-42eae021465a,1.7058711677960208e+17,0.03627450856448917,0.005303267,202.0
4cfec5a0-f3a9-4e8e-bd01-fbb7c8dfb58f,3.1372146600732275e+17,0.017219738878256317,0.0118903695,202.0
665df5c8-f741-45b2-b79a-64e0d708ad2b,3.139721508940678e+17,0.02168252414354603,0.012548423,202.0
0576b7de-683b-4dd0-8b32-6eafb63ff5b0,1.7058711714293366e+17,0.0017794331960256527,0.26650715,202.0
c27e5948-371c-476c-9b06-4677f282f1ba,3.1389738167697414e+17,0.10531013922050896,0.094693795,202.0
2e52c04d-d386-4f3b-9cb1-472533e54bd1,3.1400297022934234e+17,0.014808965704884153,0.009361875,202.0
f55fbf50-48ff-4d1e-b221-5237a2377915,1.7002848565329923e+17,0.09514171763673446,0.003134715,202.0
ccb11ed5-6dbd-47c7-814e-85d8b8578815,1.7002848693990198e+17,0.714283598825814,0.0014278891,202.0
851d1559-b551-4bcc-a593-6a8f2bf53d05,3.1393256673116166e+17,0.0033776060754265873,0.001235851,202.0
23eb3617-5809-41e8-8d0c-5046a4450d29,1.7002852698554368e+17,0.01149993181906924,0.059593637,202.0
51d98fc4-9012-4e48-ae89-b03b8651499e,1.700285380642735e+17,0.05053687423206996,0.017401418,202.0
e5ddb9a8-7f50-4b56-a9e5-d8e47abfab47,1.7002852732423382e+17,0.08721751166504947,0.00074373605,202.0
6673d6cb-b912-4af4-847a-08a75f492d35,1.7002853646676794e+17,0.001954946446604535,0.7732646,202.0
1eeb6583-200c-429d-a210-3d19ef320f01,3.138930227821937e+17,0.34270017593524205,0.0072217416,202.0
0f478c5b-5dac-4982-b139-1d85d9722e47,3.139677527993221e+17,0.004418363717472771,0.23627928,202.0
7adb0704-0c04-4c33-939c-fc55c94e6387,1.7002848728960214e+17,0.2501603534685291,0.002166637,202.0
f08126aa-4266-4b24-81f6-9992b285c555,3.137082887561544e+17,0.24419438687700995,0.0011790739,202.0
3887f16e-d5ec-45e1-bab9-6e32945a1f2f,3.1386220465802445e+17,0.08013905997931939,0.0014813555,202.0
d69b0c8c-7b61-4780-953f-13940652843f,1.700284886663824e+17,0.0015570258963054646,0.0051016095,202.0
946553ef-31f7-4f93-b325-8fb43f9a2ff4,1.7002848916235882e+17,0.5034819451852828,0.0038856794,202.0
614f76fe-b51a-425b-9b25-641f3c0c36ab,1.7002848586668448e+17,0.8213163604199426,0.0015531266,202.0
4d0a846f-cfb5-403b-b8d6-a4a1063083c8,3.139809452422596e+17,0.009411687978291016,0.0056696283,202.0
d6b5031d-06e0-4780-bee2-a71ca1e0dd61,3.138710150316033e+17,0.29600202239161166,0.0048528123,202.0
8f037829-865a-4c4d-bea2-8f4066db4e7f,3.1389302149192096e+17,0.05588473160441525,0.12151918,202.0
f5445cfd-c6d9-4825-8dfa-208b22c30ae0,1.7002848989059485e+17,0.001491283208118389,0.0015191273,202.0
c75aaa90-cbe4-439a-9cf8-28cb0f8bfd6b,1.7002848868315955e+17,0.30794899854383856,0.001062354,202.0
dbd5e332-bd54-4a1a-ab81-56aefc1373b9,1.7002849307721738e+17,0.17163554167432335,0.0014965272,202.0
9ebe89f2-48d6-44e2-acb5-3020a2511e8d,1.7002848863073085e+17,0.12531058074348575,0.0031983121,202.0
389323dc-d596-486b-ad4c-fe15e52b6a8b,1.7043314073665626e+17,0.012603486065963013,0.0053604646,202.0
d6b67837-d256-4807-a1b0-5b20a8777979,1.700285275659306e+17,0.003594160499547076,0.014485048,202.0
b85147c1-2636-445d-985f-61c52e198fef,1.7005054326944573e+17,0.029698135265164707,0.008613151,202.0
61647bb8-542c-4f25-a4da-9bec8c142b02,1.7002848567479517e+17,0.02313354388907379,0.0012955059,202.0
eb6342d4-76b7-4708-b70c-2527cdce7eb2,3.136643133095282e+17,0.01987670607649675,0.002875268,202.0
2e065ce4-3085-4665-99ed-88dce11eb600,3.137742695012763e+17,0.004838098736227898,0.009850654,202.0
291651b9-543a-4cae-b7af-2f291af9c6c0,3.1369508766665946e+17,0.25374647331304895,0.0393676,202.0
42b4c310-dab5-425e-a820-459137ac2ca6,3.13752245591081e+17,0.34409921611268024,0.009615759,202.0
d6e48824-a2d8-4b9c-b447-909d46d012ff,1.7004608387652006e+17,0.0012074588903711859,0.001811651,202.0
99727a6d-a91a-46f1-8b05-44512abed383,1.702308285576643e+17,0.005248825273400488,0.006360597,202.0
478f692f-b24f-43c4-a5d5-b2f78c567f51,3.136731069336781e+17,0.019315096430355578,0.02996832,202.0
94af4708-4361-4b8d-ba65-73c069ad82cb,1.7002853078034032e+17,0.0010429252607495052,0.0026554107,202.0
332c33b5-181d-4fd8-af04-b7f4bb332b9d,1.7005050035699818e+17,0.05121066010284196,0.0039828927,202.0
2e2e6001-ad6d-4ee2-bc18-da7f1264aeb8,3.13862204433105e+17,0.0050139319445358784,0.018396843,202.0
cc4f7dd9-b46b-4635-b706-2e1d049a33aa,1.7003291636557424e+17,0.13071233207789104,0.026152443,202.0
f5a2be1c-753a-4ef6-8ee5-0380f91c4448,3.1387541622908525e+17,0.006527259611797704,0.00031125933,202.0
94a2272b-09bf-40d8-b628-2731b5a7e167,3.1396776621847354e+17,0.23311070911276377,0.0030307693,202.0
84dc49df-3a7e-4cad-a3b2-3358dd85efdc,3.138535179472079e+17,0.02072552110267674,0.0062836795,202.0
b3186369-9cf2-40e9-b355-4f74c52e18f2,3.138930214767166e+17,0.2144480477364243,0.0017894559,202.0
a9109097-c0dc-448a-9f68-2e6d3efd5d52,3.13967766297641e+17,0.5405553325251626,0.0017451779,202.0
ade2ad16-e6c0-45d2-a888-e6bee5bae864,3.138754168351622e+17,0.10462558799362372,0.007543377,202.0
d6cf82b4-503d-4a20-9249-beb305d91b5a,3.138930215249511e+17,0.23537350507871008,0.037869785,202.0
eb3bad4f-0379-4506-942d-655c77b7bdf3,3.13972182681125e+17,0.1526891250148836,0.1195079,202.0
4293c032-e0f7-42c5-be55-f33e8acb8c9c,3.139721825825587e+17,0.07121026285669341,0.0017048868,202.0
8a036594-cd85-403d-9849-0a4e4a15d918,3.1385353367742054e+17,0.21136812339839367,0.00088738464,202.0
56f6b183-2b0f-4d01-b914-2f001154f696,3.138886270897358e+17,0.29696202522389437,0.0050319913,202.0
cc651d81-4d43-4ff9-95a6-c3a01969e2e6,3.1387101422210266e+17,0.12884826293815718,0.000791218,202.0
14cba9c7-60d3-4227-b69a-cf292e1b9f20,3.139677662714266e+17,0.21244328331859405,0.0018905633,202.0
e6158e49-dab1-4f08-8a0d-1d8122427fd8,3.1387541679059776e+17,0.30427026610731395,0.041110553,202.0
5228dcba-28f7-4513-9003-68df2e0834ee,3.1389302150660096e+17,0.12499609128189264,0.002039342,202.0
2e54cc99-9332-4295-b9b2-9996253b2b9c,3.1389302173833626e+17,0.15953482338936856,0.0029182301,202.0
995f39a0-fc28-4ae5-b1c1-3f18f505a341,3.1396340528683424e+17,0.13243079724234513,0.0025970056,202.0
a8f9b606-293f-473b-9ca2-371b8d9ff71e,1.7002851047466605e+17,0.05321940058850411,0.001080195,202.0
612e476a-ea58-4e1d-9ec0-54c349f92679,3.138535174192498e+17,0.2846264980848348,0.018671224,202.0
fac08be0-a6cf-4a5d-b70c-3035de16b6b1,3.1387101325950995e+17,0.008849456137338535,0.008349257,202.0
6b9648a8-24fe-4b5e-b2bf-d5909cb8e939,3.138886270378312e+17,0.21829414708065303,0.026380686,202.0
b7d8f7be-1816-44f6-a3d5-d8dbc725bfa9,3.1396776635321555e+17,0.2649869615817067,0.0638229,202.0
dbf95205-a2a4-4948-92a3-0910e28e1ab5,3.139721826748335e+17,0.3234591513184818,0.0031212,202.0
8a5967b9-23b8-4658-9bfc-8299aa0ffdd3,3.1397218322743296e+17,0.19936106834492054,0.0021220841,202.0
9962f677-a66c-4d4c-a4d3-966f661ecb06,3.138710131095634e+17,0.2075240652798084,0.0007267345,202.0
fa6c7824-a14f-4d6c-a7d2-fc0e3ef49527,3.138886271007458e+17,0.07635913488419137,0.19352308,202.0
8a6a1fb5-9460-4306-bc71-6f1539c944a4,3.138930215249511e+17,0.24660336374612613,0.11735709,202.0
8509609d-e8be-41c1-9f9f-30f515adee9b,3.1396776667565274e+17,0.04921307998421196,0.0018499164,202.0
51bd1bdf-b454-4d6b-96f7-dc8c2e51f50a,3.139721828017112e+17,0.349274684155543,0.005648666,202.0
add9cf5f-7bb6-449f-9fe6-eccb20dd131f,1.7002851081388045e+17,0.18885125019362295,0.002268952,202.0
33074669-6bc5-4de0-8694-7ed48dcfe81c,3.1387101313787514e+17,0.2378886730075154,0.000485309,202.0
0fa48d4d-14d5-4e01-91fc-697c03d77715,3.138886270976e+17,0.13450375164540104,0.0015050283,202.0
70c55a81-9a3e-49cd-ac74-c1a7c0f55099,3.138930216549745e+17,0.5675981354721724,0.006908633,202.0
b33c3f8c-fdc4-4d8b-80c4-deb86ea0ed0a,3.139721828127212e+17,0.2563228488011566,0.012718996,202.0
14a05637-24a8-44fd-9d41-c73c548c0997,3.139721828441785e+17,0.4316945403018426,0.021631844,202.0
8f0dff78-adce-474f-a6a5-465f8c17163c,3.139721825526743e+17,0.40282894156833793,0.004618606,202.0
cc951e5b-a2d2-407a-afc8-3b77eea9ed04,3.1385353369996506e+17,0.3685060502383835,0.00046403825,202.0
d696e0ba-c42a-48b2-afea-e5c6eea9603e,3.138754168115692e+17,0.1458022039431194,0.012967332,202.0
853007c6-5bbd-43f1-9b16-a1495386191a,1.7002852611837142e+17,0.28510967494211886,0.003723533,202.0
75e58ab4-e402-4e20-bf90-2c27cac636e7,3.138886272050792e+17,0.26175268160897835,0.04522023,202.0
6bb8eb30-1e23-474f-a353-8ca1965de276,3.138886271468842e+17,0.16523413154142347,0.011552259,202.0
ffc18bbb-a768-4c9b-a533-d7b1c4fc5897,3.138886270168598e+17,0.17465582147721054,0.0022838993,202.0
94838e52-b8b3-4069-9266-27bfda9a01f5,3.138930216245658e+17,0.25464648859246797,0.046997942,202.0
bd5d7fec-881f-4555-8292-0be3e026ae77,3.1387541684722086e+17,0.31028801479277596,0.0016709231,202.0
d695bc61-f44f-4ce5-aa33-dba5574e5a58,3.13875416845648e+17,0.30140562866019205,0.0125636365,202.0
b82b2c40-40f5-4ab2-9cc3-00a5365fd796,3.138886271914476e+17,0.3223232811526466,0.0012006033,202.0
9992582e-327d-4a54-adc7-347e7512c9de,3.1387101322228544e+17,0.029072142285170816,0.0073626097,202.0
33880057-3b8a-4d30-bce6-54ea2c1ab2c6,1.7024399989748554e+17,0.27382717141239105,0.002343938,202.0
0f61b2f2-34e6-447c-bcec-64a20e2d2e45,3.138754168320164e+17,0.1746206057401317,0.0029102764,202.0
7ffcc85c-129b-41a6-a73c-21e6456fd036,3.138886270304912e+17,0.19863358758660768,0.010769957,202.0
3d7569cf-c03a-4f0f-8485-0678ea1ad2ea,3.138754168445993e+17,0.28534586626252295,0.0695741,202.0
8504d779-e452-4e51-bfa3-6832f460780e,3.1387101313525357e+17,0.497223718215487,0.051618807,202.0
4767370f-2c13-4d29-a32f-e184e41f5c8f,3.138886270635214e+17,0.2809455350038512,0.007266579,202.0
ccb4e746-d292-4fa2-84e8-a52ada815df8,3.1389302146518234e+17,0.05069602775237586,0.0032790736,202.0
c75f16d2-ac18-4bbb-b58a-41f96a73322c,1.7002848572302963e+17,0.15165755388614827,0.0038748137,202.0
7afe75c0-e351-473d-9c09-99935e42a6f0,1.7002848739655683e+17,0.2649547655809425,0.003480784,202.0
997b8550-e707-4f1e-8589-42dfe099bf0b,1.7002848571516525e+17,0.049967580471880886,0.001831164,202.0
ffb69e73-fa1a-4cf2-8fd6-c49bec50c4ab,3.138930228178453e+17,0.2086585928079654,0.0036835345,202.0
e5fc7175-c3c9-4c7a-b081-bf8940427024,3.1380066381542195e+17,0.08282515609689968,0.002978087,202.0
001014f4-7826-402e-acd4-65bd91aff9e8,1.7002848569524234e+17,0.008574218521437542,0.0048907907,202.0
6bba6399-9729-4a8b-b7f8-4477cde32004,1.700196963450881e+17,0.004800823618255481,0.19239725,202.0
0f501350-9b45-46de-9dac-7e86bee1e0f1,1.700196962800764e+17,0.02155673933860924,0.007104658,202.0
28fb699a-fa08-4428-a723-c7626c6fdf65,3.1370828901357984e+17,0.0954738406770051,0.023755444,202.0
fa5c6dde-6dc7-45b0-9a15-7c4a7969d67a,1.700284857156895e+17,0.13128695726483677,0.0015102114,202.0
85020f82-19ab-4ff6-9aba-6cb4bd56e229,1.70028486400934e+17,0.004143490628128725,0.001226427,202.0
84f2e962-dd50-49b2-a1c7-263ecd844981,3.139414514414387e+17,0.02639053673694667,0.00072129566,202.0
d6eb351d-23ea-4855-9a0e-19cfe8869d8a,3.1376104234732755e+17,0.1332315126977902,0.033358168,202.0
c22fbbd5-a80c-4e4a-829c-8d2841438520,1.700284984160421e+17,0.36331427284412576,0.010224309,202.0
3875f90a-6b46-486a-b5b9-528dbe17ac12,3.139985406411408e+17,0.5071077175838203,0.0027975277,202.0
6642c076-a6b3-42f5-bb75-3627922fc7cc,1.7002848974956154e+17,0.014066815868583127,0.04334413,202.0
a8d27e01-1dee-43ff-b32b-4bc0c2fd3dca,3.140117758345217e+17,0.0025546271915664253,0.00093864114,202.0
ae153401-1402-4445-9d5e-dc298707c231,1.7003288362588582e+17,0.512220890541453,0.0030608508,202.0
6123b6b3-505b-4ad1-aa8b-12d09b462a2b,,,,
70b48cc6-add2-4dca-b4ba-78125346eeef,1.7002848585672304e+17,0.033546897934948604,0.0015279002,202.0
42bdf0ba-e509-4ef3-a1a8-ab501840ddf1,1.7002848752553174e+17,0.032445965138442716,0.015066347,202.0
47b8f9ed-7552-44d5-adb5-d0162f65b025,1.700284857151653e+17,0.24564033389921988,0.0018909514,202.0
19e95492-7a8a-4c67-8f53-4dfced5f32e9,1.7002848605490384e+17,0.02183427728985316,0.005257905,202.0
801ceafa-afdd-47b2-90ab-51e66c48690a,1.7002848888972906e+17,0.004574404864662086,0.0015494749,202.0
336ac66e-7e55-4d0f-baca-c58074d23b88,3.138535013482497e+17,0.024969282245137028,0.0013716124,202.0
d19df7e9-7737-4d1a-ad34-da1f6c707105,1.7003288424506992e+17,0.07166520215076534,0.023869393,202.0
a8d00a3c-594f-4e62-91bb-a2a8d401e89f,3.139457697400751e+17,0.47657608505437143,0.0017764781,202.0
9ea20e4d-eaff-49f5-ab41-81368adcf1bf,1.700284861796844e+17,0.056626686437571155,0.0048844153,202.0
c2628896-63a9-45f4-8ad9-4723de7129db,1.700284859311719e+17,0.27794434162455317,0.001198562,202.0
f016d312-53db-4767-bc8c-64a3ae640770,1.7002848690529898e+17,0.08574369236089485,0.001968578,202.0
a3b5537d-fefd-45af-b2c3-9a5cdbcc5e84,1.7002848700648656e+17,0.007886461070900075,0.001060972,202.0
5c1c5012-2d7a-4d68-9c22-65efb18c35e1,1.7002848852901894e+17,0.8729321618278039,0.014178509,202.0
708310fb-05e6-4b4f-8bdf-5ff2575d2d40,1.7002848666674806e+17,0.31464433094136823,0.0051380177,202.0
5bfae7c0-203f-4390-8e5b-4c76a7c947ba,1.7002848570572813e+17,0.7325499862571969,0.0016840167,202.0
9ecb4762-b873-4573-a7bb-c390547ec455,1.700284867417211e+17,0.026710611193057926,0.0009457921,202.0
fa757f48-b100-44cf-bf2d-53cad6616caf,1.7002848808389846e+17,0.7699487594318465,0.0021528506,202.0
28ded8e5-7cf2-45f5-8a1d-1f0362417085,3.13756671735759e+17,0.06465633582522418,0.004481251,202.0
94586b46-ad25-4c64-a485-e922622a7f06,3.137610422062941e+17,0.025608155803094303,0.04233605,202.0
7fb3a836-34bb-4ec3-ac5e-3389a2ae803f,1.700460903451853e+17,0.43796962242000836,0.0011814921,202.0
7adf7006-821a-414d-9729-fedc0ccf309f,3.138973839156839e+17,0.1576651724146173,0.00060167245,202.0
8f4110e7-eae5-401a-9262-4ec04abf9507,3.1389302306635776e+17,0.21221798394385805,0.010112476,202.0
8f3e90d3-1a4a-4956-8b01-4799c60780a4,3.1393256661372115e+17,0.49675523903436336,0.0011077725,202.0
b834930e-b62b-403f-ba21-8419a1cb4b6e,3.1396335949866605e+17,0.030527966577921357,0.0052733333,202.0
1463aab1-a475-4b31-8af2-b6324409547f,3.139985406128293e+17,0.02772159267602982,0.0009969826,202.0
66752880-0a55-49f8-80f4-22fa39764300,3.136995065295012e+17,0.02506781012474798,0.00091959815,202.0
b33c4615-4bc8-4802-a63d-a54be705826e,3.1376548066282714e+17,0.05874445911736078,0.0014265699,202.0
8a1722c4-e528-40e4-91c1-094f616da1c8,3.1386220427529434e+17,0.006134499419916229,0.0009308124,202.0
d67c494e-b798-44f5-aed7-288dbcd68aa9,3.1389302307002784e+17,0.2914459145867348,0.011955224,202.0
33592ca5-d5a6-4834-bf89-f7939701bdc3,3.139325664768819e+17,0.4758242270758725,0.0013392005,202.0
3311f6e0-aff8-4ae6-a83b-9628b133da65,1.700284856742708e+17,0.09404128672286916,0.0012442449,202.0
9e9a14db-bf68-4e86-a8e6-20ebe3ac1688,1.7002848597678502e+17,0.010738620075572683,0.0026800141,202.0
14ca7561-e39e-41a5-bcd9-cff43ee67ce2,1.7002848807655834e+17,0.06647083953105329,0.0018348694,202.0
bd62a5c8-ac93-4047-9b31-cda580b50dae,1.700284863374951e+17,0.17081123667587875,0.0031953116,202.0
5c276bbe-8922-46d3-979d-6096453c9412,3.137610422015755e+17,0.1474112746568209,0.041903455,202.0
053f583d-781a-4d0c-9f14-c07cd3ecd0e6,3.1375667167284454e+17,0.04171617581203521,0.008761965,202.0
f57c23ca-1d6b-4cd2-af4b-5c3607de73c1,3.1387541679479206e+17,0.31793908584582764,0.04055083,202.0
ade3cabd-1979-4af2-95c8-77906b631195,3.138930232682088e+17,0.019526481888556855,0.012745651,202.0
a38f5bcd-a09b-44fd-9b04-b8144afe6f95,3.138886271059887e+17,0.12581101930645489,0.014392296,202.0
0f6dcaad-9a38-4401-8825-65d7c23dad2b,1.7001969634351523e+17,0.010650508721481175,0.0872675,202.0
b829cc43-0dfa-4f0c-a626-eeb469fbf00a,1.700284866137948e+17,0.020838523489282265,0.0020791912,202.0
0053ad94-8c67-4a3b-be71-c46477ff026d,3.136995063192618e+17,0.17914787096412024,0.0011501589,202.0
759d493b-291c-44a4-a88d-7aaa2c33398a,1.7002848720624035e+17,0.5108864693446669,0.001252099,202.0
14bb236d-8dd6-48e5-ae67-a0ccb787f2ae,1.700284873965568e+17,0.013877323245248513,0.0014646319,202.0
331e4580-a22a-4093-8a35-b04e0bd60843,1.7002848889392336e+17,0.22062235688475323,0.002476452,202.0
8f71b0c6-4069-497e-812a-7a8e1e57d84b,1.7002848876704563e+17,0.0003373749448162985,0.004257401,202.0
bd584cab-f023-4acd-ac31-3bee13049f5e,1.700284884713473e+17,0.004664525292789274,0.002673412,202.0
33156887-ccaa-42ff-896c-a2452ef7aa7d,1.7002848607587542e+17,0.00892837234604896,0.0020940711,202.0
28d3bed3-35ea-4e15-8380-136c5976d156,3.136819140330783e+17,0.09661291200370556,0.0056855767,202.0
4ceb5c23-8eea-4b95-9425-64ffa3b317b5,3.1370828917506054e+17,0.03444541175380723,0.002456036,202.0
fab3d203-3321-450c-a596-760b42358977,3.138798187734631e+17,0.11173323685070757,0.0034673768,202.0
cc931a64-4746-440d-9319-8341d3898cec,3.138930232708301e+17,0.01267613073275283,0.011090836,202.0
291fdc53-e86b-4e41-9ba2-f2263c244f2e,3.139677528145265e+17,0.6095593980187977,0.019799653,202.0
1ea312e9-7bf1-498d-a677-c8c43a296b8c,3.13998539793892e+17,0.0047861005842803235,0.0017961542,202.0
84f46abb-af41-48fc-93b2-75c516080c40,3.140029718818981e+17,0.31226331410735564,0.00797868,202.0
75f7e3bf-3740-4c7f-9c97-cbcf5d1b46b4,1.7001969646095574e+17,0.008169855978231083,0.04097062,202.0
cc5b3857-339d-42f0-97eb-9e968f93ff3d,1.700284858210714e+17,0.2324566165966785,0.0019631765,202.0
a3e9b1da-8188-48ad-b2f3-fc8da179f110,1.7002848852692176e+17,0.004611184062608687,0.0062490036,202.0
f0535138-cf40-4f4a-8a9f-8e5001234a80,1.7002848661012486e+17,0.0050366854356263795,0.002203387,202.0
bd283832-9f69-486c-8844-ee4c6ea0b062,1.7002848636528237e+17,0.1652753956931732,0.0013388365,202.0
477509dc-ffcd-4d55-96ce-97369bb5f99f,1.7002848679624717e+17,0.09354350433121898,0.00289406,202.0
d1aa61d9-ec37-476d-b33c-63cd6845d0db,1.7002848586144154e+17,0.014733626145906481,0.0019269177,202.0
38693934-e8f4-49cf-96c4-7b8f22f05b89,1.7002848863702234e+17,0.008952298794025145,0.008522532,202.0
56f25119-6c2c-4ec6-a532-d90c043d3914,1.7002849183832483e+17,0.9167586878033395,0.0013633866,202.0
0012c5d3-39b4-4f7d-a089-5a6ff8d1caeb,1.7002848577493414e+17,0.0016916964203157199,0.0016033574,202.0
84dee059-5712-4f54-a0fb-b088d2096c71,1.7002848579223562e+17,0.004800886973873835,0.0014018478,202.0
426176c9-fa07-4f6a-b15a-d62d95f9049a,1.7002848613512006e+17,0.2721159539942688,0.0021283266,202.0
b835f7ca-7c7a-487b-9590-f476030a11d5,1.7002848862706074e+17,0.00583658966567385,0.003344329,202.0
8a120a8f-a01b-45b9-8622-d67f4b8a58ab,3.137039050442021e+17,0.04654698515705374,0.10375913,202.0
a8ea108f-2bf6-4599-873d-95d5fa543852,3.137610424076206e+17,0.2015618372279882,0.026706139,202.0
ae00fe89-00dd-4f21-bed0-3dfb7e63ba3b,3.1383145832985395e+17,0.2766302362003251,0.012935233,202.0
945f446d-1a7f-4d31-9cd7-3bc7ad4bf2c2,3.1386220324506835e+17,0.47392887662478916,0.35985917,202.0
cc93b22e-5152-4d4c-88e7-3ee63bc17caf,3.138710132836272e+17,0.2482681482642254,0.00060491235,202.0
996c54be-15c2-44ed-8254-7f56b6c74bd7,3.13893022980899e+17,0.022797217353990415,0.0029343937,202.0
759b6a23-c10e-4934-a35b-891205d706fe,3.1389738399013274e+17,0.034859567535543756,0.0035941878,202.0
ff923bdf-6eeb-443a-bf78-f01ce3e9c09f,3.138930215086982e+17,0.49048610266638065,0.092805594,202.0
b7d4a263-7c11-4149-9bb7-6ae5e0975a3d,3.1396335945515014e+17,0.029956766710590697,0.013829761,202.0
6bac600c-c23a-45d4-963f-014b1eb778f9,3.1399414473949203e+17,0.0377224504829774,0.0067163855,202.0
0a21a489-ad24-4740-8248-f3285ca7b3e0,3.1387101476788646e+17,0.06452220708997282,0.007645413,202.0
573d86b5-d417-489d-bcf1-f8b1e4217281,3.1389738391778106e+17,0.083304213147901,0.0009794437,202.0
2decd387-67a9-4772-bbfb-99d3f2a350cc,1.7002848620327734e+17,0.5261948428347378,0.001355293,202.0
e0e08b3d-e159-4cb3-a460-c351b5f0f9f4,1.700284863799624e+17,0.005566334201833782,0.0012229389,202.0
330a130f-2596-4808-907f-64505fe88597,3.1375667167179584e+17,0.12236328268210304,0.0015002398,202.0
c238400d-e8e1-4c23-9ab8-7f260010ba71,3.1387101509923706e+17,0.05401440668644059,0.0073864027,202.0
666982cb-347b-456b-9f57-b3b72948ffb3,3.1387101501168026e+17,0.009213092048083422,0.0018936332,202.0
66850686-b8a4-439e-992a-0e0f71686250,3.1389302311564096e+17,0.13146974424137872,0.012134133,202.0
a91d4baa-2c02-47a7-9698-64c015a7d1d2,3.138930228084081e+17,0.12944374061316197,0.01920839,202.0
a3825ed0-1a20-4563-8f6a-9564eba600de,3.1389302285454554e+17,0.18606615579010274,0.036401916,202.0
7af44deb-a7b8-4c32-97df-4ebfa42515ff,3.1389738396496704e+17,0.3927540425363175,0.0050195805,202.0
db9098d8-edbc-4da7-b872-1a9be5f66cb2,3.1399853957683616e+17,0.21725851684947925,0.026348956,202.0
c794f921-c71f-4f0f-aa1d-38d5a4a52d19,3.139985391616e+17,0.08157496083271208,0.011709348,202.0
b851125b-2dd4-4d37-acc9-beabcf974312,1.700284888902533e+17,0.0015709858812787256,0.0014580112,202.0
fa5afd19-458a-40d6-a4c8-921961120170,1.700284886448866e+17,0.037928400416763534,0.0024026656,202.0
51fe573b-dfc0-4d64-aaab-65e504a66c38,1.7002848675430413e+17,0.1653961734320606,0.0015723507,202.0
8f3a6524-a3db-47c5-9116-4ab020f057bd,3.137566730433332e+17,0.43738324264609824,0.09464183,202.0
fa9b5c90-7f28-44e7-94a3-7828dcd82fea,3.137742693854087e+17,0.02884457203892514,0.0006980417,202.0
eb488281-2ae3-41b4-9482-0d88fa8a0f69,3.138535331672884e+17,0.47945519461756536,0.031970542,202.0
b8238e90-2ddf-4ad9-9e5c-167e6b83f938,3.138710152822129e+17,0.06061958923088144,0.006887869,202.0
ff94408b-cd8e-434e-8820-5150a6a6a47d,3.13871013509071e+17,0.03462345589732863,0.019168368,202.0
5c67d3a4-9f3e-49f0-a127-d746eeea30ff,3.138754168445993e+17,0.354749674660386,0.0031729296,202.0
c242bdc0-e40d-4839-b326-cac1817773ec,3.138710143400676e+17,0.0010141187850721714,0.0024715178,202.0
4d112d14-5be1-48f4-aa09-3c1a381d4282,3.139633594792674e+17,0.02353023468993458,0.011965634,202.0
c74f1b34-605b-4477-bae9-45568a15c64b,1.700196963031451e+17,0.0023924567669413865,0.56492054,202.0
8a053d64-a597-4cc7-ae00-6bc33c06c9c1,1.7003288315455088e+17,0.011455792712426423,0.0021042963,202.0
ae21f4f1-5dfd-413b-a611-eb96ac70ef56,1.7004607730142454e+17,0.0015949495083005018,0.0013172083,202.0
0fc24fae-3208-4ac9-b0a6-73b8d394563f,1.7002848865956666e+17,0.023255988746482874,0.0024462868,202.0
fa862d19-f713-4a4d-8c85-c14c6769bdba,1.7002849015850605e+17,0.10727249733729972,0.007361623,202.0
c28ebd46-5a3c-44f2-8431-b2fed2d8f30c,1.7002848943498854e+17,0.6427362605562644,0.07711529,202.0
a3bb7d83-dbce-45b8-8a80-b42923606ce1,3.137610423667263e+17,0.09857395203715194,0.022749195,202.0
709f9b7b-bd36-4998-b27e-6921616da163,3.138622048132139e+17,0.23730499101697095,0.0010492562,202.0
8a3655ea-8281-4baf-9af3-b8140ea30902,3.138754168556094e+17,0.12310137665107979,0.008211745,202.0
42575460-7223-479d-ba11-d7bdaae9df77,3.1399414459531315e+17,0.011328502979019888,0.004487052,202.0
eb3a154d-f8dc-47fc-8f00-4e057179d0bb,1.7001969647249008e+17,0.006163272439427389,0.47116396,202.0
9984a185-56c0-40ec-a6df-06f5d7bcaded,3.1373025983122643e+17,0.039772024907698024,0.009127592,202.0
f5923297-9573-479a-8a27-a046822bf55a,1.7002848916707792e+17,0.0069708627614899705,0.0015492853,202.0
7a8e948b-e443-45fb-8587-d559bc8c6f1f,1.7002849213612035e+17,0.00457668127717141,0.0025543016,202.0
0f83d30a-7ef9-4b20-bc72-40f1a5bdbfa8,1.700284859982808e+17,0.014548420970044433,0.0013377198,202.0
b32cc211-b8f4-424b-b805-86ac6e9b9705,3.136775167782422e+17,0.29629123759387843,0.005004113,202.0
0510af4c-cdee-4da8-8933-334e12623667,3.137610422503342e+17,0.0705490203640022,0.04238493,202.0
b308971c-9363-40bb-924a-65ca705df2aa,3.137610423688234e+17,0.14380062808278785,0.011121672,202.0
61863dbd-f655-49ca-9ee1-492612c55470,3.138622051277867e+17,0.13857226331738726,0.0008488139,202.0
1eabea7b-f9e5-47be-96fe-44dfc92e5066,3.1387101389966566e+17,0.014347419653970088,0.004175041,202.0
613dafc1-41d9-4c6a-aa3a-a00cd9c08d36,3.1387541677853914e+17,0.03837026845321092,0.009682209,202.0
70876d24-7c34-4642-8305-6e825cbd3ff1,3.1399853921193165e+17,0.007551194679832202,0.005238948,202.0
cc46d2cd-ba7a-4a0a-8043-ccf0a88c267a,3.139985397189183e+17,0.08071006020925552,0.0036783458,202.0
b2f85191-92db-4e17-bc5d-5c20f1057a71,1.705871166726473e+17,0.0069413338272615215,0.06612916,202.0
bd2bc5cb-3e5b-483e-957c-934c89d37455,3.137214660057498e+17,0.020058534108203182,0.016161703,202.0
cc7daf82-d855-4f91-821a-1d9cb9111163,3.1372146586419206e+17,0.05206697468623194,0.026191836,202.0
33861c72-1e18-4a3a-8cc8-5f8715ed8ec7,1.700284873037579e+17,0.03846342516038838,0.004143768,202.0
eb5c0edd-36da-45f2-9860-ae499ae219d6,3.136775164982723e+17,0.3947120512345442,0.031928208,202.0
b2ebe571-5c5e-4095-8214-14cc59fcaf59,3.138754168367351e+17,0.5130244782533603,0.010165693,202.0
3dabe646-d4a1-467f-8052-e6fc78816677,3.138886270488412e+17,0.2418961566978597,0.0021325885,202.0
ffab5473-5838-4d98-b70f-7e2690b3818c,3.138886270729585e+17,0.3362338732828935,0.0015145433,202.0
d6d96288-9a77-47be-accc-a11afe92f430,3.1399853985261165e+17,0.09158193490859931,0.009644219,202.0
28c72c6a-06b8-4c1a-b2b3-279628bb6140,1.700196962984265e+17,0.02291923387944938,0.009947046,202.0
61851546-95f7-4d28-b369-767eab418632,3.1369071723597005e+17,0.4767647251446942,0.06561612,202.0
800de56f-9532-4cbe-a8df-5663c763044d,3.1376104236725056e+17,0.20020246006131653,0.0122953085,202.0
6680d413-9d7c-4abe-8551-31ff0773554d,3.1375667170954445e+17,0.1371626385583965,0.08035608,202.0
148bd14e-c5e1-407a-bd67-19a2762956c2,3.1383145849815046e+17,0.36868505862861883,0.02496511,202.0
946c54cd-01a8-4451-8bd3-ef419fd44b03,3.1387101512807226e+17,0.1358137812871365,0.015553388,202.0
4c993351-b261-4b8e-a0a6-eab54fbe9a54,3.1389302292322714e+17,0.13762368643372005,0.010001648,202.0
c2320660-8983-42af-b413-b94a1027ff03,3.1389302321001274e+17,0.15758618361544696,0.007533778,202.0
adf3fccf-6f72-490f-a5b0-b8fb967e24ae,3.138930231025338e+17,0.036355239692583724,0.028713323,202.0
b2d6dcfa-3521-4d5f-abd4-1a621cb7dd50,3.139853479727598e+17,0.0363616190269432,0.0014841264,202.0
c26a52d8-1896-4823-b16b-781e12c1c321,3.1399414503519034e+17,0.4167539170559264,0.019624196,202.0
bd3b4948-6ceb-461b-a4b2-633b60db8812,1.7002848577388554e+17,0.03002955129962252,0.0069149677,202.0
28cb1780-52c7-4985-b3c6-51b7da881e00,3.138710135415767e+17,0.04669844737049353,0.020825652,202.0
8a0eeb67-4734-454b-9abb-fb91a3bbf21d,3.13871015431635e+17,0.4952287060695671,0.22471648,202.0
eb3c2b39-35c0-4f76-9abe-628a83eb6ed2,3.138973839775498e+17,0.015691952112018057,0.082399204,202.0
7ab1ae51-c063-4b7a-a3b2-26100786e9f2,3.1388862703311264e+17,0.42115389988093793,0.0047318134,202.0
1ef17e83-7b1a-4efc-bc64-191c465bb3c8,3.1387541679636486e+17,0.14190954831781685,0.004129321,202.0
c75897a4-4950-4f50-9295-1cec3b9535b3,3.1397215339492154e+17,0.1025447875707727,0.20775898,202.0
bd46ff79-fb1f-4531-a621-35bbbba26522,3.139941449056912e+17,0.01683001136630999,0.08995353,202.0
850ad02f-8c78-4643-9482-85e72410d1a1,3.1376104233893894e+17,0.035331021796268514,0.015054696,202.0
3881e9de-3974-4edc-94ba-740c9722a7a3,1.705871168110593e+17,0.02081464053110836,0.19808507,202.0
28cb3262-5014-444b-86fb-8a6d2716e3f0,3.139633539815834e+17,0.16225349205103354,0.0113981,202.0
dbc24e5e-a78b-4ebe-92c3-fc27db7cd4cd,3.140073458787944e+17,0.06471893432796326,0.052056883,202.0
eb0d263c-8bde-4c8b-9bea-75fac030be0f,1.705871167444748e+17,0.005632874729838983,0.028355753,202.0
3860c0be-b5a2-4abd-bb2c-019adf91f7f2,1.7058711674185322e+17,0.012220790868604387,0.074464045,202.0
a3b3af41-a9c2-43e5-a3e2-6773bdae1811,3.1376985877014125e+17,0.06353300427437944,0.008051436,202.0
28ef4796-f37d-4e4f-b94e-792bddccf39a,1.7002848567479517e+17,0.02024667345541383,0.001352314,202.0
7af15003-1782-43a5-9f6a-e55cb3bde5af,3.1367751732140454e+17,0.024024756913378915,0.05223805,202.0
610e2096-76e0-404d-917f-76d00f287b56,3.13853502042407e+17,0.08416461792291191,0.0031184163,202.0
47b842ba-01bf-4014-b664-7abe85e294da,3.1367751675255206e+17,0.02975211003020651,0.059845127,202.0
1ed827a4-f03c-49e2-bb9c-d97a4344be0e,1.7002848586563594e+17,0.9266740964577805,0.0015926784,202.0
23daffd2-a715-4556-be54-b0f611fb8303,1.70028526623785e+17,0.03961410481153899,0.0044452413,202.0
d6a27b30-431a-4e0f-aab9-a1be452a708e,1.7002852662063923e+17,0.013638893691642461,0.013239765,202.0
0a70e80b-d80b-4bd3-983a-8d2a1392bf09,1.7002852648537306e+17,0.08496891591503854,0.013218016,202.0
e6083642-9bc9-4b53-8d2a-ce3284551c03,1.7002852646440154e+17,0.037852079356284915,0.008430626,202.0
adc91524-165c-41ba-b201-50b14010650b,1.7002852662535782e+17,0.6344002541987404,0.004982162,202.0
70b66b34-da95-4787-ae03-63496f8f4a1a,1.700284858509558e+17,0.007237150445980695,0.0012192607,202.0
51d07e4c-93aa-47ce-adbd-1fb8f7bb3ea9,1.7002849029586966e+17,0.035036250684116164,0.021607364,202.0
23b56492-dc10-4fa2-9552-b8e1bad6cce6,3.137610422230712e+17,0.04782684345891337,0.011500222,202.0
19da3153-b8e3-4859-ba14-b1f358334bbb,3.138710152890287e+17,0.08375077280641784,0.1472693,202.0
51cb70c7-2d07-4917-8cbb-1fcc8ba476d7,1.7002848730847648e+17,0.0013374955411225163,0.0014913935,202.0
ffc8461c-4b07-44dc-8059-e929067ae576,1.7002849292097962e+17,0.0015085389522171075,0.0014644259,202.0
7fb148c8-6661-4e14-90e9-d4b473e8b1ad,1.7002848867791674e+17,0.008578205081973602,0.0066407523,202.0
7aa85e1b-0e39-44fa-80fc-2141493399e2,1.7002848577440973e+17,0.9394364208180357,0.0014384404,202.0
b323f73d-5d4c-48b9-af17-a4dd579f4296,3.13893023221547e+17,0.43085004410167255,0.014324119,202.0
ae306fa1-783f-442b-9c7c-a307f95e8d65,1.700284878249002e+17,0.0023230075091209635,0.0015864202,202.0
7fb1a56e-ee90-4ff9-be3c-fc7a07a84049,1.7002848684500592e+17,0.04813243929538526,0.009468213,202.0
ffb7b218-a24c-4938-a831-16c441726baa,1.7002849271126432e+17,0.0012544505858479047,0.0013573198,202.0
6b72bd9e-789c-4a7f-9b63-988257d98405,3.138358365892118e+17,0.13059828775396543,0.0012530214,202.0
9eab9424-bdc4-4db3-b378-c8dd85c09e6a,3.1389302287027405e+17,0.7707553516557878,0.0046313447,202.0
84d1231d-cf9f-4c6a-b26b-d49d8ec1e5a6,1.7002848698499094e+17,0.19522761808362496,0.01792968,202.0
7aebdaa5-c0eb-46fe-bf42-5ab3fef826c4,1.700284872869808e+17,0.03600375800037093,0.0020045952,202.0
a8ddc10d-bc21-44a6-b45e-8718c1ae4623,1.7002848850280454e+17,0.002104483834666643,0.0015930331,202.0
2e053af0-5b66-4d26-8fa9-f14e180fa3e6,1.700284858619659e+17,0.032863683748460916,0.0025922747,202.0
cc707399-6afe-4edd-ac9d-4f3a52ab9a7a,1.7002848859612778e+17,0.0024270987760486983,0.024240201,202.0
fa601d8b-5101-4d57-afd6-48ae0698261c,1.700284885924578e+17,0.014728534731537951,0.0030660238,202.0
05848160-2d51-4594-ad00-b57b21eea9c0,3.137302596749886e+17,0.09889701922081877,0.008509215,202.0
e630859e-7c61-4483-b359-af52f1aa312c,1.700284968531396e+17,0.0008456908250846956,0.0014924388,202.0
ffa8c3f2-9b6b-488c-a7e9-c2e16581c9eb,1.700284894087743e+17,0.05954285441484537,0.013880111,202.0
b8329a69-dd4a-4ee7-a97f-ae75a1365abd,1.7002852854739795e+17,0.045861876062420974,0.0056773173,202.0
944b92b8-5db0-466a-afca-6d364bb59da3,3.13871013669503e+17,0.7976466448657462,0.14574113,202.0
6bc40035-f6fb-4bc9-91c3-d15a7b374fc9,1.7043314135374307e+17,0.02663427509691064,0.0035955384,202.0
94742d79-33fd-434b-a30d-3adbd2800c76,1.7043314073036515e+17,0.004103478813296746,0.03126941,202.0
f08f3df1-ff94-4132-9541-7a9145fc3d9b,3.137566718406166e+17,0.03674775284672806,0.046968155,202.0
615e57f1-d18c-4889-82b0-880452052a03,1.700505332655064e+17,0.018433830371533608,0.0014547727,202.0
80158132-adfb-4527-bc43-45f3876dbf9d,3.139633593880412e+17,0.027599254945942887,0.011741147,202.0
9edf3570-7245-4f2d-8e15-42903f5c68b9,1.704419322526437e+17,0.049331055506787416,0.012528434,202.0
47af0ef3-8715-46cb-be5a-3668347ebf76,1.7044193239787136e+17,0.13314541306167665,0.0037992173,202.0
944287dc-ae07-4522-bc8c-f0c7fd33b1c8,1.700328864072336e+17,0.05439093843339692,0.001819564,202.0
75abb771-3330-45fd-918e-8243e27239c4,1.70433141140358e+17,0.0021947134618402414,0.013910151,202.0
1ec9fb9c-bbf6-4ac7-86ae-4c0bb41b9add,1.700284867107884e+17,0.013505005862240047,0.0030800423,202.0
75b21991-0bad-49ef-8df5-9649b2ef2543,1.7002848572827254e+17,0.3362131055177093,0.0046805413,202.0
1986ce05-7e96-453a-97fe-e592cf9a6f4c,1.7002848617758854e+17,0.003453201808282646,0.0013190383,202.0
28fb47f7-6c3c-48c5-b6bb-7623b8f572ba,1.7002848639044938e+17,0.0012987326762818024,0.0051595084,202.0
db8f2191-26fd-4c16-af03-caf90f50366c,1.700328829228155e+17,0.0014431237615795175,0.0015367578,202.0
9486b8bd-fce8-4129-9b1e-2df457ed4993,1.7002852770591546e+17,0.6132791940279478,0.00884999,202.0
d17e68ca-d17d-451d-8239-60aca1a1d286,1.7002848874659846e+17,0.34191449102062654,0.001603792,202.0
61494af1-a1e5-4f33-a133-cfc7de0ca97c,1.7002848747729725e+17,0.09197483460629685,0.005536656,202.0
6b8464fd-0b4c-4b1e-b591-2888ea3a2d48,1.700284869923311e+17,0.011849009806659505,0.0015085381,202.0
56d49664-c896-4b1e-a21c-5868ce63ef14,1.7002851161027382e+17,0.3685104115807413,0.00070030696,202.0
e129c75c-c743-421d-87c9-5c6db1c9549f,1.7002848603969994e+17,0.17243860802048633,0.004523599,202.0
6bae1cf6-da5a-46da-97ea-daa07ef59327,1.700284971808197e+17,0.024300623629270848,0.0013782048,202.0
52252300-a09e-4a4c-adef-38632581b562,1.700285275905721e+17,0.5518512128027435,0.010534027,202.0
00429afb-c43d-4215-b106-dd87b673c8b8,1.7002853444039478e+17,0.5600094122018435,0.001317041,202.0
70b98088-7ddd-40de-913a-45251f44e405,1.700284860475639e+17,0.0037114999935706186,0.0013373253,202.0
94799a88-ea9a-4d00-9ab7-173c9050af5b,1.700329107368182e+17,0.7256196792469304,0.0013796441,202.0
b32967d9-7cb9-4f7a-8d4e-b209d406b37f,3.137610422120612e+17,0.13226069053599923,0.007874424,202.0
476a6c12-99d4-4993-aa88-1663d71bb814,1.70028495304917e+17,0.032916802480160046,0.0071929214,202.0
e62210d2-d412-47c3-bf12-b94e32ccc753,3.1398534553849043e+17,0.03822161026590304,0.0058603957,202.0
8a1d3b39-6646-4fa1-9758-655cea2a4116,1.7001971632308234e+17,0.0030350602909964683,0.62790066,202.0
ae3bae76-314c-4b57-ad22-0dc08ee0d57d,1.7001971726784938e+17,0.09129554336679795,0.0009768913,202.0
c72e475b-0597-47a0-bc08-634a388529d3,3.139941406762619e+17,0.9266141887489536,0.014091251,202.0
94a7ba4a-9eb0-481b-a329-bb3cfe1f0c8e,3.139677667805103e+17,0.0546724350864072,0.0014990777,202.0
b7f61085-745b-4bb3-af9f-7444e5b8907f,1.7001971630525658e+17,0.0016855143410433057,0.0072995564,202.0
75a2ad3e-87d7-4ad7-b75a-a42580b6c9c3,1.700197163136452e+17,0.0054729135043086,0.0062263277,202.0
5c37f88c-74fe-4bb4-a4f9-7cf599bd415e,3.138886270221028e+17,0.04824208655427183,0.019062208,202.0
fa936b75-9c91-4da0-ad6d-ca690ad45cec,3.1388862724230355e+17,0.2571265087581462,0.0045678006,202.0
d6dae0eb-5078-4421-ab82-a4384fc27644,3.138930214662308e+17,0.13447465025116595,0.09346052,202.0
a3c5d000-6b93-434a-988b-102708dc773d,3.1389302179391085e+17,0.3494379913108838,0.061605614,202.0
6bbd4dec-1dd6-4ced-a603-885cdd89cf6e,3.1393259584592294e+17,0.018060597485524705,0.00041847964,202.0
bd772633-ada6-4091-888a-996b9741ac04,3.1396776612200454e+17,0.11291839078451045,0.010490357,202.0
47b77da2-fe5b-45c8-b1db-a0b0edec3caa,3.139809479654114e+17,0.22981887388513508,0.049393676,202.0
ae2b25f4-7db8-4057-adbe-db16e6ef3be8,3.139985704322335e+17,0.045323546594869875,0.00050940237,202.0
8f1c4082-1459-48e0-a4c3-bb5f52e05094,3.1396340595635e+17,0.051400436590003665,0.0037311115,202.0
00175d82-4f0f-415e-b58b-beeaae80e7fd,3.139721832300545e+17,0.18518390490138892,0.024528567,202.0
0f9b2e0a-a22f-44ee-bca9-83bf870d1e31,3.139721828677714e+17,0.26952633940037074,0.031661898,202.0
947dc3aa-5027-47d8-afba-b02ee13eac5f,3.139721840018064e+17,0.21193480314983124,0.00088097574,202.0
14899fb7-f148-4aaf-8376-7a0c3b9780aa,3.139809484917966e+17,0.28689936403895205,0.0027254894,202.0
a8d2b870-c4b8-4644-adb4-25c5bbe40899,3.1385353370782925e+17,0.46148037493999267,0.0011982205,202.0
943f1052-ab71-46f4-a491-167334b93deb,3.1387101568014746e+17,0.5935555989731366,0.0004910279,202.0
f036edef-cfce-4325-bc8f-c6bf957fa358,3.138886270551327e+17,0.26039411313879274,0.0026526041,202.0
5c1555b2-a326-47c1-a408-e3c0af5388d0,3.138886270624728e+17,0.2979891538727419,0.06842642,202.0
0a9b19ed-4925-4e06-83bd-874dbb8718be,3.1389302160044864e+17,0.4707986451919586,0.008933267,202.0
196b8afc-3b7e-4149-9134-ab628f4c9cc0,3.13893021641343e+17,0.048208699183140295,0.08360076,202.0
d1539dcc-c1c9-4a14-83a4-b57040199d42,3.1396776640092576e+17,0.16104399306579972,0.0015324845,202.0
0a48ac8d-7f5d-42e9-a9d6-17185dabe31a,3.13967766151889e+17,0.041576514434733265,0.098147795,202.0
b80c1596-10a0-473d-b64f-baba702bbaa3,3.139721826507162e+17,0.16040371829590583,0.021461226,202.0
8f4aa6c6-a6aa-4ab3-a23b-36ec98ac6d65,3.1387101433954323e+17,0.3379189440032179,0.001668277,202.0
9ebf82d8-8355-44f5-a226-25e9a246faeb,3.138886272370607e+17,0.29710441202315196,0.012696526,202.0
8004c5e1-258d-4aad-b9b9-82291a2d37ed,1.7004609316428195e+17,0.3987579103211359,0.0024213227,202.0
8a1490aa-ed0d-48ba-8dfd-605219f31b99,3.139677666646427e+17,0.1612394566561134,0.0008317867,202.0
8a66a299-fcbb-4a16-ba76-14b076b3802f,3.139721825930445e+17,0.3061851070758468,0.0055361227,202.0
56d06ffb-b3fd-4b97-8e84-771d0b8ae54d,3.1398094788467104e+17,0.002905784419073607,0.0028331808,202.0
7fca7af7-2014-4f8e-905f-1e07373c2b93,3.13980948350763e+17,0.33433375892526357,0.0019601656,202.0
6142b02e-c498-46c2-853b-533c9b0c19ac,3.139809484965151e+17,0.381079250047877,0.004012478,202.0
c7822cf2-beb3-4311-90e9-566c04f13aff,3.1398094816621376e+17,0.006569713309391187,0.0021647697,202.0
00282e28-f8a6-40a1-a14b-3778aa7830fa,3.1400301438173203e+17,0.16364380684505758,0.0017830629,202.0
336d5197-5f66-4627-8a85-13d001331c0e,3.138710143751946e+17,0.04499981618444686,0.0008476101,202.0
61712958-c77c-4d7b-83f4-5d9d51b58e85,3.138710140433203e+17,0.0752651845326077,0.0008653753,202.0
521a7d3d-fc24-48c4-b0be-46299e461ebd,3.138886270572299e+17,0.3021326305821251,0.023307905,202.0
57060464-f919-4a5e-b025-dd66f5fde903,3.138886272297207e+17,0.2557222020325278,0.004284236,202.0
c789bc93-193d-4913-9f3e-726263490676,3.1397218272988365e+17,0.5685517940631766,0.012033038,202.0
0a8bf4f2-3d23-4f6b-8cf0-68529dd7cc1f,3.139985697941751e+17,0.03102635650478685,0.0049897637,202.0
8a57e112-8fc5-441b-a653-1140ac14a800,3.138754152497152e+17,0.07211420602492874,0.006607725,202.0
05882836-825b-4881-89b6-c81a9445e099,3.13875416791122e+17,0.13496694212578303,0.0057337675,202.0
d16cfbdd-8a42-4186-9a78-cfa43c31a5b6,3.138886270724343e+17,0.2554473469472489,0.0009922932,202.0
2df3813d-a018-4482-a4ae-57b4ada5e14e,3.1389302159258426e+17,0.19916783748741768,0.003605048,202.0
80060fac-97f2-4256-9266-c076f7dab993,3.13980947881001e+17,0.12816913217067674,0.007912187,202.0
3dacbc68-74f0-4407-bc75-e759b240aa38,3.1398094800683014e+17,0.23420828877806754,0.0030507285,202.0
47a699da-8c73-40e2-9d54-b8a319bfaf2d,3.1399857020626534e+17,0.028920606840243886,0.00053818646,202.0
51ddd546-52e3-49e1-8570-dd2aa6fe679c,3.138710134466807e+17,0.32920721303041817,0.026817746,202.0
3da8ead1-4c12-4774-bd16-abf4859c6797,3.138710155197153e+17,0.26630013756247295,0.00093252724,202.0
8a23e2fd-d40d-46d0-97d1-8a7ee467676f,3.1388862708449286e+17,0.07928598102600423,0.0027980353,202.0
2917ec88-bfc6-46b4-8201-5369ea252c3b,3.1389302173781203e+17,0.39896772077738024,0.0077296295,202.0
cc641609-89b2-4646-a95b-9483a2756ebd,3.139677661214802e+17,0.29035386690539494,0.021461884,202.0
94553553-b507-40b8-887f-f2d473e181b2,3.1401177630113805e+17,0.3345902665329832,0.004927985,202.0
8525bc54-b349-4193-bb50-519dd73079a2,1.7001971640067696e+17,0.0042146343098212035,0.013759533,202.0
5c1e848a-f030-4ea2-903f-27fcc71d1ddf,3.138886270871143e+17,0.8685041686864012,0.024487345,202.0
38633d31-79c1-4136-90d8-d133040d820d,3.138930214929696e+17,0.4494412214663354,0.005323728,202.0
ffbfc2ca-492d-4157-b04f-bb41a3fb3b39,3.138930214583665e+17,0.2386932659756226,0.0032502988,202.0
0021b4e7-2fdd-4994-b59f-d4b84c78f721,3.13998569386279e+17,0.010984342615417319,0.00093782146,202.0
8f0aac89-72e8-4aa0-86d9-43c23eccdc68,1.7002851752319392e+17,0.6083291032279909,0.013236444,202.0
d1b582c1-438f-403f-9db0-c615dd9ec7a1,3.138930214599394e+17,0.46894527616813475,0.004593698,202.0
29121371-273b-4b72-95e4-d86ccc167118,3.138622032199025e+17,0.3540923526282582,0.0009823364,202.0
7ae052a6-f1be-4c9e-81bd-19c5acce6392,3.1387541679059776e+17,0.182941163636146,0.0037717733,202.0
eb34f06a-bf37-470e-8380-f3d8d0175bbc,3.139721825898989e+17,0.05280006297985504,0.0017956198,202.0
3368daa8-3195-4292-a1d7-d229b16cd3d1,3.1397218271730086e+17,0.5418369871602913,0.06240962,202.0
f085ef3d-6e66-4eec-80b9-e556d1fb11ed,1.7002851731557594e+17,0.04809735138246406,0.15804274,202.0
b7d852aa-0bf8-4760-8577-a9876d4cdd60,3.1388862720455475e+17,0.3856044185018274,0.027991952,202.0
f0534af8-8363-44fc-bb1e-eea37e9e7261,3.138886270268212e+17,0.5830687057733505,0.008616543,202.0
eb6a0ba9-2324-4305-b4f5-fe6f305b80ac,3.138930215763314e+17,0.24267384052929225,0.01360457,202.0
9ed08b49-9538-4323-9e2e-a3ba9dff0252,3.1396776717477485e+17,0.08408140939819857,0.036666088,202.0
0f657b3c-51a0-4a79-b0e8-22fcf59681e4,3.139721827844097e+17,0.044287006705969814,0.016536921,202.0
dba1f568-4cd8-41ef-b468-cc3317bc2c61,3.1386220427267354e+17,0.010040563419598221,0.00093592535,202.0
d6750d80-62fa-4704-883d-1511ccbf4ed1,1.700284858640632e+17,0.08257058203748979,0.0040531703,202.0
05290745-b1b2-4a88-aab8-e2f1a4ae66dc,1.700284884115784e+17,0.36341078027391077,0.0014290917,202.0
8f040d3d-40a2-45f0-9223-5097782c6e35,1.70028486073254e+17,0.4883624739892305,0.003952474,202.0
7ade9494-f84e-44eb-ba04-b5606adf7cc4,1.7002848568737795e+17,0.01085924094349139,0.0018980219,202.0
e0f046ec-5988-4b19-a186-b689ac0e8a73,1.7002848577598262e+17,0.280593843044703,0.008897202,202.0
ffe4b7bf-831d-4d04-86dd-fe676e382d7c,1.7002848613092557e+17,0.1848232570312007,0.0017082721,202.0
cc6961fc-ff5f-4487-a483-29284c86da12,1.7002848604179677e+17,0.042571550173882006,0.002671839,202.0
426821e0-74d6-44f9-bd5b-8eb20af74144,1.700284857036309e+17,0.006025126553968458,0.0011752893,202.0
523e2cca-d5a2-420c-80e7-4ae0961b6a44,1.7002851144197744e+17,0.343288031266747,0.00042133575,202.0
d19d6e98-d782-442f-a5f7-2720e8325e5b,3.136951096573952e+17,0.1987493310100547,0.0032514695,202.0
7ae00353-3a6a-4dc2-8fbe-ab7927173ca2,1.7002848579695424e+17,0.36661799402637635,0.001877665,202.0
99880622-c497-4b8f-8de8-4453d6264022,3.1398534812952186e+17,0.029063111926489606,0.01965198,202.0
615f03c5-cdfc-43f9-b228-d5852b5ca2ed,3.139985405483418e+17,0.007698690897846499,0.0029739626,202.0
6b770d4e-b609-445e-a484-904928674afd,1.700284873336423e+17,0.12108536458397351,0.0011485865,202.0
99a42fc8-3e19-4fca-a584-56f09c68bde7,1.7002848625360896e+17,0.0011368166209597226,0.0014014712,202.0
dbcb9ce2-6dfc-4113-96d9-a79290ee254c,1.700284856407164e+17,0.3348102677140195,0.0012645388,202.0
d68255cb-8a9b-40c5-bf2e-533d3c5ca52b,3.138314584666931e+17,0.21399617393275547,0.012827173,202.0
3dc071e8-c9ac-4075-9e74-74889df37b3a,3.1367751612917357e+17,0.024804099621441058,0.0015506749,202.0
23bbbb97-6c31-4261-87d4-f97ed72c8969,3.1387101510238214e+17,0.054101400348720935,0.0020675927,202.0
8f7bed1d-0e4a-44be-8f77-1127a5bd1354,3.139721534405346e+17,0.4263931518933201,0.005557807,202.0
b8384e20-656f-48b6-b4f7-a2a51f23015d,3.139853478034147e+17,0.018416579179472557,0.0057957387,202.0
00722451-11c7-4f16-badd-f40547bb7a56,1.7002848590653043e+17,0.35880996094862794,0.0029663513,202.0
51eeda46-6b1c-4218-8215-9210bc47a409,3.140073457104978e+17,0.29066269319026955,0.0028590702,202.0
5c172f9c-49bf-44fe-acfa-f4b151f9e5d2,3.1398094527476544e+17,0.0497996547945104,0.0070647835,202.0
d685adfe-3546-4368-a56f-890a1d67cd06,3.140029715972098e+17,0.19505237372973536,0.009855444,202.0
b83e4e88-d609-4e62-9bf3-5ecb17b09950,1.7002848632753366e+17,0.004427207285657558,0.002196262,202.0
0f9baf7c-6d15-400b-a14c-e2aac395fa74,1.7002848592488054e+17,0.5075857463842899,0.0041939365,202.0
199bdf40-419b-4dce-8f08-452bf8a638d6,1.700284862619976e+17,0.013115855829387131,0.001078757,202.0
c28880fd-f30f-4560-af2b-55d08a059254,1.700284903509198e+17,0.2524554012218791,0.01360552,202.0
7096fc4c-9bc2-456e-b6f6-06a3cf5991f2,1.700284879381464e+17,0.259353126669828,0.003245634,202.0
052d3aa6-cb85-492f-961a-e08b9da471f2,1.7002848584414016e+17,0.10112108919662609,0.0017430795,202.0
c72c950b-bb41-4204-90f8-2f36904429a4,3.1376104220681837e+17,0.2134019678387445,0.0045830333,202.0
1ee607ce-d824-4e7b-84a2-65319d9a3373,3.138710166616147e+17,0.23087423175989888,0.009318939,202.0
94ab3a6e-65a0-431e-917f-8ea1fd11f210,3.1389738378408794e+17,0.04405308505515321,0.059268124,202.0
bd68b658-07f8-4fcf-997c-d7088f62f3b9,3.139941450026845e+17,0.7471106190210398,0.011708471,202.0
a3dffa7b-3297-476c-aec2-0a705e7c2e66,3.139985396135364e+17,0.06741939117615163,0.0015818722,202.0
ff764a72-e935-4f54-b01b-5a34cb53993f,1.700284857277483e+17,0.05753357495938289,0.001071864,202.0
0fb102aa-cf74-446b-aead-f2acbb740fd0,1.70028487826473e+17,0.10464654365321047,0.009173322,202.0
708f0b6d-d331-4d64-87b3-15ad20c22760,3.1387101388970394e+17,0.011343464342848367,0.0013008093,202.0
56d5e6e0-7278-4f2b-9f8b-f97000c4f340,3.139721534368647e+17,0.05059677424896524,0.01598779,202.0
c2280df2-dd8a-4c5f-9397-27301eb1eaea,3.139721533283371e+17,0.1235782833484,0.0075938213,202.0
f048857c-7468-4f9e-91a2-c2dbb1876ea2,3.1368191388418054e+17,0.7242962196923809,0.010915058,202.0
1974c2d6-8405-4472-bcba-5b0bc34a03dc,1.7002848637734102e+17,0.016328436032599817,0.001164559,202.0
5c3c6d74-63f5-487f-a352-094b9bb01950,1.700284856879024e+17,0.014287458859774536,0.0022090143,202.0
664e6ebf-26fc-4412-94a2-11f1d04ee457,1.7002848590862752e+17,0.6446371534313301,0.0013653355,202.0
e0d89b9a-af03-4b1e-858d-756c53d349f5,1.700284856538236e+17,0.10569801457587037,0.0014928249,202.0
6b589ed9-1c9b-4e2e-b90e-bc3fb1a94f94,1.7002848609055546e+17,0.09258795859238166,0.0007121693,202.0
7fd82a45-890b-4116-a5aa-1d2f77e51ec7,3.138754168325408e+17,0.36204151506971344,0.09019069,202.0
386c3dd5-caa0-49f4-9fd1-1f12e60d43ae,3.1389302278166944e+17,0.054730986859961715,0.009071923,202.0
f5535e2a-1957-4463-8580-26c2ee1e0df3,3.1397218287720864e+17,0.15539221655059404,0.003948385,202.0
479f66f8-071b-4c62-97f4-05d8eb3e4f32,3.1398534795912826e+17,0.036457492056418656,0.0011967561,202.0
28fbb2d9-05c6-4ebb-9556-bfc0e352b986,3.139809450949346e+17,0.7542510848220363,0.0028499877,202.0
cc4dd337-d7e4-4d83-9282-05f52f76041e,3.139809452396381e+17,0.1912241852996805,0.0043258024,202.0
ae0f7011-512e-46f2-b9ef-27a922783b1c,3.1398534827579814e+17,0.11764662346372612,0.0031361983,202.0
f06bd116-4bc3-4812-bfaa-1dda5c0568a5,3.139985391505901e+17,0.04931543398284116,0.0076415753,202.0
c2418e29-95ff-4732-9969-50cfabb81f5e,1.700284872848836e+17,0.031035186356496398,0.010325964,202.0
003222a7-accf-4f3c-8cf4-53edd4eec0a6,3.137918286996439e+17,0.17675716027805624,0.00066579407,202.0
995f2617-5c10-4e16-a85d-54e49c4655e9,1.700284898004174e+17,0.06590464187359775,0.0033666382,202.0
6b7a0204-46d9-420e-8c3a-acb70ab42be6,1.7002848580848848e+17,0.36527236177675954,0.0013705563,202.0
7fc42f51-f4f8-41f3-b8a3-e40bb10f1e09,1.7002848679047994e+17,0.18989144045337886,0.0021991013,202.0
d6c3c749-3a9e-4afd-b3f8-3a76136e69bd,3.136995065069568e+17,0.22751203707550505,0.0018119185,202.0
b809616a-4b1a-4920-a9a6-3642ac99284b,3.1376104226816006e+17,0.48624343174611806,0.14801756,202.0
b3367f19-a42c-4ad6-a865-c3f72f20bb8b,3.137742703118256e+17,0.07645670057472717,0.0032102135,202.0
db98fcdc-ae42-4a4b-9292-89910e9befb5,3.138622044420179e+17,0.07126897171395935,0.00068832474,202.0
707e2fdf-3cad-48ce-b3a5-f6f72af53faa,3.1387101376387494e+17,0.4011038090810242,0.34300625,202.0
6b74056e-a9bc-4fb4-ad6a-08e5df8e4fee,3.138930232336057e+17,0.2739768830104467,0.0099102575,202.0
0a720c82-ea85-47e9-87fb-b7cbc8e3b0c0,3.1398094805873466e+17,0.22643547543462353,0.06851702,202.0
14d603a4-a159-4d53-b404-9e89ff10ed4b,3.1389738369600736e+17,0.023863134183702624,0.08429078,202.0
b8171248-1b0f-49b3-aa5a-0abad841b21a,3.1389302150345536e+17,0.10822354959824376,0.09699371,202.0
052fa95c-b144-43ed-b125-0d591de683f1,3.1396335949080166e+17,0.15700759743698714,0.0048771407,202.0
eb0a012f-4b27-4b2e-b328-07c1d6150087,3.1396335935920544e+17,0.009417116356716685,0.0043836483,202.0
33187646-56b4-463a-9c06-a1abcb3d983d,3.139677528160993e+17,0.06535278207206227,0.0037305173,202.0
bd65dcf4-4f7e-410d-bec8-7f6b6e104bc1,3.139721553248257e+17,0.048208633773995854,0.0012581827,202.0
b83357f7-7d04-45b3-878b-7be08976a63c,3.139721826826978e+17,0.35274671407414876,0.00847336,202.0
a386795d-b37a-420a-aaa3-d7393f3c761e,3.139853497432803e+17,0.7282239749551018,0.00094414235,202.0
23efe229-feff-410f-8bdc-2c3a9dd343b8,3.1389302178080365e+17,0.3367742341153541,0.013107148,202.0
8a5af80e-6afd-4cc6-b4e9-cc1da373bc8f,1.7002848867844102e+17,0.10652347447313479,0.0037864598,202.0
6129b184-b656-441a-bac5-67d619e7e815,3.137874309650842e+17,0.0644650146156594,0.0019507031,202.0
c771d11b-445e-4dfb-a03f-17d8b4004578,3.138930229604516e+17,0.09016460512032837,0.009183345,202.0
a3f4b1a4-b0a3-4980-bb06-1fcd37015458,3.140029710336001e+17,0.04179827176828679,0.0013137234,202.0
a3f6423e-13c2-46c4-8aac-822ab9c408be,1.7002848638572963e+17,0.006757632669899775,0.0012059377,202.0
0a4d5c26-5a3e-4636-83c3-b339e1a73025,1.700284864879658e+17,0.011001058820203559,0.00071822334,202.0
dc00b1d4-4ade-432c-a4d0-f0c768262360,1.7002848851276614e+17,0.026216000643548523,0.008520009,202.0
e612830d-90f3-4a1b-abd1-ba2d5a4d03db,1.7002848846610448e+17,0.0030554456987100824,0.0024747928,202.0
1eda26f1-0d01-499c-a98c-b3c25390873b,1.7002848859560352e+17,0.07167646329541781,0.0054880343,202.0
0fab60bd-8c42-4733-8d6b-5ba0120afa31,3.137610423793091e+17,0.4049753726685276,0.01049327,202.0
9eaf2000-7a24-4642-8d4c-8158635ff5e4,3.137654805957183e+17,0.861572759852467,0.015365235,202.0
bd3dbdfd-adfd-4ac6-b9ea-68ceade091a2,3.1376104240080486e+17,0.09171362356514824,0.009941639,202.0
fa91f078-b610-4fbc-8693-e69e88085123,3.138710134409134e+17,0.368954209626951,0.044723824,202.0
d1cb7917-c098-4e08-8d31-da1621250606,3.1387541682048224e+17,0.023687120050893174,0.0013920496,202.0
3387c2c4-f4f1-4e62-bce0-7b3034b8764c,3.1388862719459334e+17,0.4893716837917697,0.027390921,202.0
5c6124a9-b339-403c-9431-273e0ab72200,3.138886271935448e+17,0.6531859017117703,0.0008931362,202.0
999582f2-0705-48eb-91e1-0d51a728219a,3.138930229903361e+17,0.02933019695145772,0.15065363,202.0
000d948b-2c8c-4008-9438-1aa93db9f293,3.1389302297460736e+17,0.2606340063561597,0.27005777,202.0
4cece2a4-768c-4526-8bea-1624626dcbf0,3.138930229919089e+17,0.2191880936766928,0.0077815754,202.0
8501216c-18ea-455c-9968-384c55e32fce,3.139809450959831e+17,0.39817124447104457,0.0122575695,202.0
5735a2ac-8e7c-444b-a38c-a6fc43ac5612,3.13980945077633e+17,0.08710076452934226,0.0060772924,202.0
52162a6e-0f2f-4c8d-80a2-a76af027fac5,3.139809479517799e+17,0.9136943767539769,0.011300314,202.0
a90065f9-bfa1-4cb3-a8be-79dbfcacdc6a,3.139985700044145e+17,0.01196270737073761,0.0008332588,202.0
f05d53f6-4160-42b2-8464-202e755a06e5,1.7002849293723242e+17,0.26263383194588313,0.0018108366,202.0
8f832630-40c8-4b07-b682-f843fcb9fee3,3.137742693901271e+17,0.07184714807560026,0.0007055341,202.0
a3df6937-f197-41fc-9b2c-a958392afb16,1.700284885395047e+17,0.08351436398183822,0.0023183515,202.0
28be1b5f-c347-48d5-b18d-796c2a3ccb3e,1.7002848826949642e+17,0.3072726911011352,0.0026217783,202.0
47d38dae-e80b-4aa1-97da-663f9c75abdb,1.7002848914767872e+17,0.007997959392467228,0.00382133,202.0
8a0a261c-13fa-4e4f-ba15-fc83add34e90,3.1375667306692614e+17,0.06254692535496334,0.070660025,202.0
0589540a-600a-4954-b210-b7b6d2772d8e,3.1376104236462906e+17,0.2137686661300622,0.006568925,202.0
8529ec06-2b4c-4c76-887f-28f83f7d5348,3.1376104234627904e+17,0.26231299173712647,0.014776469,202.0
2e1fa64f-19e7-4216-9855-f7618a130341,3.137610423426089e+17,0.033924527371635295,0.0078033293,202.0
e60795f2-febb-4980-b975-6a5dda8c45e5,3.137610422062941e+17,0.1305012215311923,0.036688276,202.0
a3f75a70-8ce9-484b-97b9-a4bef9e77e8a,3.137742695112377e+17,0.022459067000654538,0.0010711014,202.0
3875ed91-d4a6-4d82-83a6-f36db64af807,,,,
2409d060-19bb-46db-b1ed-a9f91190cd31,3.138622055996458e+17,0.049959596315085536,0.00077995757,202.0
4ca2300f-c89a-4f7f-af52-12d7cbfb65e8,3.1387541682729786e+17,0.35349587936663074,0.0053102067,202.0
386f4eaf-c4ee-47cf-94b3-2c1a7e35e6c2,3.138886270839686e+17,0.5160903105608865,0.0025430585,202.0
f554bcbd-0eef-41db-8845-ad2480e74982,3.138886273586955e+17,0.3947401228763689,0.05438852,202.0
759c89b1-53f5-4cf7-91e1-ae99c3c48815,3.1394576971648205e+17,0.0051517294339618255,0.0027910424,202.0
d1824770-66e4-47a1-9ee2-fb0aada50b26,1.7002848598202794e+17,0.06443282997512112,0.003807718,202.0
b7f4a99a-72b4-4978-899b-0051f36ab3bb,1.7002848760941776e+17,0.08956289988815311,0.0031471755,202.0
d6a28435-2b30-41fc-836a-ee22fc07af61,1.700284860470396e+17,0.3038592908471993,0.0035190622,202.0
004fc8a2-c690-48a0-a509-4119d230d4e4,1.7004610068047475e+17,0.32964801956613055,0.0027409405,202.0
b7fe5027-c81f-482e-99df-66ff1d86cbe6,1.7002848851224173e+17,0.003959192788653752,0.009906189,202.0
708f7d65-6f0f-4a82-8758-ac9a7ea4140c,1.700284888970696e+17,0.8798654178694628,0.00193866,202.0
f5a8dea9-29de-404c-8eea-dd92477d29e7,1.7002849350556064e+17,0.28255610341018333,0.0014539987,202.0
2def8156-5504-472f-84ac-17e1a5ef0db3,3.138798194146673e+17,0.13731804598633082,0.0055345055,202.0
70db98ae-d22b-40f9-9730-4083844d04a5,3.136775162764984e+17,0.47642609910283606,0.0016302145,202.0
8a4c5b64-2a4d-4fbb-80c1-a3fb83a31a44,3.13695109636948e+17,0.0003703453021398758,0.0018764695,202.0
0a4d2efe-49a3-4edd-ad7b-ebaafc750173,3.137566718830839e+17,0.5851098347712899,0.034394506,202.0
38997ff7-ea03-4177-9485-cac3e486da19,3.138710143138529e+17,0.33064981783585135,0.0007088646,202.0
2e07c70c-dec2-447a-8250-a83659b35a36,3.138710186523362e+17,0.07094759455372907,0.0026948415,202.0
38a1e21b-4bf4-480f-b61e-1da8db10fe25,3.138886271872533e+17,0.22284844770618178,0.011515414,202.0
2e4c3d41-d156-4efb-b5f4-568d6387e84e,3.139941451709809e+17,0.06439049505744511,0.0029212958,202.0
998e6cdb-f854-46a8-952f-01c1e814192c,3.13897383935607e+17,0.03316056445807538,0.040567175,202.0
385d305b-449f-49b4-bfe6-df5f3e9effec,3.1375667253582246e+17,0.006128282033174714,0.0010873916,202.0
14b91f3c-132c-4329-9d17-910b19c2530b,3.1375667170535034e+17,0.06080591653885788,0.004520022,202.0
b3110796-4145-4398-8a17-b3676ebb272e,3.1375667303337184e+17,0.04327158915953664,0.02320088,202.0
28cb89e6-f83d-480f-9a99-e58182d4c18a,3.137610423929406e+17,0.33764761177771013,0.006296849,202.0
ae1f0054-7d78-4516-8a82-6c35efe2cae3,3.138535011752347e+17,0.0003848506568392587,0.0010948599,202.0
3d63b4bd-8c85-4da1-baba-1fa08ab18aeb,3.1385350133304525e+17,0.13149061442865875,0.0011267762,202.0
6656d8f6-4b22-4af8-ab86-8a75eeba24b8,3.138710138084395e+17,0.10738454201487785,0.04533778,202.0
9492bde9-46b8-4c77-92b0-728fe8dbe62a,3.1387101418120806e+17,0.08748170747759065,0.00663861,202.0
757fed1e-772d-476e-b01b-815e4ec89e9c,3.138710148559667e+17,0.32495312795320735,0.26123697,202.0
c2213d96-e81b-49df-bc7b-9ca73175c45d,3.1387101325007264e+17,0.2912514184893305,0.0005948008,202.0
adfa29b9-d82a-4873-af72-629da6532384,3.138886273240927e+17,0.2880500651097863,0.009669608,202.0
d6a14719-d285-4ccf-92d1-0714a57b4e62,3.1387541682677376e+17,0.054794589970291054,0.005347868,202.0
c79020c7-7522-47c8-a9b2-30ae6e18c877,3.138930229457716e+17,0.17864099809216175,0.0029909315,202.0
56e1275c-5616-4ca2-9525-e2e24ffa054b,3.139414512773366e+17,0.0292786509402196,0.0009995324,202.0
0530416c-76a0-4c36-8a9f-a6414958cb54,3.13963359509676e+17,0.2363380586476919,0.036087904,202.0
8a68bc69-aea2-46ac-aeb0-31b94cd3387d,1.700284858084886e+17,0.09554207645821089,0.0028589035,202.0
bd38fc71-13b1-4d67-aad7-94dca699e9fc,3.13756671681233e+17,0.031888897962489275,0.010627076,202.0
b337ae14-bce0-4186-a88f-3e19971ea684,3.13761042373542e+17,0.3431175615655854,0.014811261,202.0
24069ef1-57f6-48db-8f2f-dd4ac21dcd93,3.138358353225321e+17,0.7836782833244239,0.07021716,202.0
e0ff99cf-337b-4bdd-8cd4-625502645ae1,3.13756671697486e+17,0.0205308925643464,0.03583524,202.0
c78f02e3-7347-4293-a764-72c04d61ae28,3.138710139342685e+17,0.1719357742096016,0.026018696,202.0
8f1e2368-fa87-4651-ae14-fbf9abeee066,3.1389302308785363e+17,0.09678712578992801,0.03720339,202.0
66651fe2-1130-4f1b-96ab-d1d87e674d43,3.138930232357028e+17,0.48451139517975605,0.00070449885,202.0
4293dd0b-4bfe-435d-85dd-7c13c0759ab8,3.1398094521604506e+17,0.022378626522076776,0.005712894,202.0
94a02ad7-c6c6-4928-b0ff-a5da7d5488e1,3.13985346340651e+17,0.3714412559723923,0.008020285,202.0
d1983404-e1b1-4a3a-83e5-23127cfb9306,3.139941444548035e+17,0.3499035677240467,0.19036745,202.0
c2529ba7-bdad-427b-a59f-1f3f44cbfbf5,1.700284893432382e+17,0.0006639240066306092,0.0043425113,202.0
75c5024b-fa5f-423b-a191-41aa89b938f8,3.137566718594909e+17,0.13613244012970033,0.20946118,202.0
a38b39f2-1625-4fee-b78d-ab8077a8bd12,3.1375667174362323e+17,0.576097358859034,0.030992476,202.0
23e60fbc-2dbd-4fc3-ac4c-c85b997562f3,3.138710146431059e+17,0.059137388575158226,0.0100690955,202.0
66a1e846-5a17-4d4a-9eed-06b76fc77519,3.138754168561336e+17,0.3941611810719031,0.0020992707,202.0
28c9c94e-4fc5-48a7-8df9-ad1ce51a9226,3.138886270383556e+17,0.13362030945697256,0.0028700917,202.0
0573ec97-1837-4142-93d6-19a0690e2206,1.700592774209864e+17,0.3663025129533567,0.0009642652,202.0
3d9b0514-671b-4969-98c4-a508e10f892e,3.1398094511276045e+17,0.05327639522851538,0.0045874626,202.0
66823d60-d444-4c00-b8ad-ef8a5f0670b2,3.136995070417322e+17,0.10584582356490718,0.04183541,202.0
3850208f-b4b7-474c-95ef-9948a7b52a65,3.138710138440909e+17,0.02709717079390893,0.008578213,202.0
9e9c17c0-ce86-4f97-a842-85f3a9b23dc3,3.1387101377803066e+17,0.8123370052432496,0.33601135,202.0
fa98f605-9c76-4d65-acc2-787f192bc34c,3.138886272396821e+17,0.251185226743952,0.0038599414,202.0
006ff577-6ca8-4e50-97dc-318d7946ba9b,3.138886272181863e+17,0.15707101622876057,0.00928823,202.0
7ae50ade-e9c8-413b-a85a-a5d7e767fbf4,3.138930232404215e+17,0.14643252722742103,0.0075763715,202.0
23f3319c-3662-4097-974a-460fb879a599,3.1389302285716685e+17,0.19510877039248023,0.0025484227,202.0
99be67c6-7328-48f3-ba56-3ac20ebb4912,3.13888627017384e+17,0.6910989649933585,0.24132189,202.0
330a4261-5ab2-4faa-9c7f-2bf343a76e2f,3.1389302311878656e+17,0.0719349727493302,0.24873932,202.0
6b66d5de-5049-4f1d-87c9-9b23cbfa8a36,1.7002848714175286e+17,0.07541349693277656,0.027168293,202.0
c26dfb31-327b-42bf-a195-bd4b6194bc2c,1.7002848565434797e+17,0.031242803828726285,0.006002035,202.0
e64dc03b-b851-4636-83e9-b0186225971d,3.1370828916824486e+17,0.047389686609208,0.07037775,202.0
3839c55c-6214-4b27-ac11-f1653cf09515,3.139721532544123e+17,0.47822676566645245,0.04422962,202.0
e10f7cbf-0d69-4b89-a2c1-7f91864a7fdb,1.70587116748669e+17,0.006474824259725342,0.11499186,202.0
70a6a9a1-a45e-48b1-b71c-814acb1997e5,3.138710137077761e+17,0.6229257980876447,0.054190934,202.0
ff8ec46b-a410-4e42-b7c3-c4d2e25d43d0,3.138710136385702e+17,0.47075812300734776,0.54029816,202.0
0a26ef86-760b-405f-95d9-d982b8cc9b2b,1.7002849323712512e+17,0.0033295336717005606,0.008440259,202.0
d689c325-905a-4179-b409-728006039150,1.7002848728750493e+17,0.09116453543220164,0.00460007,202.0
330e3eb1-e982-443d-a222-39ab4f147b68,1.7002853655327546e+17,0.3775149889202819,0.025783643,202.0
66369a8f-f4c7-4d37-a0cb-e1dfea604b5e,1.7002852662693075e+17,0.11183177467755491,0.00090234913,202.0
23a9e36d-0879-46cf-b9d7-c2a683ff78cf,1.7002848573089392e+17,0.315383235823394,0.0012675229,202.0
385d915b-74a3-4592-9786-d8834bbbed3b,1.700284884828816e+17,0.022024658539637986,0.0109495185,202.0
5721b194-735c-44c3-ade5-36571fb412e1,3.1396775283549805e+17,0.15920267896864168,0.0038335586,202.0
cc378f7e-33a3-4a06-b322-9ab6d3742b9f,3.139809451111879e+17,0.639419933882294,0.0028042358,202.0
d6a3dd97-36ba-4b96-8983-48e9cdcc852e,1.7002848577703123e+17,0.025901118752279628,0.0022409027,202.0
a3a81996-810d-4f8f-b313-1ca8be3cc452,1.700284857230296e+17,0.001063480436643044,0.0014224001,202.0
14673160-b250-4615-b64f-9a2328a53e74,1.7002852732423376e+17,0.5645356779306642,0.13933025,202.0
f56e090c-6781-41d2-a22f-71f3ef451a5f,1.7056073952106906e+17,0.0062985143762219154,0.10091089,202.0
56f5c0e2-5ae3-4bca-a6bb-26277cfc1351,1.7002848623735606e+17,0.0003305595981806283,0.0011264102,202.0
cc927828-813f-44cc-9c92-7a052b94e53b,3.1377426965174694e+17,0.023073129503409163,0.0010596516,202.0
47e24a28-cb59-4f94-94ae-6d62effb28e0,3.13963359383847e+17,0.07711817378130159,0.003003929,202.0
0f8e149b-0e54-49a1-b9da-285776a72144,1.700284886731981e+17,0.5420800433992142,0.0021171193,202.0
33068331-39b0-4fc2-b3ad-3588a6205815,1.700284929230766e+17,0.0011792397571961564,0.0011598889,202.0
00349754-fc2f-48a8-8954-ec8f717b3f01,1.700284859657749e+17,0.00024583433685333516,0.0013347374,202.0
c78d1bbd-138d-47fe-9e9c-78ef5cd6f1d8,1.7002848851276608e+17,0.00525313385340927,0.004165951,202.0
8a07a102-562e-49b2-aa46-06fa2b2dc4ce,1.7002848879955152e+17,0.5725472849769973,0.0016755849,202.0
c23d9f76-7c7b-4039-9408-23dd51a14ed5,1.7056073948699043e+17,0.0037579325298921955,0.004051661,202.0
2deca076-8ea5-4baa-b5cd-c677ed33d237,3.1396335945462586e+17,0.32832522991038743,0.0131165115,202.0
1ebd9be7-97af-4f70-9011-d2fcc5d45edb,1.7002848772580976e+17,0.20323931644134885,0.006313754,202.0
42bdb896-9259-4c61-ad2d-7c86b3035e6f,1.7002848859140918e+17,0.012646324846548925,0.012905913,202.0
477e9be1-0be4-4873-9bcf-baae1111f672,1.7002848850752314e+17,0.11523719183316983,0.0051886523,202.0
b7e9e974-4e63-456f-93f0-4fc0930d268f,1.700284861199156e+17,0.018049355265744433,0.0013943908,202.0
fad13f3d-2fc0-4f7a-b638-74648cc815ad,1.7002848975795e+17,0.36195085802951327,0.0027375678,202.0
3389b047-0124-4d13-b722-8ac774c13604,1.7058710675102128e+17,0.021769354269833563,0.0050484524,202.0
6b83f2db-f8f3-4ee2-9087-28c39078e4bd,3.139853467878687e+17,0.28558523810013386,0.010318781,202.0
b3138f0a-3492-49a0-ad92-acc9c0ee1be4,1.7002848631390208e+17,0.0016316447968664515,0.0018330605,202.0
7b056323-eaf0-47fa-86e1-1e86bb40a275,1.7002848868158768e+17,0.03184311873610107,0.00970205,202.0
eb0d907c-b4dd-4016-85ec-362c64003f71,1.7002849230336845e+17,0.673067692853208,0.002679124,202.0
6679015f-eead-4a6a-88f4-478bb5744f0b,1.7023082924553018e+17,0.00492393692736959,0.96109223,202.0
6b91b1be-cd1b-4e7a-98f3-958b434ad79d,1.7003288278283075e+17,0.05402863827184633,0.015037364,202.0
709de0b8-29f0-492c-a80a-4d079e095a15,1.7005054341257642e+17,0.012974714612431793,0.032839593,202.0
28b92226-9292-4638-a702-a86644d61983,1.7043314072984083e+17,0.0038434512140954327,0.002777091,202.0
5c2a8ea0-49f8-498e-b424-9b1d41d48028,1.7044193222852646e+17,0.05665728476294689,0.008852545,202.0
8a5a88c0-7754-4a5c-bb0f-fbfe2f8ebb9e,1.7044193242775565e+17,0.01253684487303709,0.0014578206,202.0
5c330686-d5be-460f-8996-109300b14ccc,1.7005054326944573e+17,0.002239588733851015,0.0033679525,202.0
337aeb4f-b62a-45b7-912d-939054f98858,3.139457695922259e+17,0.5566896617815795,0.023810875,202.0
853bac97-8459-46f0-8143-235fd469f144,3.13893022776952e+17,0.004333271625811535,0.010052979,202.0
7ac2dbfe-2384-4834-9874-6ff655762d3c,3.139633594535777e+17,0.14905383361586785,0.013230383,202.0
84d3656e-a8f0-4ea0-b11b-5b4c2129daf8,1.705871067342442e+17,0.009655990765597549,0.0024257002,202.0
854bbd76-a1b4-4fd7-a10f-5143b1893796,1.704331407120149e+17,0.023162696570816904,0.025294976,202.0
9ec39097-fa3f-49f9-968d-5ca6aceeec34,1.705871104981078e+17,0.004884114633774734,0.0045791017,202.0
99666aa9-9357-4de0-9f5e-ca4fc699c16f,1.7044193208959027e+17,0.00048019530755762996,0.0056214975,202.0
eb185c61-1482-4057-ae18-9f0b718cdd0f,1.700284980705363e+17,0.05072384843867006,0.0014460498,202.0
19b28fa8-1950-48f4-8e6a-d07fc5ada667,1.7002848865746947e+17,0.7135247910017716,0.0019711917,202.0
94680dea-92a2-42c3-aa2d-9535284edeb3,3.140029714032231e+17,0.00898805179109405,0.14008446,202.0
a913369c-9f81-4899-ab06-f52d47d34cba,1.7002848848655165e+17,0.009806475808910278,0.008022327,202.0
42bbc393-07bb-4d63-b0d6-855e07e7c3bd,1.7002848861605078e+17,0.5339566135859906,0.005366502,202.0
fa590696-7167-4783-95d8-bd697e4d8e01,3.139633593335153e+17,0.00875932446094153,0.004946502,202.0
a3f14a7a-0675-4d4e-b124-18a8064a82aa,1.7002848671078832e+17,0.00132383938655069,0.0016164278,202.0
0a229c0c-ecb1-494c-9ab3-54e2826907b2,1.7002848945071722e+17,0.001565863105638126,0.0031378183,202.0
75fa9cb1-ab83-4a37-a2cb-abbc0b8b77dc,1.7003288055617955e+17,0.001140094914881064,0.0015268443,202.0
f53d4940-43c1-460f-a5f9-5584d8e97ecf,1.7002848862443933e+17,0.001371445111414645,0.002503061,202.0
19e8e2d8-6aff-47a2-a245-847e9f98014b,3.139501608319059e+17,0.15110554451553276,0.0016102352,202.0
94ae1ce1-1426-40df-8694-87ae6540159d,1.7043756362236262e+17,0.0030520464739975267,0.0026787347,202.0
adbc2ca0-84da-449f-a6a9-18aeea786966,1.7043756364700128e+17,0.11488349302003774,0.0029239333,202.0
b2fb19cc-b7cf-42b0-89cb-61a41d24a970,1.7043756371935254e+17,0.11384968795330233,0.0033648692,202.0
23ce977f-fd43-459e-9cb4-edf558c1b96e,1.7002848986123478e+17,0.015337110797671602,0.0034062965,202.0
a3aaa203-2b8c-457a-b384-51f5327d6df0,1.7023082866147338e+17,0.015039843822110835,0.008125371,202.0
e5e1c9c1-8f8c-4653-be4c-02c443b32b6d,1.7043756343676118e+17,0.017240360639455953,0.0018908223,202.0
a3983b81-362a-4e4f-a089-962e356917f2,1.7043756399303098e+17,0.00225397445512638,0.0059566577,202.0
fabd1c94-29ed-4ae6-b8ec-5de40e32798a,1.7043756358828083e+17,0.0010649859946902272,0.0041511194,202.0
6b45ee64-08c6-45ba-bdc5-1b8d209b716b,1.7043756375657702e+17,0.0020948293327169593,0.0006196184,202.0
1ee334d9-7b18-40ee-9026-6e5cc70bee79,1.7043756399250678e+17,0.000258551625017352,0.009864672,202.0
e5d7f777-f25a-4d19-934b-4db3c2d1b604,3.139721837574887e+17,0.1776339108235209,0.0014415191,202.0
c7861a3b-def5-4ce9-bb50-ce1a9a3c51a3,3.140030148237066e+17,0.017951974892768306,0.01449607,202.0
5c4a3347-ad4f-468a-8253-fd077516f145,3.1387541529532826e+17,0.08078716391603018,0.019851416,202.0
5218dbe6-5dad-45f7-ab5d-35c1504ef041,3.138930216161773e+17,0.16047128165810834,0.0020103059,202.0
a3acd9fd-6764-4f26-9e4f-1eb71a6e37ec,1.700285106943428e+17,0.005099398340659087,0.0044083605,202.0
d6dc7164-fa1b-4431-929d-6061529e634e,3.1398094816831085e+17,0.07912709076470642,0.11647994,202.0
d6abcc5b-b9a6-4457-b08d-ec17091facbc,3.139985704390493e+17,0.006824354884817114,0.00042963374,202.0
38a58d7b-f68b-46d3-8c88-022e9ee6f1fb,3.138886271521266e+17,0.021219911574671603,0.016233496,202.0
ae1dca48-e203-4a75-8cbe-cf39a910a0dd,3.139809485012337e+17,0.3241647247009228,0.0030396415,202.0
005304e6-3e2d-4546-975d-f03152cd1120,3.139721825206928e+17,0.18968230797307792,0.03098992,202.0
050d9186-58b1-4ce1-aa2b-7bf97057da62,3.139721835084513e+17,0.23353072142232992,0.0015049628,202.0
999e7fa7-871e-4096-b279-2c1035b172bb,3.1398094915764224e+17,0.006446921054028255,0.0011496259,202.0
c7868608-c4c5-42d3-80dd-59074636048c,3.140030156332073e+17,0.0979498172180223,0.0014295228,202.0
eb37e9cb-5180-49df-a02c-ba4e4f451036,3.139721828059055e+17,0.3403699462563795,0.008289232,202.0
e0dcd5ca-8fd1-4777-9158-c4199a1d7f55,3.1399857017271104e+17,0.07156822832786515,0.00043855858,202.0
0f4e1e47-e750-4bf9-8f18-71099b32fcfc,3.1393259568496646e+17,0.0023350419176646126,0.00063705014,202.0
520e791f-a0fe-4cbb-8e43-c79d2ab963ee,3.1388862709235725e+17,0.26420722344638925,0.0056191008,202.0
b2f61e24-8a7b-4997-8224-8fec249910a7,3.139985695152539e+17,0.057330256563985334,0.0027195208,202.0
7aa8bced-ccb3-4e3e-b813-632f7198b486,3.140073790562632e+17,0.22443366882261204,0.0021298686,202.0
6b88f998-0923-4180-b5d6-112df87f1065,1.7009445680395066e+17,0.0058395852966123115,0.0010149027,202.0
0016f09b-337a-4ddb-a386-e6c13d588668,3.138710131032721e+17,0.3523109147752952,0.0007804562,202.0
94849431-14c4-4d0b-b081-053b7f92d27f,3.139721826549105e+17,0.12942290752759397,0.027779672,202.0
eafbd010-ffef-4b40-ad56-aa32a651b401,3.139721826685421e+17,0.5285110678483721,0.0044660494,202.0
4ca9e689-99e6-4eed-b088-cbb9d650197a,3.1396340617707526e+17,0.22222267738520635,0.0019564973,202.0
14a3e0ad-4e4a-4db5-8139-2cab70f37c30,3.139677669105337e+17,0.280851296298112,0.0022028885,202.0
75d20855-155b-4989-b0de-774cbc1f9be8,3.1396776616132614e+17,0.022380477804344445,0.0018780379,202.0
7af0c1b2-3bb1-4487-8353-6c910f057c6b,3.139721825757431e+17,0.45733811759363274,0.0037606992,202.0
80054607-aa22-41c7-ba05-6709bd3ccaff,3.139721842781061e+17,0.22668252436735808,0.0034075463,202.0
a8d92e74-2031-4552-bdf2-4b7ce1f0e2d0,3.140117772993824e+17,0.2080626078793072,0.0006141207,202.0
a9013ff5-6c6f-4541-8c78-0dd6ae2eb092,3.1387101342413626e+17,0.2987674022524974,0.009766312,202.0
1ee55f30-909d-41a5-adee-b4d276a1aa21,3.1387101309383494e+17,0.2943092960764206,0.0030968,202.0
9958d9d2-4d2a-4e9b-adf5-7a02b089f727,3.1397218353361715e+17,0.023793775571549648,0.00081021024,202.0
800ee568-0927-4f28-adcd-64c34b72f038,3.139721825846559e+17,0.4820200499976254,0.01054455,202.0
2de09967-cad4-4fe1-b55b-f029a52f5125,3.140117767887258e+17,0.037735697507656984,0.00070530525,202.0
d152739a-cc16-46e2-bb41-c5d085bfe7c6,3.140117766309151e+17,0.006363379720239891,0.0022763663,202.0
a3fd7d51-347a-4ee1-9f77-ad3dbc71438d,3.138930215024068e+17,0.3466876417220225,0.037849035,202.0
ff861cb8-5f44-41c9-b267-af1ec8e7ced9,3.139721825836074e+17,0.5345861669290345,0.033678647,202.0
3d8b0138-006e-4f75-9f1a-31abf3693437,3.13976545816871e+17,0.006827128439260632,0.0015900227,202.0
b32ac39a-3258-41e4-a89e-dc261a62fa9c,3.140073790583605e+17,0.07979295961764195,0.020170089,202.0
050f337e-6840-4793-8803-410078d278a0,3.138886270671914e+17,0.5014260028699956,0.0053225504,202.0
f0869eed-9226-4de6-af27-1c7c8d367d02,3.139721825736459e+17,0.24131270711015138,0.020502446,202.0
0f82af32-b795-472e-aa44-bdec63c0ebd1,3.139721828043327e+17,0.2616489054778593,0.0063791717,202.0
9973ea65-ab8a-401c-a44e-bfd18c883cb4,3.139721833202321e+17,0.5186295012976517,0.009364831,202.0
8a3bd698-15b6-4ead-87b7-1b35043961c1,3.13998570484138e+17,0.01162146128541955,0.002717314,202.0
75c38c63-846b-4410-a246-7f3ef6a4d082,3.140073798101894e+17,0.4419762632878503,0.015817808,202.0
947fd0e4-f7a1-4203-a824-ae66ad272fca,3.139677660874016e+17,0.202389849077669,0.0004280756,202.0
8f1f590d-f80d-41af-be9d-113c8722b253,3.139721829584733e+17,0.04940559315260706,0.09041019,202.0
146901f0-eb40-4125-b115-6881fac03773,1.7002851708017053e+17,0.09944269191724557,0.0014390378,202.0
0f72c276-f777-400d-8e00-488ae717275a,3.139721825804617e+17,0.061802070478791576,0.0519794,202.0
8f4f0bf1-b622-41a5-8006-409191351192,3.137610422414214e+17,0.05146440784483431,0.0050951927,202.0
149a5af9-330e-498d-a9fa-864d843a887f,3.138798187960075e+17,0.09476574362522383,0.003720882,202.0
f04b3446-55a8-4cf2-99fd-1ea309acd2cc,3.138930227968737e+17,0.26762034705447074,0.014583552,202.0
9e7f4fd1-be86-4a6b-93e6-34b3c211a6e4,3.1400734575401376e+17,0.21391392459244,0.009446455,202.0
b2d4db81-ea05-4593-8b1b-efd993b0fdab,1.700284856978637e+17,0.47164212900877317,0.001236051,202.0
708a11ba-f53c-47c1-b615-a09f2b7f8981,1.703363562129326e+17,0.2338691389942683,0.0022844104,202.0
99c74942-1400-4d98-aee7-14b211ba875f,3.1396335953379334e+17,0.04773661790795801,0.009530784,202.0
52211b44-90ea-4898-aab1-8be22847fdf0,3.1387101502688474e+17,0.007413138197272642,0.0027750512,202.0
668f82bb-d802-435f-8174-efd3fcf7a64d,1.7002848637471955e+17,0.05804362262797136,0.001834255,202.0
db990917-29dc-43fe-a048-99acbd52ed03,1.700284866132706e+17,0.5598266854581191,0.0013871959,202.0
1ee2dfb0-f0a9-4016-8bda-bfeb48858931,1.7002848625046333e+17,0.18504267607728656,0.0019312883,202.0
1eb4ccaf-e942-4e2e-9214-cbcf75fa7d7c,1.7002848579590557e+17,0.1066501197004603,0.0015360748,202.0
7ac8479d-f8b6-436f-acc4-5bf1007f2ad2,1.7002848582945997e+17,0.011060669496718245,0.0013267997,202.0
28fbd0fa-327e-4d31-893b-227d4d77bfb0,3.1376104224037286e+17,0.01975212527692691,0.0016585513,202.0
db9e1f4a-2370-4b77-a83a-70cd5886ada6,1.7002851739736477e+17,0.0341900122553924,0.0008568593,202.0
eb2afaec-3e21-4792-a00b-02eb5ec83f45,3.138930215941572e+17,0.009031235471240755,0.002066396,202.0
1eba3687-0f84-47ac-a31a-1631fcafb450,3.1389302147514374e+17,0.026510297669496356,0.07216801,202.0
d6a13b62-5b8d-491b-aa37-63f4198ace57,3.138710138110608e+17,0.21844382553169756,0.0062415283,202.0
8f63306c-0e38-4d19-9ed7-cd13086523a3,3.1400297113426394e+17,0.05679090356469204,0.0016684997,202.0
e5f3b36c-85b8-4d9f-92cf-ac6ec2dd4f13,1.7002848571673818e+17,0.0028305087172527366,0.001593572,202.0
801a8bb2-2ef0-4411-a784-63712d706a05,1.7002848644864426e+17,0.13157653659502058,0.0024681822,202.0
8a1791da-54c4-4121-a288-f7430823a9d7,1.7002848754807616e+17,0.02278435293388313,0.0016586327,202.0
fa9d5e5c-6a2f-4ce5-a006-ec12734c6dbe,3.1369510951269184e+17,0.01908176970427686,0.0017948943,202.0
05797723-e64f-49c6-ab9b-2a1a7828bfa6,3.138886271059887e+17,0.16326858546423179,0.02972257,202.0
5c2cae17-7acc-42e4-855c-001859ae5d44,3.138886272050792e+17,0.2569124685191564,0.0013333797,202.0
c73264c0-8f92-48c1-98d1-79a6c4cff809,3.140029714619433e+17,0.07234931688953124,0.0026533508,202.0
7fd59867-97d0-49f0-806f-a9edbfd8ad39,3.138930228414383e+17,0.1752011553137033,0.0034087289,202.0
8a6b6c36-dabd-4b6b-891b-eebf697c12fb,3.13932566626304e+17,0.08152843685319873,0.0011298393,202.0
4d0112fa-dd34-453e-b4b6-0a95f8494e97,3.1389302298089894e+17,0.11601169508328969,0.013401145,202.0
28d78f1b-a966-497a-871e-e7047d7cb8bd,1.7002848633854368e+17,0.21396817210652883,0.0025794876,202.0
943cfe74-9d9e-4779-9ab2-17b618ee6fa0,3.140073457440523e+17,0.21504874575039798,0.045419686,202.0
0055d6a8-92cc-4402-b71a-0c2506b40a66,1.700284858299844e+17,0.25130325926894004,0.0041807033,202.0
c792a4c1-7586-4639-99da-c32269eddde6,1.7002848851224176e+17,0.306330449598964,0.0035488727,202.0
5c515082-c4d3-4580-a4f9-abbfcbebcddc,1.700284857167381e+17,0.14558405264866675,0.0010765593,202.0
0f73d658-1fba-4399-b156-c1ac62455853,1.7002848908056995e+17,0.08968068978534205,0.009372442,202.0
3d7fe8f2-a322-4585-a1c6-1a8a764b7063,1.700284891482031e+17,0.2606812821003936,0.005255546,202.0
333eda91-2128-462a-9ca6-756de9ec7657,1.7002849369010995e+17,0.26339109742915257,0.0013482446,202.0
57217875-5cda-4d88-b47f-39ff52354f2d,3.137610435982788e+17,0.06565468241583854,0.0066913366,202.0
d1c415da-d35c-46b3-956d-5039f7c8beb2,3.137610423593862e+17,0.04745287894066467,0.003721984,202.0
28bbb1ac-c024-41d2-9843-8d21519044c1,3.1385349770811814e+17,0.07998723866141809,0.0011699125,202.0
3339253c-02e0-4e97-86ba-ac1dd5e480e0,1.7002849075934013e+17,0.2930347975867283,0.0033012177,202.0
6b59486d-9468-4cbf-9328-2f70df6d4f33,3.1400297167427994e+17,0.2717910538595422,0.040129054,202.0
9ed6faaa-af12-4314-9b9d-bc59f4381da6,3.1400297228245414e+17,0.0208072452605367,0.0015848945,202.0
ae15c1c6-6af6-4d9b-ab20-f0018f6b2483,3.139985391967274e+17,0.03410068837429313,0.026307499,202.0
7afcfda9-091d-4deb-bf3c-0c05c555c427,1.7002848846138573e+17,0.021600652980238787,0.0049870852,202.0
617dfada-02b7-427b-8c17-215bb7dfd455,3.1369510954310054e+17,0.039442998911702776,0.0022556789,202.0
ade76dea-f0ba-4555-9eb8-f342b1290758,3.137039053084426e+17,0.4663308663426368,0.0034175748,202.0
dbbccb19-f1c8-48dc-b00c-cb330cdc7c06,3.1377426955108365e+17,0.0492632061587199,0.079676725,202.0
ff8d28f6-f680-4c7b-9b00-a7e0e7ae4e2d,3.1383145853485056e+17,0.08776776089121954,0.08583547,202.0
5c57d81c-2db5-49b8-8dd7-7a928150a8b9,3.138358360990025e+17,0.01318818929955537,0.0030977323,202.0
7ad46d9c-15f4-417e-98f2-f9534eda0c61,3.138621997218531e+17,0.008485774468338139,0.0037544502,202.0
00761585-e741-401c-99ff-0c181210affc,3.138754168073749e+17,0.3639619789239858,0.01327586,202.0
429e395b-1d3b-46a4-851f-a696436c6b80,3.138886270771529e+17,0.6321168210960653,0.007442721,202.0
800f3269-4432-4415-8a62-77c475eb4224,3.1389302158104986e+17,0.2842405704566975,0.04889544,202.0
d683af4b-2dc2-48e2-aa34-032367fb4123,3.138798198571664e+17,0.18253389277752394,0.01164533,202.0
d1a0aa7f-31e3-4a93-8904-f06580a0a39c,3.1389302308365946e+17,0.013514301253677726,0.011227788,202.0
70db1b27-33b5-4541-ab62-4f27930041a9,3.1397218272359226e+17,0.2222999524446118,0.0074715973,202.0
c7690868-5cfe-4d37-9448-916211319cf1,3.139721830109021e+17,0.3588753003835376,0.017892027,202.0
f0227295-f61d-4e0d-9a85-538d3c02e8a3,3.139853463705356e+17,0.08714505411108817,0.0027121773,202.0
8503ce3b-aab3-4c81-be81-2eb5cfa0e394,3.139809484729222e+17,0.271317809392045,0.01837373,202.0
70d50018-8fa6-4219-85a8-f1758db3aaec,3.139809485646726e+17,0.4698929472517671,0.006475672,202.0
4ccc8a76-faa6-45b3-a79b-d660d3e6d954,3.1398534811641446e+17,0.09291752674605881,0.0022439957,202.0
d6acb288-f3e7-40a2-99c4-26b417241998,3.1399414463306144e+17,0.07411647401355363,0.12115128,202.0
23db33f9-d09c-46c3-b8f3-1dbf2ae23438,3.139985391636973e+17,0.7914094371385635,0.008099443,202.0
99a35b73-fb0f-4370-bf11-779b45c71f9e,3.139985391406286e+17,0.05280015424737069,0.015945515,202.0
d16d8fd2-6ec9-4f4d-b5cb-dc140243a67e,1.705255016763245e+17,0.09708321343293436,0.002502511,202.0
4caa97cf-6bf5-4c2d-9aed-98c91dc6b1bb,3.136643133074309e+17,0.029876115927112746,0.0020023682,202.0
94443b4f-b216-445c-a944-f59cd572bd8a,3.136995070322935e+17,0.3282343560582434,0.0049403436,202.0
d6e348bc-5a8f-4e90-9264-85ad7e5a1d4e,3.1370828915618624e+17,0.40772093004802273,0.07037942,202.0
adcb0c45-c79c-4844-8a86-d39f0f58a501,3.137610422330327e+17,0.15021175343410315,0.057785507,202.0
002a1af4-4e2c-42ef-ac77-a0c38ba5f84e,3.137610424175822e+17,0.42668533827260585,0.011626532,202.0
a38cb397-e0b2-442b-833b-a588358d0fa7,3.1386219987442074e+17,0.030468146322497443,0.00093905185,202.0
853fc8dd-43e0-46c8-b908-4fa617bbe2a3,3.138710145644626e+17,0.3788279558670896,0.02534445,202.0
5225b946-1074-4708-81f5-aab5cb2cac50,3.138710132925401e+17,0.1935542457760504,0.0010015758,202.0
7fc7c421-7963-46da-a8b6-f4d074d3b475,3.138710145088881e+17,0.5284806774147878,0.038558327,202.0
7084ab69-7449-4391-ad1e-a2c7c6b40698,3.1387541679269485e+17,0.1626093011938297,0.001963671,202.0
0a2926df-62e5-4d51-a98a-67d7519f2d4c,3.138710142000824e+17,0.5890042138425357,0.0005967413,202.0
38a3c36e-a19a-4b79-ad8e-e0fa27968a25,3.1387541682362784e+17,0.4153002772622623,0.004746182,202.0
14816999-e6a4-41d9-8833-45b0485972e5,3.138973838040107e+17,0.13349386044766526,0.012880754,202.0
80096af4-997d-4f65-9fef-551c43a80379,3.1388862721504064e+17,0.03781011011199568,0.0027487555,202.0
f53f4229-119a-4b66-b491-92a8308d0f42,3.1388862720140915e+17,0.09535002539936459,0.005103995,202.0
3371c60b-d2fe-4a17-b3a0-7519b9ab0797,1.7002852182025834e+17,0.41943468393358546,0.46925384,202.0
a38ed6ed-ce5a-4227-9f57-1e955d73d43e,3.139281945462047e+17,0.0973132147891061,0.00079532264,202.0
e0e94ec0-e64a-458e-a0fe-03ef0b23f069,1.7002851163229395e+17,0.6608891248562156,0.0014724352,202.0
0049a4ba-3a68-44e2-aaf2-bb61f07600e2,3.1396335946825734e+17,0.03374754399464724,0.010614662,202.0
612c98d1-ab8e-44e0-8688-85923f81616e,3.139809485756826e+17,0.14782547930605602,0.13966116,202.0
23cd9d78-fa98-4b93-b60d-75e53d74cff1,3.140029722179666e+17,0.0009601956788508675,0.001195517,202.0
70cb1f77-d529-48d2-be90-faf5b85255ff,1.706047405477069e+17,0.0034810446918968796,0.82737494,202.0
4c9c26bf-0698-40f6-8258-55c44d040042,3.140073458578228e+17,0.13661053404234436,0.26276842,202.0
1969ecc2-53b3-4f7d-87a5-dc98eb9e9d7a,3.136995063874192e+17,0.308542594232789,0.0010471324,202.0
667b9d94-ba1c-4dc9-81b2-0c905cc8f7f1,3.1367751629275136e+17,0.25423952184644155,0.0013776638,202.0
7acc9951-a96f-4b05-8e07-63ec1b887e34,3.1370390490788717e+17,0.2286712119352229,0.028560353,202.0
94b3f22b-11f5-46ba-9835-c9d69c035c61,3.137566718636853e+17,0.12164475579468284,0.008474775,202.0
8f86a8d8-6a75-43a6-9730-98cf37ba6562,3.138622035171744e+17,0.044063498912627404,0.0022982757,202.0
94480b7a-5ff3-467c-ac9a-9aa0ea055e9c,3.138710137890407e+17,0.2523653844140742,0.06749727,202.0
2e189be4-f805-4efe-a523-c2050839ca0c,3.138710147233219e+17,0.34115974505826424,0.00679121,202.0
ffcc0d4a-7d5a-4b1f-b620-77f6471dcf38,3.1387101514327674e+17,0.23557140262544984,0.0019638115,202.0
c724edfd-73e7-4631-8177-157e29269c53,3.138622055965001e+17,0.1749475300826139,0.0006548761,202.0
42a9b9ca-29ff-4001-9423-6c12ace74ca1,3.1387101394632723e+17,0.3060227944440706,0.006273216,202.0
9ec0b639-fad0-4a7e-aee0-1de31d27652e,3.138930214908723e+17,0.6110371703248509,0.0053029964,202.0
d6d830fd-6eaa-46cf-b7a0-dc28138bce72,3.138930229405288e+17,0.14687858322654548,0.0048877513,202.0
e5e907eb-3443-4ae8-a03d-7e1300b3f3ae,3.138973839371798e+17,0.5664549061414935,0.01645551,202.0
9968bb21-4a68-49bf-9490-46cfaffb9459,3.1389302298823885e+17,0.5083880855058975,0.017760145,202.0
75b48c7a-b34a-4480-b979-2bfceba856a9,3.138973838076806e+17,0.41038948702772715,0.002422045,202.0
6b61f1db-987e-417c-b8d0-c9ec66b588b3,3.139677528129536e+17,0.39622993845656324,0.088994235,202.0
b8404416-863e-430d-98b8-e7e5a7c62c29,1.7002852490779043e+17,0.45623886489170895,0.0016273662,202.0
b2eff06a-e81b-4639-bd66-8485e121f117,3.1397218271730074e+17,0.4400197384032181,0.0063651493,202.0
f53deacb-cdc7-4807-9ba5-2c03a43917f4,3.1399853939385965e+17,0.029622813850810538,0.0062386813,202.0
6142a76d-6724-4549-96e0-69d69b8a9541,3.139941449785672e+17,0.3525275676399119,0.009398152,202.0
bd5c9aaa-5a06-4466-81fc-85cb34632af5,1.705255018226008e+17,0.04261356161030506,0.0065178997,202.0
70806678-b90e-42ab-8fa2-989b9f52fb7b,1.705255018336108e+17,0.0031585645061664868,0.14147009,202.0
c25be836-b7b3-453f-ab46-0040c18dc7dc,3.137522455931782e+17,0.03216810274595134,0.005198206,202.0
eb5894c2-b87c-4add-8945-020b666a8179,3.136995063391848e+17,0.28203369642454545,0.00365818,202.0
945a3e28-a9ff-48ef-8fa6-0aebddf86622,3.137566730585375e+17,0.19858173342895352,0.01114877,202.0
bd5b2f03-9f31-4e61-b048-8b20946872c7,3.137566716775631e+17,0.2485162657019073,0.008963427,202.0
c742b5ad-b03c-4625-9341-ae38dd6da8ac,3.137874310646991e+17,0.044980980217014147,0.0023211462,202.0
0fa24cee-aa97-4d1e-a470-42b6186549ca,3.137918286708081e+17,0.0264416376830405,0.000940113,202.0
e6223e2a-e1b1-4a59-ba59-e4d37ecc80c0,3.138314585185976e+17,0.2617450277028495,0.048652872,202.0
70b90093-b8a0-4adb-8346-dac86f4ed74c,3.1385351769135514e+17,0.0046644536823844404,0.00067894557,202.0
2e0d7e57-593a-4b67-b3df-3b4ba842c4ff,3.138622051083879e+17,0.0018345138890750088,0.00067433435,202.0
b851042f-79bb-4597-9ad9-4f003f0bf0e6,3.1387101472856474e+17,0.12499731620024064,0.009188188,202.0
3da5f9bf-6ae9-4147-85c5-83de9645da6c,3.138710132180912e+17,0.10010223364332031,0.00088335446,202.0
bd37d7b0-0fdc-4a70-afb4-9bcd29b5bfad,3.138710150127288e+17,0.33734066621732706,0.048820052,202.0
d198106d-3a81-4523-aa52-4bb627e2b262,3.138621997129402e+17,0.1061437227351882,0.0010068703,202.0
d6b51f0e-66eb-4897-ae56-de2215d44811,3.138973838019135e+17,0.13263717011827775,0.0058532944,202.0
adb7b41c-1a06-4353-b166-997555871f8e,3.1387101543897517e+17,0.47860523431891455,0.003674624,202.0
eb46eacc-4175-4827-95c6-96c29c173488,3.1388862706509414e+17,0.10605663425095399,0.047013886,202.0
f06d45a0-c4dc-4967-bde7-dd7ce864234f,3.1399414445270637e+17,0.4116133330352533,0.005566264,202.0
3d5eb13b-a211-48a0-a872-84fddd17d6c3,3.1399853919672736e+17,0.4448490061216189,0.0036032014,202.0
51f5e471-34f7-4a34-ad5f-ac6b04f493cc,3.1398534661695085e+17,0.3180455212936385,0.0022894195,202.0
38258539-6da5-4a67-a8f4-a399b34ec1a9,3.140073458798428e+17,0.11285470200103791,0.14393054,202.0
b804edf5-a7b2-4c2b-be7d-7a258f730433,1.7052550172770394e+17,0.01746539951972762,0.0021660144,202.0
a3d1a828-aebe-469c-9273-b19b0d3b36de,1.7052550181263904e+17,0.10406833591501147,0.039730743,202.0
c725a15b-f44e-49b7-8527-68ae365b6940,1.7002848755961046e+17,0.003930510441800326,0.14653204,202.0
d6cd392b-1fc0-481d-9bab-3d5f716e9a2c,3.136819140619142e+17,0.2995510851218402,0.010648604,202.0
ae0dbda3-6c37-41ee-877b-2ac66c6b7897,3.137082891834495e+17,0.5223489410607093,0.007287743,202.0
66a5e5b0-f52b-4308-92ae-62abe0ecace0,3.137566717336619e+17,0.4693615477722661,0.0024751718,202.0
8a207268-6f60-4081-a4dd-6d365fe3adb5,3.138710134230878e+17,0.1521601746876258,0.008017247,202.0
a90668de-bfdd-4f55-97e2-a4cb5357e77a,3.138886272113705e+17,0.22008067404727244,0.001527212,202.0
0029e3ab-03a7-4248-9476-b7bd83ef59b6,3.1387541684145363e+17,0.5192625507341578,0.01509282,202.0
eb0d234a-4154-476f-8f25-fe388fbad9f7,3.139721826926592e+17,0.25418193695470886,0.007313081,202.0
9460848f-2940-4f18-b815-5a3f67af41a6,3.1398534813057024e+17,0.3024406428497839,0.03565886,202.0
5702cf63-36ef-4ea8-82c9-90cf81056203,,,,
db89c40a-174d-46f0-8165-1c8a98d3c9bd,1.7052988897912448e+17,0.005771649933249792,0.008620041,202.0
e0af5995-e33f-4b6d-9953-a969918f6988,1.7059594497582694e+17,0.07984100740300024,0.004819,202.0
0f905536-3944-4fb0-9019-8836e43366c2,3.137039051238934e+17,0.5003536930277602,0.016049797,202.0
4ce1367a-4d00-4394-91b9-ee5d8d45a119,3.139721826942322e+17,0.11660605464802852,0.044066176,202.0
5733d719-537f-4d2a-8add-db54c4dac0f0,3.1397218267588205e+17,0.395586884956405,0.0040402124,202.0
56f2a413-c526-4d2b-a4a6-fc4d37ce3cb0,3.139809481457665e+17,0.27775604574968055,0.023384098,202.0
fa9956fc-c48d-4a0c-a208-338bfcb90b17,3.140030139701659e+17,0.06228867184244505,0.093233906,202.0
8a225582-87a1-4394-b2ad-c18c008b0389,1.7052550185038733e+17,0.012050732110254904,0.12151803,202.0
6119518a-1e84-497f-8576-2143f7cf6687,3.13787429025743e+17,0.0715352119344529,0.012738258,202.0
7fe2692d-38a4-44ec-963e-b177ffa15071,3.1397215124376794e+17,0.038968813616149844,0.008543924,202.0
51bed576-39ba-4d45-ac4e-69e2766532cb,3.136907170970338e+17,0.18868380472345642,0.20232545,202.0
bd332494-e6c5-48cf-b5f6-e52de5169a12,3.137082891593319e+17,0.0320131900948193,0.0042095548,202.0
e0b6375a-2f7f-466d-9467-78f7e6384c4b,3.1388862717571904e+17,0.5222497505499004,0.008512944,202.0
3330a175-46e2-4b8a-afad-dddac1aa97e4,3.1397215334354144e+17,0.5653863471997985,0.21463247,202.0
5737cff0-4d00-49c6-bbe4-0ebaab882d1f,3.139721830690981e+17,0.13388038770572444,0.10566483,202.0
707f407c-0036-49f7-adf7-15afc0281aa7,3.139677661125673e+17,0.6306642851581998,0.0026267148,202.0
7b0768d4-8ce0-478b-95f4-8215b82e4562,1.705255017324224e+17,0.05951912823092628,0.010773861,202.0
3dc12c1d-f8e5-4eef-832c-7fa60a37f5b3,3.137039051018733e+17,0.356249980025149,0.18823025,202.0
003e2cd9-6fd8-4baf-81bb-9985d9e15176,3.13888627191972e+17,0.46217033140286856,0.003670662,202.0
bd6f6847-13d6-4675-aace-0bff17c0c6f2,3.139853467616543e+17,0.0460769466823805,0.006612356,202.0
8f1390e0-4196-4833-847b-b335d43bcfc9,3.1396775279355494e+17,0.04917976675350426,0.062332794,202.0
eb6a5ff5-7ad0-4d0d-934d-cb8ac0e632aa,1.705871179519101e+17,0.06454666956655015,0.7992861,202.0
f06a86d9-d562-4937-8420-f3d18ef59c87,3.139721830601857e+17,0.09667635160002394,0.01190552,202.0
e64b22c7-aa68-4aed-ab55-cb2e8475ca0a,3.139809479564988e+17,0.30040635013372347,0.07776748,202.0
3d8f57f9-16fb-4d0d-8218-9d121255dada,1.700285287675987e+17,0.251788977580728,0.0046412535,202.0
1ee71fa8-643b-458c-b2bf-33a07daeebe2,1.700285345442038e+17,0.5420317900894904,0.0013389416,202.0
38790022-b74f-4b20-a45f-f4ffe1f02c18,1.7002852649114016e+17,0.600020800419911,0.0012144151,202.0
8505684a-8bfe-4798-82e8-db4f898112ed,3.139721533393474e+17,0.03974746926740722,0.006085767,202.0
f5861e0c-be3b-416b-95e2-6208322f3d83,1.700284860575254e+17,0.26809499585548935,0.0020171632,202.0
f5896fdd-5fb2-4b57-9ae2-b495d72f16a9,3.137610422723543e+17,0.17461272941663453,0.014466284,202.0
d6c8ede6-3a01-4681-96c7-c67196b76e1f,1.7002853645366074e+17,0.015146111327450569,0.0060326145,202.0
1ed05ecc-8369-480b-8b80-b686c4c5b6d7,3.139985397488026e+17,0.3995827365442514,0.025789503,202.0
42afee7f-a38f-493b-a1c4-e1f7ff222f38,1.7002848645231414e+17,0.13794761547384685,0.0014901606,202.0
cc5115e4-60a9-4bd2-8b6f-7aed11ee6e32,1.700284864675185e+17,0.40022644189978734,0.0017123097,202.0
8f4b4616-7a62-4f34-8d1c-278fd3104c43,1.7002848580848858e+17,0.10705568815587735,0.0017079974,202.0
47a3ee53-0ba8-4d3e-9b8a-2affe7dd851c,1.7058710673162272e+17,0.02315807947238309,0.020957263,202.0
8f47cf16-52ea-48d3-9d9c-eedc5e6971d8,1.7002849276107174e+17,0.2025851514651911,0.0069570635,202.0
1ef2189a-8dc5-4d12-ac19-172aaf89b72a,1.7002851819061264e+17,0.08600676200176768,0.004734866,202.0
fa57010c-38f5-4ab5-89ca-924feef27909,1.705871101961175e+17,0.010929447326779737,0.017498454,202.0
a3a1033c-4ad8-4e44-909d-fc8ad908297c,3.137522454773105e+17,0.02404217084494771,0.0034321789,202.0
3849d6be-a94c-408f-9fdd-6e92c9e7d231,1.7002853036720128e+17,0.04889403752255366,0.032573704,202.0
c776afdb-4fdd-442e-8eb1-942fd1758758,1.7002848899720954e+17,0.10909020912890217,0.011367589,202.0
70a65360-ebd7-4f37-a1c9-1931cb232667,1.7005053324086486e+17,0.000803218263126997,0.009198951,202.0
23f89152-797c-4e81-9c7a-a4db6c506689,1.7002848848655158e+17,0.011172466165323705,0.0019236398,202.0
d1548d85-6a21-4e06-9eec-74267d0de98a,1.7002848927927507e+17,0.08666564469287204,0.016355498,202.0
946832a3-c3b0-4112-907e-d70cb5c35e0a,1.7045518816221728e+17,0.007226825475095324,0.0074741226,202.0
29196635-70c5-4f53-bab4-e55b26e0b890,1.7058710673004982e+17,0.08737052876465218,0.009443152,202.0
6b8f8e6e-beca-45a3-9f7f-5c91a418537e,1.7058710675469146e+17,0.10179353640984763,0.0052470234,202.0
c76e3644-abd1-424a-b854-cb01ddcca6f0,1.7045518812918717e+17,0.023796396032777133,0.0018539445,202.0
d199dba3-b7bb-4e8b-9add-4683f1fe2c86,1.7044193220965178e+17,0.10196560984161714,0.009197825,202.0
198912f2-b743-4836-bcfb-ee6095f8ed2d,1.7058711235041738e+17,0.024132718844200502,0.3014657,202.0
ffe62709-b184-4fc9-8eac-9519aaa0225e,1.7058711626737258e+17,0.0067489645085985666,0.0030082613,202.0
dbb3edac-d312-41cc-9a4a-911340e86f8b,1.7003288517725395e+17,0.009653492419200837,0.0023966217,202.0
bd13dd91-5181-4f65-8109-a5bf8b7c6ef8,1.7058710656280202e+17,0.010055072616347534,0.003542388,202.0
f5911b4c-cd8a-46fb-826c-a1d348758e63,1.7058710660474595e+17,0.02113146920059002,0.0120448405,202.0
0a455be1-5775-4367-b625-a48939289448,1.705871125045579e+17,0.016116583772510153,0.0029373078,202.0
28df0685-c4d7-4ed1-9b07-5622e00e3592,1.705915350494743e+17,0.009230103438305668,0.0021871547,202.0
4cb39128-7633-4091-8ea5-02cbbb04f2c1,1.7043756426408813e+17,0.11758320883050147,0.0049264324,202.0
e11880d1-bb8a-4004-bdd1-09c54d60cab9,1.7043756426513706e+17,0.007975523895784774,0.014881392,202.0
f5563a94-7f01-4383-b2f9-5613414fe512,1.705871104739905e+17,0.0035044354913798662,0.0008763736,202.0
3d969896-b11e-4ca0-9937-0b10efe41af2,1.705871162453528e+17,0.013358412846183006,0.006152371,202.0
adeef14c-a3d2-4658-b11d-c62b6671525e,1.7058711626580003e+17,0.062104552363981054,0.011846862,202.0
e60958f0-e0be-4526-85c9-fb433f87eafd,3.1370828890924646e+17,0.09788676180980432,0.0010521695,202.0
5216f2df-49f5-488e-9c84-398cbb118f26,3.137566723853531e+17,0.09125659104603397,0.0013565804,202.0
e0ee73d0-99b5-48ed-82fb-91916ee88eb9,1.705871105059721e+17,0.0074171891651415855,0.0007952823,202.0
3d73be89-da2c-45a4-bbb3-3ea61a5add48,1.7058711031460704e+17,0.004008334582048564,0.066131845,202.0
a8b7f39c-9ae9-459a-b0dc-1bbbdcaf77bb,1.7003287975192182e+17,0.0006023198915567151,0.0038848561,202.0
b8370d19-80ef-4a70-a301-883e6e3cbe35,3.13972153452069e+17,0.07364256081457006,0.045565844,202.0
003e176b-5fd7-47c8-ab12-cab33f07880a,1.70437563585135e+17,0.03181460326425469,0.0053758225,202.0
6660bfd0-b6a2-4f08-b953-b2f684f616d2,1.7045075517400682e+17,0.0019244585295960992,0.0012993786,202.0
e6036ed4-81eb-4b24-9273-72c533c13bfb,1.7058711181511936e+17,0.0031971639608274274,0.0077176974,202.0
425307bf-ea93-4363-83c3-9aeb73c014dc,1.7043756356049328e+17,0.06083181959964001,0.0024489076,202.0
cc5d70fe-44cf-4c4b-b889-4bd66cc9ffac,1.7058710602960176e+17,0.003291433000539922,0.003918294,202.0
6647d9e5-e45d-4ebc-85fd-ce30eec7b1c7,1.7058711029678125e+17,0.0053664690840744345,0.011789953,202.0
052bea99-aa55-4a39-828a-edde86513dbc,1.7058711048342742e+17,0.005500136441800012,0.0010144557,202.0
f05d9c9c-70f5-4b8f-b4a8-11d4573e75f7,1.7058711239655453e+17,0.06322402215406786,0.0063690203,202.0
99a92979-9d4d-4edc-99c1-6a9927bf8d08,1.7059151431860307e+17,0.003015058849074757,0.0052223727,202.0
5718b435-9ddd-4c4a-a52e-986be059a0d6,1.7045075493650502e+17,0.001019962503532227,0.0053752856,202.0
995adf69-587f-4ed9-b93c-760711f27163,1.7058711627471296e+17,0.008840500571098007,0.011058822,202.0
70d5d1e4-0b0c-4d25-8839-83d4d4b3f44a,3.139941408283034e+17,0.09741532060525132,0.0025658908,202.0
cc973cd8-c80b-4539-83d9-3a66992d94b4,3.1399414067154144e+17,0.1777753186149211,0.0052982527,202.0
332c85fb-eb8d-4143-a3a7-7997c86ba415,3.139853458771804e+17,0.09948852720131644,0.10608534,202.0
057eefc2-3b51-44bc-81b5-ffad9cb88d6b,3.1399414073235866e+17,0.4512033819228219,0.002844729,202.0
eb6acd2a-f422-4d75-ba76-0f7464c4e7ca,3.1387541604139014e+17,0.030024515069224527,0.015496414,202.0
a3a97e30-0445-4a02-8c4b-ec0f84e5d68e,3.139985698922169e+17,0.1483862772347236,0.0033943201,202.0
617d58e8-3926-42c0-a033-07be2a3dcd5e,3.139809485720126e+17,0.2605838986274342,0.0057148216,202.0
332e73d7-0407-4d9c-bfa5-01758df2358e,3.13998569884877e+17,0.18449040719050327,0.006438663,202.0
426ef9d9-e7f0-47a1-b597-e0695d46b0fe,1.7002851658419414e+17,0.171459151053903,0.003842753,202.0
4cdd9c86-ce9d-4c2d-8710-5310e1430f79,3.138535330252063e+17,0.30046658154661865,0.0007469146,202.0
a39b3bee-7444-4f3f-a21a-c566e4b47c94,3.138710186696377e+17,0.04873059562602968,0.0016239466,202.0
b8046a7f-499c-4b60-9426-5ec1ab7dbe0d,3.138754168105206e+17,0.36821432592864267,0.06709323,202.0
f06d7dc7-66cc-4220-838c-da7698ce3ced,3.1397218253222714e+17,0.5245364837999228,0.011482651,202.0
1ec395fe-98b4-48de-b787-90fe49acfb22,3.139721840626238e+17,0.21054123760065874,0.00042806345,202.0
d6e9d3f4-e140-42fc-8368-2a7977005288,3.1398094820710816e+17,0.029488964222848014,0.020755937,202.0
4264df8a-1710-4644-96d1-4c862d9bc26f,3.139809479166526e+17,0.25307915239599343,0.001723488,202.0
a3fb64fc-03d2-4445-9458-0957b31ec8e8,3.1399856991161555e+17,0.3920995143877769,0.005190124,202.0
dbae3ae3-ac06-45ed-a4e6-d111b119da2e,3.140030138537739e+17,0.17352070914241605,0.0019751042,202.0
bd213bb9-bb02-4b35-96a3-de4c794f6ed2,3.140073793755547e+17,0.12956996917596067,0.04165436,202.0
fa815eb7-e804-463f-b2cc-88a8d5adb83d,3.140073796885547e+17,0.5868323008832482,0.0051407805,202.0
007ea196-0145-4e05-b634-1f45deebd1df,3.138535178428745e+17,0.14539046993737248,0.00096275326,202.0
1e9ebc0f-7e62-4ae6-a7f0-c456a2018a4a,1.702352194104197e+17,0.1688161971405893,0.009180164,202.0
2e0b25a1-68ac-411f-b1ed-d1b75ca2e221,1.7004609353757504e+17,0.5997322017583684,0.058522355,202.0
7fd27c7a-83cb-412f-8371-0576edb45a4b,3.1398094808966765e+17,0.16791802483433932,0.0007248102,202.0
572225a2-f864-417f-a529-03c6aa89291f,3.1398094876232915e+17,0.21619614416668545,0.033990704,202.0
3d9ca46c-2215-4964-a2e0-e735db8adb6f,3.1399856933542304e+17,0.12939507987786988,0.0052627237,202.0
337948dd-06b2-460b-9b59-5f9b1eff30e4,3.140073792911443e+17,0.15678798618239378,0.0022434443,202.0
570382e7-031d-400d-aaeb-cb150b8262b2,3.1386220319368806e+17,0.16700069505896817,0.0010129696,202.0
b7ec9caf-d5ea-45f8-b6f9-e6b4682dd23d,3.138710140936521e+17,0.15907091443434934,0.00067612587,202.0
7af5d302-4777-4d54-a942-4cef2d4f0878,3.138710143117559e+17,0.04050684843352125,0.009713326,202.0
e6361327-2036-4a0b-b4b7-bdd1dbf2f99d,3.138754167732961e+17,0.4831111264651114,0.018476728,202.0
99722bda-d2ee-48bb-8257-df4db958c81d,3.1396776679886035e+17,0.6010182173355441,0.0011844594,202.0
0facf940-12ca-464b-a24c-fd15b4cf088d,3.138886270671914e+17,0.017673842130223053,0.0014185488,202.0
66627229-7ae1-4907-904e-4645e87e770f,3.139281949352264e+17,0.1292777934672363,0.0011895187,202.0
29213f4a-3df2-4450-a47d-9c3e5efe77b7,3.1396776640302285e+17,0.45963405934493246,0.0014628619,202.0
99a34eaa-60d7-49d0-b98b-49741c98b518,3.1396776628715526e+17,0.22828137387383238,0.00092134584,202.0
38a605e9-4689-4092-9b2e-0015936970f5,3.1397218283526554e+17,0.6581795586952816,0.060619153,202.0
d1b05e56-2731-40c1-89f2-6e4700a66b17,3.1397218318706285e+17,0.22906674114406,0.011159988,202.0
e0d64a4b-68c2-4f57-9333-4b49ae7afe22,3.1398094789358394e+17,0.10916679203095132,0.0035241807,202.0
8f542e44-7968-42a2-b132-88afaad662b2,3.1400737899649446e+17,0.34023101802276506,0.007814774,202.0
faccf468-bcc1-40ec-bd35-861b92e85fbf,3.1400737965709734e+17,0.21168445153847187,0.0018464479,202.0
a8d34dab-3b85-4ab5-be0c-e0f81e0d47f2,3.138710143710003e+17,0.06641574811041946,0.0009762079,202.0
853159d7-be66-4b5f-bf84-d8c416a92dcd,3.1387101420847104e+17,0.06631263369197365,0.00075367425,202.0
b327a2f2-00fe-41a5-a674-737fa9cdd119,3.138886270540842e+17,0.16811426204007895,0.009106587,202.0
946d772e-04f6-4420-bcb6-50aa6c2d2d4d,3.138886270802987e+17,0.3674016043314145,0.008008981,202.0
14b375a7-8f62-46b4-8e79-a61a12744802,3.1389302164186726e+17,0.24506106229465557,0.0012614379,202.0
d189fc75-ca7c-45d2-8424-52df45870399,3.1396776650840486e+17,0.028690472307824937,0.002334141,202.0
eb1feb23-3450-48f2-817e-f6a4066ae5a2,3.1397218323739456e+17,0.5907453233831418,0.0021641932,202.0
611b3862-b3f0-4bbc-997b-09a77885f769,3.139721832578417e+17,0.27832141644568914,0.012179452,202.0
ff94408c-2487-4524-b878-58c682678184,3.139721832358217e+17,0.17738660393794858,0.0026296612,202.0
8f565f60-dbcb-42eb-aaaf-a07f8a857167,3.139985693663561e+17,0.30228060790897027,0.010846995,202.0
e0ea36cb-db08-4e00-a3e8-f3b72f0cdfa1,3.139985707195434e+17,0.416037994619307,0.000448015,202.0
707a2e1f-a567-4693-b2ae-b45b1eaa4613,3.1400737927698854e+17,0.33781493542770236,0.07468239,202.0
e610983d-54af-4e7c-962d-f1da772b2878,1.7002851859955722e+17,0.31803299854515943,0.0014000962,202.0
b7e25861-ac0e-4bb5-af11-6fa005b8c1d2,3.138754168309679e+17,0.14229019479192925,0.16123672,202.0
ffa2017b-8d28-43a5-bacc-848edadd259f,3.138886272312935e+17,0.23525314110721898,0.0013839148,202.0
28dafe2c-71ed-42ce-ada4-4ffff0616d73,3.1389302159940006e+17,0.3431524485373489,0.017015003,202.0
3d8f93a9-7902-43be-bf4c-239ec5819631,3.139369868229346e+17,0.15328730246008085,0.012460072,202.0
23fb33cd-36a0-436b-8fb6-d64ed6f7df89,3.1396776602238976e+17,0.05906761204982304,0.0070069684,202.0
d1bc837b-02a4-4e73-b42b-3e74e13b2073,3.1397218272359226e+17,0.23961703386129266,0.014971217,202.0
6650ded6-425a-4809-96a7-bb69eadb0d39,3.1398094942817485e+17,0.005307862883840176,0.0005510437,202.0
99b48d0e-12f5-4e6d-b7e6-2c7b2fef989a,3.139809485814497e+17,0.3521146037714952,0.0024818094,202.0
5c3fe41b-c7b7-447d-8c53-88e2eb3a10c2,3.139809483460444e+17,0.1416294336428376,0.0017679452,202.0
f012725d-e1dc-4d02-9301-4a8eb52fe51a,3.139985705863742e+17,0.0010333497574675312,0.0006208771,202.0
3dae6c02-48b4-4399-8cc0-2429058f10f5,3.139985695304583e+17,0.0526228965130543,0.0062706424,202.0
19bdd63a-b8b0-4166-b6d7-9bca19901f8b,3.1400737959365843e+17,0.20858429960076627,0.009931423,202.0
1e994587-c92f-462a-ac32-a3bfc0eaaf4a,3.140117758722705e+17,0.08293935138817289,0.0014760953,202.0
51eda306-402b-4a87-ae0c-3f967a90617d,3.140117762303592e+17,0.30655566860829603,0.00083087897,202.0
70ea0531-ae4a-4ec6-9e51-32a3befb7222,3.1387101417334394e+17,0.013924521324817193,0.0009822675,202.0
663a2a47-e0a9-4ce3-b39e-c2717b57ff73,3.1397218255477146e+17,0.31263644668229584,0.004170032,202.0
db8ae17d-7f9a-41ee-b8c5-94f9d2138c36,3.1397218281167264e+17,0.29844742469339014,0.006088695,202.0
05668a05-9956-4ce9-b693-1f2c3ad7726e,3.139809484430378e+17,0.3057811198248477,0.0025813945,202.0
42c72acb-cc68-4619-a0b7-0da47540a38c,3.1400301441948064e+17,0.3250549925802597,0.004579277,202.0
89fa0b2e-d3ca-44c0-8775-610855c8a240,3.140073795779297e+17,0.26310086221122597,0.002932185,202.0
d1536312-9be2-4934-be81-3f8722d7a2d9,3.138710132301509e+17,0.017258181703370647,0.0008812243,202.0
0a366796-4fd5-4fd7-bc94-381bbde4d896,3.1387101323853843e+17,0.452379334435533,0.0006957797,202.0
94470a9f-46ff-441e-b73e-86588656eac1,3.138886271778163e+17,0.18614340039839836,0.002118334,202.0
00662bcb-df3c-453c-93cc-78558655f5f3,3.139721826947565e+17,0.20311081507823264,0.008194382,202.0
ff9d5385-8d1a-4263-8881-30e1529bab7a,3.1398094814209645e+17,0.37713534233842333,0.0067525245,202.0
47736c94-2f9f-44c8-ab9d-57228277436b,3.138535330566636e+17,0.4810517059229447,0.0012207913,202.0
eb3f9ea5-93b7-4ca9-a48e-244b15a4fd92,3.139809480388117e+17,0.17119892848468488,0.002794307,202.0
00443ae6-ede9-4ae2-bad7-2c4d55af3384,3.139985700484548e+17,0.1784047565255917,0.0015255954,202.0
5c2f1ded-f565-4b80-879a-01d219881e6c,3.138886271998362e+17,0.3390231784943451,0.0024201027,202.0
faaf8510-0c30-4210-9969-6f9a15498d16,3.138930217624536e+17,0.260804532434911,0.002971807,202.0
7ff2e724-d292-4b2e-abb0-2e8667f0197b,3.13893021740959e+17,0.024134972939129005,0.0022684352,202.0
996ade50-a259-4f91-b8f0-c2c5189e0aa4,3.1397218283002266e+17,0.30074948485029745,0.0035481802,202.0
eb1e13c2-dac4-4328-b168-c782f889b962,3.139721838093928e+17,0.1823623305931581,0.001026844,202.0
c755bced-a557-4dcd-9236-ed1eebd6f4ac,3.1399856964108294e+17,0.041550791509101515,0.15132363,202.0
0022d52a-7121-41bb-bdb6-2c52333d30c0,3.13998569741222e+17,0.19955194791649897,0.0035056246,202.0
fac1863e-5429-4dee-b69e-6ad5413f50a2,3.140073796397957e+17,0.3058734584918753,0.0027074937,202.0
ff7f75b4-4186-451a-a25c-0a8bddf05837,3.1387541681733645e+17,0.42202513096690175,0.005318756,202.0
8f59eda0-3beb-424f-b370-894ce36f1b9f,3.138886270834443e+17,0.1700040395009565,0.0019380617,202.0
0f7e6d40-39e7-46cb-a1b7-c01cc9ed464c,3.13888627226575e+17,0.4280555519817926,0.002159996,202.0
614beb92-dd6b-4bad-8420-29b3fd8f0eb3,3.139721826968535e+17,0.312606529866667,0.009571482,202.0
05637205-6896-41ef-afce-bdee88f37308,3.1396340672862624e+17,0.38681138186052433,0.0031057848,202.0
ffb8241b-b6fc-4263-9a27-a46f465826a1,3.138754151805092e+17,0.1431739468829485,0.008181468,202.0
616f090a-fdd2-4ca2-885d-bf93d60ceec7,3.138754153718743e+17,0.2914064714388285,0.021314792,202.0
eb27c2c1-c34b-4bd8-bcac-8d1017b18f64,3.139634052365026e+17,0.0991538745616836,0.0010759373,202.0
054d827f-632a-426e-a74f-5646b02b7dad,3.139721848684544e+17,0.1232633766281826,0.0013818267,202.0
47df7994-ec82-4964-9c61-a6e5eade1554,3.140117764217242e+17,0.25177547449330656,0.0033392212,202.0
5211b95a-f73b-4797-8e0a-dbbbee2c5e42,3.138535336695562e+17,0.0055583546937116,0.00076686835,202.0
66ae52e8-329b-4c74-86d4-329b4ad52801,3.138710143668061e+17,0.1418382350131493,0.0014095064,202.0
eb20dc52-0931-42b8-a156-35f43e9ffb04,3.1387541676857766e+17,0.10122621157858143,0.020750111,202.0
f04310aa-c418-4593-876f-3ba9ce70fce1,3.1397218259356915e+17,0.6016143279249937,0.1465142,202.0
8a40089a-0b13-45c3-928c-a51d6d818170,3.138754150520586e+17,0.016442736567141666,0.0016837354,202.0
9ea0f43b-4f45-4020-8cb0-c317c2446bcb,3.1397218339101094e+17,0.08443634522079065,0.14276628,202.0
1eeab655-88a9-4786-be57-cc8002002f31,3.140117773701613e+17,0.11162839807144932,0.0013795736,202.0
19cc6082-830b-465b-a197-92df856c0b47,3.140073791312367e+17,0.41424036051580265,0.05099942,202.0
6650958e-5bb1-49b8-87eb-73600d801060,3.14011776705364e+17,0.2150878036028784,0.00087849074,202.0
0fb17ceb-f8a4-4eec-8e64-8b9500dbacf8,3.1401177664087654e+17,0.04242562161402218,0.0008308044,202.0
f5768cc6-ffa7-4993-989e-98388d6abc84,1.7002848663266925e+17,0.5158674819441239,0.0044368124,202.0
d1989d37-93c5-4d12-a436-c4bfa6c5fd80,1.7002848570572806e+17,0.2748372575789412,0.13822748,202.0
9447f3ce-c863-4f4e-9eed-f03ce005bb7f,1.7002848664367936e+17,0.1807129493722483,0.0009880345,202.0
8a4ebed9-0490-4eb1-8889-35b3374a831a,1.700285106183209e+17,0.37931952618175646,0.000560259,202.0
99a10583-8225-4013-a334-bf2693db1ef1,1.7002851257601232e+17,0.43618309241037745,0.0016393736,202.0
d1845399-d225-4f20-a083-4529d1d1d253,3.137610423310746e+17,0.2541189916159768,0.030778928,202.0
f06fe50c-08ec-46e9-9cbf-e5407fe035db,3.137610423247834e+17,0.3290331354840925,0.0108505245,202.0
051a103b-2caa-4e6d-b0c0-a9940eecff17,3.139414488399218e+17,0.0679089834410658,0.0016041021,202.0
0f52b6d2-9cf7-4101-93a3-7053b4f40393,1.700284858425673e+17,0.42781101903042384,0.001525858,202.0
c74b5c64-949f-425c-8d1c-7acf30daf351,1.700284872088618e+17,0.0027066137206474706,0.0010582061,202.0
9e7947fb-9276-4862-b7fa-4b08e30db507,1.700284864937329e+17,0.02987891574046067,0.0025227484,202.0
56e3d42c-e33c-4dc7-a845-6d09e6558e23,3.1369510833409235e+17,0.040378656224295005,0.0032242367,202.0
338152c8-e4fa-4bc6-94f8-c76c8c9e75c2,3.137082891724392e+17,0.25812152164996527,0.081868224,202.0
ccb36e24-d144-4e26-8387-6c76f5990054,3.137654809443697e+17,0.016154935185980008,0.0017380359,202.0
ae376c0e-c78f-4a7d-89f4-38e9be672f97,3.138930229295187e+17,0.4761968970820479,0.00382908,202.0
b328b75a-c3cb-4c8b-9034-0c043dddd6b1,3.139633595290748e+17,0.1550550350628552,0.023819331,202.0
706d1752-f021-4add-9d1e-9c742da4320d,3.1398094855733254e+17,0.16160723391223863,0.0022299185,202.0
614cac57-fd0c-4d87-99cd-b57081e50c7c,3.139985391663186e+17,0.06315242471875075,0.012439153,202.0
0fa8bbbb-d940-4bc6-9df0-7a80a453ecc0,1.7002848935582115e+17,0.013252767669588278,0.003221064,202.0
b80c7d88-6fb3-47d6-ac18-3ff196e491e4,1.700284857041553e+17,0.10189837662113681,0.003292893,202.0
7ae0c5cc-3cd3-48a9-ad3e-fc7cd40f2fc5,1.7002848713126714e+17,0.1124630173342614,0.0013667574,202.0
573c2dd7-c044-4c75-8133-69c537b244b4,3.1376104234523046e+17,0.13018739227151208,0.017628659,202.0
9957449c-808a-4426-bbe8-8420d7f954bb,3.1376104226816e+17,0.05441696702599017,0.009871856,202.0
6bbf36e9-dad7-4b1b-9527-be22e4f9a5ed,3.137742703590114e+17,0.022900093216099243,0.0010065348,202.0
1465905e-ed84-428e-b51a-193034a7c6e6,3.138535011736618e+17,0.020331724337809706,0.0016172836,202.0
d6d5bf60-241e-4b35-8317-a68aec574307,3.138535331232482e+17,0.366713560598444,0.0006755169,202.0
28d1b8b7-ed44-44f1-9181-3356d950df2e,3.1389302307107635e+17,0.12559055969847607,0.007430798,202.0
4cb82275-f157-4271-bbbc-0b389ad3d05f,3.139325668978852e+17,0.07391527099863134,0.0010099028,202.0
eb15c713-ca49-40e8-861a-6de9d5c6117a,3.1397215513870336e+17,0.0067793208668748845,0.0010690822,202.0
23fd4c57-8068-4b78-9a9e-1af4637382f2,3.1398094507868166e+17,0.3452202829227705,0.0009941312,202.0
6bbe0f48-8675-4ffa-88f6-1e8171de8775,3.139809451452663e+17,0.12961286850346918,0.22602543,202.0
9eb4bb9f-1b3b-4b82-bcd1-eb255a96e105,3.1398094513792614e+17,0.03333010458265047,0.0055575175,202.0
9e9aa278-b198-4d4e-8f32-3cdd491dd932,3.1399853987358336e+17,0.23519729585335303,0.014621656,202.0
f578273e-b2a4-4cf7-b92b-bdd5329c2ac0,3.1399853956582605e+17,0.21580722135738659,0.134116,202.0
d198fd42-8bc6-4c76-92c3-fd80bf1f7e0d,1.7002848687698742e+17,0.04664303728152077,0.0012191546,202.0
802ad095-cba1-44fc-b096-6649cf0c6508,1.7002848567007654e+17,0.2680535852022478,0.014361825,202.0
a8a70942-4877-4ae2-9a30-232decf2aa32,1.7002848638835098e+17,0.041391434587435424,0.0025002642,202.0
eb0616f4-a0ed-425f-9f58-a7e987dbcf85,1.7002848705524547e+17,0.016769846077079185,0.003954286,202.0
995e497b-9aba-4eda-aa0d-fbedcff1445e,1.70028498663506e+17,0.007775534580614466,0.0031443725,202.0
760055e4-e2e5-4edf-8f06-14b36b3ed4d3,1.700284885164361e+17,0.001663341148754277,0.014625486,202.0
cc405aca-5123-4dbf-a178-2a6064dd521b,3.136907170933637e+17,0.1172939524009153,0.02217492,202.0
faaf4bf5-388d-4dc1-ac08-fb93f596b7c1,3.1369950704330374e+17,0.009947220015145,0.0010222383,202.0
708dc236-b85d-4e14-b107-6ca16a4c649e,3.1376104225819866e+17,0.08534493062701837,0.028507786,202.0
054e5a47-80cf-4d4e-a419-2fc1345333ed,3.1376104235257043e+17,0.10006451867337277,0.0064530037,202.0
52181da1-297a-468f-ab73-6cc409956186,3.138535014955745e+17,0.011085751120556916,0.0014769932,202.0
8a454f28-9dff-4f50-8945-119b590e0eb9,3.1386221245785715e+17,0.07169908762631302,0.001310916,202.0
f56f1146-3790-4941-bda0-32df5be17415,3.138798189270794e+17,0.270925878353299,0.012988389,202.0
1989fdfe-8dcc-48e6-b690-c1c4ed297433,3.138798188694079e+17,0.009708084654907717,0.0026018275,202.0
8a3458db-6382-4b19-882a-8b6b85d75f50,3.138930228220396e+17,0.19957436765674058,0.0017728851,202.0
0f8c5d13-b934-4d9b-b18b-66dd0b01edfd,3.13897384085029e+17,0.07999607929417636,0.073382564,202.0
8a4254da-ce22-4611-8b83-78fbb3b0f8c8,3.1394144902918976e+17,0.13505456505132132,0.0021724694,202.0
6110175c-6593-40c4-8fe1-1a23dc9d8ac2,3.139414514126031e+17,0.16272727770205267,0.0008155933,202.0
e61deae7-3649-447f-bc8f-63c9a1060f33,3.139414514299045e+17,0.07449214090059132,0.0013207274,202.0
fa5cb1ff-e183-47ae-96f6-921031f62e06,3.1397215346570054e+17,0.05820866148691429,0.00872263,202.0
e61d007c-8061-4266-ba5e-e3344e5c59eb,1.7003290243157203e+17,0.4820681557482265,0.0021469789,202.0
7087195d-29dd-4123-9b59-b1bdb2121616,3.139809452705711e+17,0.05511852172667618,0.0090777455,202.0
7b041fce-62f7-4245-926f-31379354a10d,3.1398534945544614e+17,0.002890509856474529,0.0011785029,202.0
db9fd508-8fd8-4d63-81d4-3187b600370a,3.139985398746318e+17,0.33055294662892454,0.0027896368,202.0
290914b7-78f5-40e1-866e-dfe636a7da23,3.14007345828988e+17,0.0518490338632122,0.008454415,202.0
1478e786-c5f9-4855-b225-af0afca25fcb,3.1400737899492154e+17,0.3783410534112325,0.025769666,202.0
47d55dd0-d0f5-45e8-a444-30dbfd0daf5d,1.7002848785163888e+17,0.04257070052581658,0.0019976394,202.0
adc397c2-9e92-4e44-9c5d-f86e87d65f00,3.137082887336102e+17,0.08198269417657518,0.0025768972,202.0
adbc0637-de1f-447f-9062-8f298dc68076,3.13756672520618e+17,0.005800229952464878,0.0014922692,202.0
8a4d4d5f-9ef4-4390-a8f4-7ff1b82428a6,3.137874310473974e+17,0.009842438517320551,0.0011260739,202.0
8f70473f-5bc3-4e9a-be20-4e51b6bb92bf,3.138358365320644e+17,0.00440850988024998,0.0013623586,202.0
a90e6562-f877-46c4-985e-1729d9652a69,3.138535011820504e+17,0.09546763272887443,0.0011707502,202.0
fa692401-912d-4d3e-ba83-51eb48327ee3,3.138622044026963e+17,0.12752529526130246,0.0009334111,202.0
9ebe8c38-77b3-4ebd-a041-ee4cdc8c53c5,3.138622044624653e+17,0.10130163724050772,0.0017458367,202.0
00411a33-e951-409d-a593-23de28c89dce,3.138622051173009e+17,0.045411392979634584,0.00081146875,202.0
c7765912-33b5-491d-8f85-867777b46a28,3.138710130990781e+17,0.1099064679396452,0.001008275,202.0
c71d2045-c1c1-4af5-909b-032994cc50c1,3.13893023128748e+17,0.4458581027183007,0.06569321,202.0
fa95b4a0-b911-4433-beec-0e87bbee642a,3.138930232378e+17,0.04711529713026933,0.012520173,202.0
eb6edef3-76a0-43ee-91d1-7c6a31f7993d,3.138930231900897e+17,0.1354407494514105,0.008738815,202.0
8a6b4115-e62e-495a-b44d-86ea7cd01890,3.138973840614361e+17,0.03398515791038829,0.06761876,202.0
0a7d2184-2df4-48df-bb7c-636ba25bfe4f,3.1395016186580186e+17,0.3773160054088484,0.0034664848,202.0
b8274415-9825-484e-81fa-f6c01ae762f9,3.139633594792674e+17,0.007768256080544443,0.026298134,202.0
b8370657-56b0-4b82-b426-44e5cf54560e,3.139677526955131e+17,0.0627671315743259,0.0581134,202.0
4cd1c27b-841e-471a-8c0d-e0e7a52560fd,3.139721534017374e+17,0.07473676294795334,0.01167483,202.0
f062cf82-9e7a-4937-99f2-d25547c46555,3.1397218286147994e+17,0.32967727807493946,0.0012811611,202.0
c28b36e4-e0b8-418b-8394-030f4ea38d57,3.139853498885081e+17,0.2869214372182068,0.0039456245,202.0
c77a83cd-3dd8-4881-8ec6-a669897abf72,3.139809453775259e+17,0.023349393865082117,0.006827992,202.0
75b09d54-266a-49df-8bea-025a828b7f71,3.139941445161453e+17,0.1060461341070277,0.004019251,202.0
b316c976-4753-4421-9c7e-258824f6ddb0,3.139985398111929e+17,0.48367301667292834,0.010209766,202.0
f072d2fa-cf34-4d3a-b052-8fbecdc8889d,3.139985395422331e+17,0.48112295033461566,0.004828796,202.0
0f553d54-5aeb-4b3a-8f15-0183cb9fee73,3.139985406385193e+17,0.10942041609112386,0.0037014848,202.0
a8ab3286-e8a2-4612-80e6-944302dc9d49,3.14002971803255e+17,0.25472194589011327,0.006545179,202.0
4caefb63-ab41-4c62-a87c-bfabc46b3ade,3.14007346810454e+17,0.009512149035054061,0.0009955816,202.0
3362552e-667e-4af8-a226-c4442b00540c,3.140073456931964e+17,0.029506234982644073,0.0044952603,202.0
23a1f037-6572-49e3-a28a-c548d39d7c07,3.1400737937293325e+17,0.12749914424500233,0.0025076186,202.0
3d9caa1b-024a-4c7d-a0dd-6be7e3b0e766,3.140117758224631e+17,0.1962438580640763,0.004167195,202.0
1ee2c60b-1831-49b1-8eca-d5f5697ac1f5,1.7002848892485632e+17,0.06265099164827781,0.013024692,202.0
8f4fcb8a-716f-4c8f-a342-ac6cd13cc2ca,1.700284866562623e+17,0.23820741047886396,0.0013674062,202.0
e0bbd1fa-8619-4d20-b98d-4017b29959cc,3.136819141793547e+17,0.20199029823582262,0.016795564,202.0
3881fab3-bad5-4fb4-8d68-0140c5f50b8e,1.7002851104247e+17,0.5788560306183698,0.0018125214,202.0
d1cd5cb9-04ef-433b-b62b-3bff8176d4c1,3.137874299857143e+17,0.03568715652488188,0.0036525426,202.0
662cdef3-0c65-4229-bb87-bba81c6737af,3.137874309556471e+17,0.27167496410264935,0.008575221,202.0
947d4003-26be-47c1-b2a6-a0fa8eaa9338,3.1383145848242176e+17,0.23837634857692522,0.06378822,202.0
8502fd21-93af-4eed-9999-cbc7f7141f69,3.138622007505062e+17,0.3134492901299135,0.001906929,202.0
f0650b22-b4d6-4c96-9255-8ebb5bd4accf,3.138710137727878e+17,0.05063569235480365,0.007925898,202.0
3d6a3e9f-7ac7-4faa-9c4c-fb4b3a1b26ba,3.13871013829411e+17,0.37951090631833034,0.056536198,202.0
9ed3f612-ee26-4fb3-b6df-b22150fa6f7d,3.1387101390595706e+17,0.048685256567961,0.0059906305,202.0
70b3553c-98dd-46c5-8696-141f222fc417,3.138710135221782e+17,0.5185976688158671,0.015886396,202.0
4290eb6f-4254-4701-9f4e-0ef98cc89e41,3.138930230469596e+17,0.11219555392671478,0.028117629,202.0
66307104-6934-45f8-ab1f-8b5cadbb2350,3.1389302318170125e+17,0.05909965895602652,0.019717107,202.0
d6a6074e-c7f9-436c-8268-a811dd0f9421,3.138930229305673e+17,0.005987996568275739,0.0013332977,202.0
c2376437-7e45-41f5-88a6-24d699695a76,3.138930232225957e+17,0.06348037300791937,0.015181667,202.0
f044dfe6-48fc-402f-8495-38a846683213,3.138973840499017e+17,0.20092455747941074,0.0034740712,202.0
70d296fc-d666-401f-bf79-ac4fea0db84c,3.1389738406300883e+17,0.16965273063084027,0.0037799443,202.0
dbaca40e-6914-4b94-b7dd-964e9b64630c,3.1393256655447654e+17,0.2157831627307382,0.0012064446,202.0
14c8ed9d-c46d-485c-8566-f01c370a4151,3.1393256650099923e+17,0.19275779834274137,0.0018118563,202.0
334f6854-96de-4e70-ab9f-6642a339b634,3.1394576972696794e+17,0.021957438013879695,0.0071252952,202.0
ff99c28a-24de-4873-a4ef-4375935e6622,3.13963359445713e+17,0.13302527007921292,0.009348295,202.0
d1c7a84a-7169-4d6f-9edd-972edc7ca304,3.139721532544126e+17,0.04159552858719124,0.0169616,202.0
57341e60-49db-44d9-b172-6ae70af8c3ef,3.1399414505301606e+17,0.1753172270754662,0.03161749,202.0
8f7a12b6-4a3f-49fe-b01c-7cc609465d1a,3.139985392905749e+17,0.11819300624026853,0.0030964073,202.0
e61aa0ed-b636-4e0c-a2d1-713088c13a2b,3.140073457084007e+17,0.11317235091556162,0.0053711804,202.0
cc9c798c-494f-4876-ad9f-8bb0bd5d2557,3.1400737916007226e+17,0.21163412046873234,0.001574087,202.0
1ec256ba-1a11-473d-b7f8-ad293c1b1a0f,3.140513204535296e+17,0.002429221541408615,0.0020678502,202.0
6b6298a5-70fb-45ec-946e-43b22f0ce583,1.700284860549038e+17,0.0370539429564154,0.0014364356,202.0
292c7d1a-ecca-4b79-871c-a503e3e162e7,1.7003288372707334e+17,0.13123162517777545,0.0018929121,202.0
f04226a2-3808-4b4d-be5b-fa752a9bafd8,1.700285165228533e+17,0.016514615375207993,0.0016059502,202.0
dbf7be11-3aab-4ea8-8035-fdba8ba85eb7,3.1369952121795386e+17,0.021054461291015205,0.0011385459,202.0
42a99d15-49a1-4db9-a2d0-45a841468969,3.137082888793622e+17,0.2123059562918164,0.0013874797,202.0
9ee955fb-ec07-4943-ba82-910c51a10e2a,1.700284924008859e+17,0.2507988383030667,0.0038831523,202.0
fff3c1d4-7875-4ffa-aba6-6f424446587d,3.1376548050396794e+17,0.3474718980003046,0.0049651754,202.0
292adb9a-73d8-4936-a440-7c31725c0a58,1.700329014401434e+17,0.026845982091870096,0.009920637,202.0
8a6a397b-5e91-47f7-9910-ba7780b19d49,3.1376104238979494e+17,0.0702720787794812,0.012676181,202.0
0a20dcf7-768a-4b9b-b1e8-9427681627ba,3.1385350151077894e+17,0.008016092608461114,0.0016757658,202.0
b30a5faf-99d0-4870-a0bb-cd3b31354f3c,3.138535011857204e+17,0.38327171932249987,0.00093495287,202.0
1ea26abe-c770-48c2-be09-4669f182e4e6,3.1385349729340634e+17,0.02180008018289486,0.16938709,202.0
33878b88-ca88-4e7e-8712-733a167e1fab,3.138622035218925e+17,0.23283748848225608,0.00072039745,202.0
0516dbb4-cc46-41d0-b62b-a9f7623097b5,3.1386220439535635e+17,0.19482631478184265,0.00067010865,202.0
dbddb8ac-ddce-40b9-be93-b92ab4206ecc,3.138754171067434e+17,0.0033914583886648065,0.00071634125,202.0
3325da03-ba85-4031-95b5-6078ef1397d8,3.1389302306426074e+17,0.006682160978436961,0.0057320916,202.0
28b180ab-1538-463e-b496-7a6581ac6d9e,3.1389738394714144e+17,0.04627692518665664,0.034077812,202.0
a9236312-e366-45d0-bb00-96cbbfc54916,3.138973841416521e+17,0.1405942930103365,0.017214397,202.0
f06d28bd-9ecd-4b61-943a-2ed420f003a3,3.138973841390305e+17,0.23488164070673972,0.0048181186,202.0
d6986751-f923-4ec4-8786-3bfd23cdc67e,3.138798188442419e+17,0.4584805116031736,0.022381162,202.0
b842fc4f-38ba-4c1a-a8f5-2d5f28de23bd,3.138886271526504e+17,0.012452827611602442,0.0064302315,202.0
eafe7ed5-3e94-4a13-8f7a-702dd4c9fb70,1.7004610068781466e+17,0.4640800078002185,0.0023126143,202.0
add8ef72-15f5-476d-afc3-f0cac5ff32a6,3.1389738367346285e+17,0.3895644505470812,0.0119314585,202.0
a3856565-1e69-4e22-b585-9a10976b682c,3.139281948723118e+17,0.3354783555423375,0.012233433,202.0
0527cce5-0c42-4294-8712-7e679c89109e,3.1393696433674656e+17,0.09093616306630632,0.055247054,202.0
f08ce935-68d8-402e-8f3d-f7789f91d462,3.139633594687817e+17,0.1289047787810827,0.0030251015,202.0
7ad7d109-a453-4eb5-9334-540898455c25,3.139677528297309e+17,0.08304867611262831,0.034519177,202.0
f59039a6-dbdc-4e2e-96b5-112b151019b1,1.7002850056300144e+17,0.2387734985137756,0.012101636,202.0
3db19974-4340-4c38-9681-c03b8424df28,3.139809457539646e+17,0.2436010610713631,0.0013697864,202.0
42b43768-dee7-4221-9a10-87a93094335b,3.1398534639360416e+17,0.43375713196364873,0.0077271946,202.0
571a9edd-3998-46ce-8dec-edfdf4c13264,3.1398534798009984e+17,0.05582640623278595,0.001374729,202.0
61386a76-4656-4e5b-acd2-a78145f9bd39,3.139941449130313e+17,0.1153258572043689,0.06767391,202.0
a3e035bb-b6d6-48bc-b2b5-2f19f8ac1f0c,3.139809451295376e+17,0.08377449108100579,0.001522004,202.0
47bb3758-6d38-4c01-b9e3-660b6126d189,3.140029720171644e+17,0.18072636877926704,0.006815575,202.0
0fab1e5a-0863-4e33-946e-90bb1998e370,3.139985394158797e+17,0.40724632520237647,0.019813752,202.0
d69ea26d-b502-4b25-ae8d-3cc9f7553bc7,1.7052550169362525e+17,0.06324374274453183,0.01051707,202.0
708abf31-a2fd-44d0-a686-6aa6bc58c737,1.7052550172036403e+17,0.029658736116852314,0.041029785,202.0
ae029597-9cc8-42b1-9fde-73f32726ee5e,1.705255017219369e+17,0.03304277182487846,0.023442756,202.0
0a5128e8-5020-4318-87f0-758d1358d01e,1.7004607500661555e+17,0.07895979923470589,0.0031079876,202.0
0036a202-c258-4e16-8d35-6c82d798eb02,1.7002849036769702e+17,0.003902692156491648,0.0047941306,202.0
99bc4df5-9bf8-44c1-a1c9-f70842f61f8a,1.700284885442234e+17,0.0027162320272928506,0.0025497053,202.0
eb20c173-7646-4f9b-ba7b-086cde71f213,3.136951081956804e+17,0.15303507713364586,0.007954492,202.0
385f5b2e-ba5c-4cb9-a948-60b16bc0e653,3.137566730789848e+17,0.10972323808192504,0.002239715,202.0
8a11fadb-92dd-47d8-8aca-4b0b1c7790ec,3.1377426969054426e+17,0.08377482584046358,0.00068518764,202.0
47d71810-0118-4c47-b293-1abfbce3f536,3.138534975487345e+17,0.16782611516944768,0.0033246963,202.0
615baf77-cc36-4b27-b146-4cdca4676b59,3.138622049762675e+17,0.04068922815133129,0.0010571106,202.0
e5ed6529-711e-4d68-afef-6e2550ce906c,3.13853497407701e+17,0.138295552319002,0.002552512,202.0
0a46eb8a-21ff-4bc3-9784-0932f1dabf20,3.1385353299270054e+17,0.22443501259677331,0.0021358132,202.0
adccfbcb-a224-4600-8870-f249abce9307,3.138710153199617e+17,0.004748070678204699,0.0015402931,202.0
3db0e9fa-6ed5-4d54-834e-afd9f65e2ed3,3.138710150452349e+17,0.05333178592069776,0.00700953,202.0
c2654e19-abc6-45a8-a84c-511d7805be27,3.138710132505969e+17,0.14888280578537255,0.004089067,202.0
b2e78bd8-5c77-4d27-9a9e-1d679ff1cb62,3.138930231041065e+17,0.7123533535656814,0.016372511,202.0
668b4ea2-6c41-4232-8d15-a5db16b33217,3.138930229289944e+17,0.36051795935983927,0.016506553,202.0
1eaec9a3-19ce-47a3-b020-724229202611,3.138930232073913e+17,0.1958047333150019,0.00964189,202.0
70799117-c71f-46dc-b3c7-a09e6b8a89f7,3.138930229300429e+17,0.053639017760300826,0.009684271,202.0
19a08c94-8969-47c6-95de-e41dadb2c201,3.139325668402135e+17,0.22005910560615233,0.0041157473,202.0
669d8737-3d65-4485-97eb-f8de58b1d22d,3.139721828368384e+17,0.4366822170745138,0.008027866,202.0
002bef87-eef3-46d2-be33-0d6243f0fa69,3.139853478684265e+17,0.3894489307838593,0.011452051,202.0
a388ac7f-2286-47fd-a6f0-e77a565d0005,3.1397215341799014e+17,0.14572925285791777,0.0047400743,202.0
e64e7b5c-55f7-409f-975a-8792db864353,3.139941449801401e+17,0.30322349291523654,0.054219812,202.0
70782016-81d7-4880-a720-a7cea8136cc2,3.139941444663379e+17,0.12854640173841375,0.012362529,202.0
e635fa75-8aa3-42f2-b75c-f4cfecc1bff6,3.139985391762801e+17,0.11778632598256612,0.0024854348,202.0
cc4ecf69-f3ca-4182-8576-14c08a9e4393,3.1400297185306234e+17,0.4573906552798121,0.02162943,202.0
23ba0fc8-1819-4b31-aa45-4beae7d2f904,3.139941447856292e+17,0.4892017025323678,0.08554452,202.0
615b6182-73f3-4408-b86a-dcf88818af10,3.1400737924867686e+17,0.39941300247413464,0.001151962,202.0
51d5f14e-8093-41d1-997d-62dc754a3a4c,1.7052550173556822e+17,0.05128984223758647,0.003672659,202.0
14699e53-47ba-45f3-9c66-5c2c0084eb2f,1.7052550174028714e+17,0.01734349731535958,0.013867125,202.0
66af84a3-684e-4f12-9d97-f02e2143c4f4,1.705255016925766e+17,0.006446250297870921,0.00406317,202.0
47c081fc-f686-4032-a105-aa4357b9b2ce,3.1369510961440365e+17,0.11304053576143784,0.007205472,202.0
e12b0b66-d4f4-4dfb-acaa-bbb7caa81c8e,3.137082891708663e+17,0.06668030006582784,0.1265662,202.0
334c1fea-acd6-4e4a-960a-3ec89e1a2bd0,3.137566717294675e+17,0.16761366955316392,0.0016121432,202.0
f02d64f4-1122-477e-83dc-f1ba8fdd9d28,3.1376104233002605e+17,0.08830049892743257,0.016616838,202.0
99a959e9-359b-41f4-997d-2ff7347aa720,3.13761043602473e+17,0.5830064958734422,0.0069155646,202.0
0a5e326d-d7d2-43c4-b272-112676bf50d2,3.1378303204353645e+17,0.005536863659662507,0.0016478802,202.0
f567d671-4fb4-419a-b8f0-e6433234049a,3.1378743093152986e+17,0.23949543042617155,0.001393997,202.0
c2297317-4d01-46eb-8368-70ded18e407d,3.1377426927268685e+17,0.07534641137005263,0.0005114502,202.0
2e5ff6d3-1717-4b9e-b75e-f5146fe2b433,3.138710150316034e+17,0.24029488087384712,0.005628677,202.0
fa6b1d44-f31b-44ae-bd53-973c7adbea39,3.1388862717991405e+17,0.49926085883411986,0.0030504535,202.0
e5daa94f-8175-4673-8d5b-c4a1cd1a7163,3.138930215244268e+17,0.1205961066122108,0.001019908,202.0
faad62dd-5f2d-437a-b829-4ea740598710,3.138973838674495e+17,0.06186652341744962,0.0011532494,202.0
a399a5f6-fff4-479a-9d5f-3674d15b3234,3.1396775282973094e+17,0.030533486438796605,0.045190033,202.0
ff71f0e9-466c-4332-9a38-8c1da312f761,3.139501609629779e+17,0.09340840694741769,0.00088311353,202.0
d1b3ade8-9058-468e-a613-79980a65782b,3.139721533928251e+17,0.30229713228893995,0.023038326,202.0
1986434f-2afb-4c8a-9656-718d83b95218,3.139721828667229e+17,0.7582590886132744,0.041126266,202.0
fa7a168e-cadf-44f2-b43a-cc81f77a629b,3.1397218253746995e+17,0.23558322712745838,0.01290299,202.0
5700ca01-89b6-4232-baa1-33141a5c1280,3.139633595002389e+17,0.03203984034216924,0.0038101077,202.0
51c57019-40fe-4f3e-bf53-9ae939717a93,3.1398094588346374e+17,0.06890065625897768,0.004116302,202.0
cc33e922-5a9c-4711-b183-5d39ad3e80d3,1.7002852072239933e+17,0.12516167059083133,0.0014724442,202.0
a8aae2db-7c99-4299-8bee-6f0b9d78caa3,3.1400297197207565e+17,0.34448063582315713,0.000926174,202.0
f55a76ab-8153-41cb-98e3-303cc0814ad5,3.139941448731854e+17,0.14859944341605666,0.007304992,202.0
6141832e-be08-492d-9f50-16f82724d3f7,1.7052550172403357e+17,0.0038890106045484448,0.0025412627,202.0
6b727b9c-61d4-433e-9ead-f0e438b4b2c8,1.705255018341352e+17,0.07335230141848964,0.0044664983,202.0
c2744fa6-34d7-47a3-8b79-f229f16b743f,1.7052550174815136e+17,0.0073487865772622705,0.0018954697,202.0
199cdc55-5b31-410c-9795-ef0fbed2d00d,1.705255081124833e+17,0.004911707583176406,0.0077819284,202.0
d6acea19-c8b9-42d4-ad83-6de19043e405,1.7052550813030922e+17,0.029757553027160478,0.007138701,202.0
0fbab054-d612-4752-a590-6ab9bfbd7052,1.705298824260493e+17,0.0072810095137449005,0.022457516,202.0
e6109ea3-7cf1-4159-baaf-bccb1f262f8b,3.1366431296559514e+17,0.5413199825244551,0.00087596755,202.0
425eaa4d-6adb-4e20-b883-6bd97b7be3ff,3.1369950706165357e+17,0.07600548346482382,0.0010863207,202.0
611b4615-b87d-459b-8dc4-89ae2d18bea1,3.1377864504849216e+17,0.08288697306084222,0.029358655,202.0
240099bc-605c-4673-b66a-632d58aaec6b,3.137610423719691e+17,0.11660354294307129,0.3391481,202.0
adf5329c-02d2-4ba6-878b-f3b6141b417d,3.137610423247834e+17,0.19613682876830457,0.012038542,202.0
8a31484f-46b0-4d9a-8754-f1bdd48db6b7,3.137830319549317e+17,0.044615882975970446,0.0010149031,202.0
99a1f67b-8e42-48e0-9751-104dcd0302f6,3.1378742982842784e+17,0.23858495847916725,0.0016710171,202.0
617dadd9-2625-40e7-9f25-9d8cd2ab0008,3.13774269558948e+17,0.17114969692827528,0.00078136293,202.0
7afe1589-5726-4590-95a0-9d95f2b32fbf,3.137742697849162e+17,0.10890030751535054,0.00093008985,202.0
290bb3e4-ce8d-4889-adef-5def25e7d5c7,3.1387101530056294e+17,0.24798186758219085,0.23208612,202.0
a3b342e4-6b06-4348-9d15-60fc5c9e5a01,3.138535013859985e+17,0.2244057327342553,0.026269555,202.0
2e4bacf3-d5b4-4fee-b625-de8be9c22346,3.1387101411514797e+17,0.12616401328333804,0.0012404927,202.0
9ee93bee-c17d-4a9b-81a2-a3310d999c0d,3.138886270823957e+17,0.4659905975646181,0.0045299893,202.0
0fa53629-4f48-4903-86f1-ed4c34581fdb,3.1389302313556384e+17,0.1579539382567402,0.033864338,202.0
4779f6d8-d68d-4dff-9d85-2f91dcc974c8,3.1389302320739136e+17,0.1265565598161472,0.006618537,202.0
14c23646-528f-4302-8acb-568364ab14b8,3.1392819446913434e+17,0.19964702661160594,0.0006710506,202.0
99b6e50a-d531-4309-9c11-e5ba1861621d,3.139325958370099e+17,0.10495458902042346,0.0005893925,202.0
665440e2-f20b-4640-95f0-0d99a9678d19,3.13967752708096e+17,0.06115205396928811,0.07148801,202.0
8a03765a-fc11-437f-81c6-47e420052419,3.139677527164848e+17,0.12475657723949223,0.108321406,202.0
0a56daf3-d24c-4b04-8994-a6319696efc7,3.139501608282358e+17,0.006454160314888982,0.0009287084,202.0
d17824e7-2364-48df-a169-20d5432a37ef,3.1396335935815686e+17,0.09311416243761009,0.006278724,202.0
dbe804bc-0d02-4446-bfd9-e46f14b40e33,3.1398534787104774e+17,0.6531094787790658,0.1515466,202.0
f02100ca-ae72-422c-ad19-95eb7348078c,3.1398534802047e+17,0.23195353927600973,0.0029890004,202.0
479bc29d-33f1-449a-87b1-a5e945792885,3.139721534075046e+17,0.15464110687324867,0.007767116,202.0
b81a8205-2a60-46d4-bbf8-c1776ea5b9fc,3.139809484598151e+17,0.10598627953186415,0.0027845318,202.0
3d9b34c2-25db-4a19-91f2-5bd950ff1606,3.139941450294232e+17,0.15041266001557835,0.008253456,202.0
389fae50-94ae-4e3f-849c-56a98fceba4f,1.7052550172193693e+17,0.01743946356436473,0.0038289027,202.0
b3378223-d22f-4f5f-a64e-f5716c66360a,1.705255016705565e+17,0.022734097677545088,0.006153417,202.0
7aaaf7e7-7c51-4792-a051-f47457ed8347,1.70525508149184e+17,0.0352277492154121,0.12743367,202.0
70a84e09-9149-4d5c-a984-ce8a8b9191dd,1.705255017035869e+17,0.04171280022605499,0.015507486,202.0
61553ca0-9b61-40ab-82f9-f16a54cef9f6,1.7052550183623226e+17,0.040208921412060256,0.034138504,202.0
383b73ed-b610-41cb-abb6-9fd8c10e742d,1.7052550831695862e+17,0.07488863144934828,0.009362837,202.0
330e6405-d90c-44aa-8c19-7949b0c4850d,3.138710135379067e+17,0.48741686912133114,0.033412814,202.0
995a24bf-65c6-4a85-96ff-8d272aa96fe3,3.13756671701156e+17,0.04692364827420187,0.1445021,202.0
2e60bcee-db7a-47b2-9dc9-dabe4c257420,3.1377864520158426e+17,0.06667332864373661,0.005170728,202.0
3d9bcdf4-37fb-49ae-9451-4ccb6c4a8cd3,3.1376104234575475e+17,0.13093535847885884,0.020301238,202.0
80222a59-f0f3-41f9-89b7-5c3a522062dd,3.137874310778062e+17,0.008666101006756717,0.0010197208,202.0
56dea9e6-32a8-4a0a-bf63-3f6ddf46da4f,3.1385349746851846e+17,0.03473219329287314,0.17793562,202.0
9e9705f9-a91f-4c08-9fbb-a1809980f77c,3.138535013346181e+17,0.43611560162515267,0.0008622934,202.0
197705de-ef55-4fad-9cfb-4553e23dfc9f,3.138622034878136e+17,0.30218847659458425,0.00073870516,202.0
0a34a0cc-2343-44d5-aaf4-d6db7fab4c3a,3.138710138037208e+17,0.13810297721819176,0.011671701,202.0
bd5a8bb0-846f-4c60-a71e-de92471367d2,3.138710145183254e+17,0.27961288517483857,0.022819886,202.0
94958814-ed38-4db3-aed7-64bc31e480f5,3.1388862720403066e+17,0.5536155012043584,0.0077508525,202.0
147857c2-db1a-440a-8677-1f25ea659dda,3.1389302309938797e+17,0.4761148679739959,0.07193478,202.0
382fd5db-46e6-464f-810d-81e5d7f8ee89,3.138930230060647e+17,0.2309819947557572,0.0061855703,202.0
14b5d05e-ff48-4581-8fc0-66bc3f8716c4,,,,
053cf89c-bd2f-4f21-85e7-bdaa790bb595,3.13967752831828e+17,0.4386164347627215,0.03659649,202.0
f5a6a488-ce23-49ed-98ea-d30fad4b8175,3.139853466473597e+17,0.4672979441987081,0.0014724314,202.0
ffaad7e5-f4be-45f7-b607-c92dc6fd00d2,3.1399414457696275e+17,0.11273315449856824,0.03247403,202.0
0a872892-0987-4368-b032-abaa3765e5dc,3.140029713188128e+17,0.15893692934525447,0.25965664,202.0
14c31ae4-aa50-495a-8bd5-5f7f9bd11640,3.139985697422706e+17,0.8206280661538616,0.11581972,202.0
a38e09e2-57c5-4eef-b4a9-a2833aba9f65,1.7052550168576032e+17,0.2762710280414437,0.036574043,202.0
9e826077-173e-491d-8a83-7b8f0ba4c5c5,3.1405132040267366e+17,0.0037044697246056317,0.008964543,202.0
1ecbe89b-88df-40a1-bfa1-974094db9185,3.1376104358622016e+17,0.18657085344905044,0.103852265,202.0
00088181-62f9-458a-8e23-aa9ed255172d,3.138710135227024e+17,0.24903311384602653,0.012242128,202.0
b7f63066-7f21-472d-aa26-52755297fe1d,3.138710152476101e+17,0.25695735698841277,0.0132103395,202.0
84ddd764-61e3-406d-ac1c-02658c82723a,3.138710147490121e+17,0.25940423768213433,0.010614626,202.0
47649aac-2901-441b-bf7b-82fdaca8cb20,3.138710135510141e+17,0.3765304147151548,0.0051883836,202.0
61442d79-c348-41e1-9ac5-287b27a99b8e,3.138930229882389e+17,0.22113647353911503,0.04896729,202.0
d678a8e0-5367-4b2a-bd49-13cfff253ee1,3.138973839885599e+17,0.09244050041040175,0.39725232,202.0
a8e9a6c5-5154-4294-a329-7d68995da39f,3.139721533461641e+17,0.089293914429713,0.01748198,202.0
4261ac2a-7a6f-4cfa-ad40-24023ec1e732,3.1398094791403117e+17,0.13891175710776416,0.006017189,202.0
615c0b66-86c8-4c95-9113-957ccaad37b7,3.1396775268450304e+17,0.12505731025566968,0.06594028,202.0
bd5af2a5-4128-4ce8-8d1a-0665193ec039,3.139985698854012e+17,0.05892004582104599,0.0006554621,202.0
2932d72c-381e-4681-a1c1-8ba229c2cd5a,1.7052550182889203e+17,0.04302953445314224,0.005825158,202.0
70d07500-a89d-4c37-9b31-36e7f1ef35c0,1.7052550176073392e+17,0.0938198304141877,0.0020596124,202.0
1499c4cc-e701-42b2-870d-392c3e1f7773,1.7052550815862208e+17,0.004895468086456401,0.0065546967,202.0
00483039-2178-41cb-86f2-e5e58726aafe,1.7052550817067872e+17,0.009339835661517245,0.0039723543,202.0
5702f1aa-116b-40a9-9769-b97b4d85dd91,3.138710152974173e+17,0.35251072870268474,0.008498568,202.0
057aab0e-7bf9-4ba2-b47e-fbee0386ea66,3.1387101409417645e+17,0.42582126558566386,0.033655416,202.0
addacc81-4303-492a-8744-279e0d2a50fa,3.138710143269602e+17,0.37771673446746284,0.010676938,202.0
b3175b8f-41cb-44a6-a0d5-3b01aebf5a39,3.138754168309679e+17,0.23645865592627405,0.06662234,202.0
d15a45d4-4084-46ce-a629-6f3ceb85245b,3.1397218255844154e+17,0.6814991775433781,0.017812952,202.0
3d78ead1-e989-4fe1-93b3-c8ec6aeee563,3.139853483706944e+17,0.20535407241807258,0.006745733,202.0
56c1dd27-ed80-44ca-832f-b4ff68ee81ea,1.7052550174500506e+17,0.03193652077196683,0.0021841452,202.0
19a575c7-355b-44db-9d3f-1515026ea2b1,3.136643127207528e+17,0.007468425563401659,0.0045374795,202.0
0fac1bd1-6e60-4c31-b37b-948216969497,3.139985695147296e+17,0.04015801968300117,0.01641903,202.0
d6de77b7-7233-4737-b021-b43eaa7d2b17,3.138754167670051e+17,0.046521481212372116,0.008998296,202.0
d6c5a3cb-faaf-4813-ad90-a23368fa9d86,1.700284857219811e+17,0.11585568666349129,0.005251089,202.0
386631be-755c-4347-96df-362b1faf7a48,3.1386220427686726e+17,0.004974847928393566,0.0013781554,202.0
e122e6b6-d06c-451b-a38f-3a23bea12fda,3.1395016091264614e+17,0.1133938929007365,0.0015361728,202.0
84c91708-ac86-4e2e-9b71-1bb39cb14247,3.139985391186084e+17,0.03261206297532214,0.012888765,202.0
b2fca516-3545-4937-a68b-644fa3deb73d,3.1398094510804186e+17,0.10927333426222757,0.019781023,202.0
eb6ee164-3f90-466a-88fe-e1977b89e601,3.1389302278481536e+17,0.38426965713027494,0.009551527,202.0
61114816-18a5-4d68-bb94-d38434962773,1.7002848880584304e+17,0.01690991039113273,0.0010378079,202.0
7af31e97-c034-465e-97c8-d0d0f14f0e39,3.1399856968092896e+17,0.2463968039424735,0.09315424,202.0
a8ae6f94-1363-4c24-ae6f-e0031a96f1bf,3.1400734567904064e+17,0.5743549701342362,0.0141066285,202.0
6b79c5b1-d464-42cc-aea9-eb1b18117750,1.70028487730004e+17,0.11181170245655095,0.0013434925,202.0
6ba13eb7-2257-45e6-8b6c-06a501afb861,1.7002848607587533e+17,0.031088740797254134,0.001381559,202.0
149b0f59-0bd1-46d5-b7f2-582eaa7a6715,1.700328967949517e+17,0.03280769846023538,0.08106194,202.0
14a67d33-5e57-40d9-b403-bb82667f5279,1.7002849050034176e+17,0.10487972559924442,0.0072157267,202.0
7fd93880-60a0-4aaa-ac81-776bc2b384a4,1.7002848850228026e+17,0.011410175307811516,0.0069313203,202.0
3d9cb1d0-eadd-4e77-84fd-8ecd78ba6337,1.7002848680620864e+17,0.8055102675979524,0.0016583563,202.0
429c8f70-9f58-4147-94c7-f51786c5ec25,1.7058710954652573e+17,0.017411871378029343,0.014691178,202.0
d1cb3e5f-f92e-4553-9634-6ac65aadac43,1.7059152270196768e+17,0.06594091185710048,0.007343712,202.0
28b9481e-737a-4945-b8d8-0e038ad44e70,1.7058710682180006e+17,0.006604403100348228,0.00565413,202.0
9ed73082-9254-4288-a1b5-d0173caab372,1.705871091475418e+17,0.0018188772134733152,0.9745763,202.0
3874764b-4d15-4627-bf9c-a6c8a015fdf6,1.7058710982492195e+17,0.007011083267818906,0.012757088,202.0
ff8f2431-611b-48e1-9e0a-457432654b02,1.7002849016007885e+17,0.0026628448936975003,0.028277982,202.0
dbb802fc-2c66-40fa-9f07-49c59f6f5156,1.7002852799794387e+17,0.027693941683049162,0.0045629963,202.0
426c5333-05f8-4586-a500-e267fc791f5b,3.140513211948731e+17,0.2506353748954759,0.0049698786,202.0
75ddb11c-3574-4136-894e-f6af40cbdb81,1.7056073977377594e+17,0.02748331938733941,0.006523712,202.0
6645af42-ef14-42e7-9517-652ad86d61f2,1.705871062639581e+17,0.014521324437161767,0.032396637,202.0
cc80fc07-6a06-4e1e-8f88-a3a74fa0a7c4,1.7058711131285165e+17,0.03899902139006523,0.008308791,202.0
a3c7ff0f-2126-4e96-9760-68e00ebc1e8f,1.705871096346059e+17,0.0008995291324272207,0.0028864013,202.0
d17655d6-a650-49c3-8b38-c252c247962b,1.7058710914754198e+17,0.014931320322367986,0.0053425627,202.0
c799fd8e-1b23-4f34-b75d-5d4508774c09,3.136775160085873e+17,0.011835566804571264,0.0013750441,202.0
05234123-1641-42fc-9cf3-bd3a9c98edda,1.7002848847816298e+17,0.017986830724041218,0.0022978787,202.0
383ea217-dcf3-461e-8c89-4a048766e93b,1.7002853842026496e+17,0.01947859012309794,0.025577826,202.0
5c5df1e0-e33d-415f-8596-63b84a286a24,3.139721552734454e+17,0.08479769649451784,0.0021180243,202.0
23a69441-c6d9-4ca8-9c84-a1958c89a9d9,1.7056073975909587e+17,0.14823316070401427,0.00738773,202.0
56f726a0-7d31-49e0-90d0-3e62cd236618,1.705871064228175e+17,0.023872990649773457,0.021174474,202.0
5205817a-1e65-4d7d-90b4-1c6a9142ae44,1.7058710938818982e+17,0.01054970979767371,0.0040916665,202.0
5bf00e87-043e-4435-88c9-0e4d7c1cda75,1.705871104954864e+17,0.020640107251994094,0.014967224,202.0
75a60714-07de-4e15-a538-eb9f93414294,1.7058710646423712e+17,0.030400355994523707,0.012826221,202.0
f557627e-a3ba-400c-918c-244ee7803594,1.7058711204685427e+17,0.01587224017227317,0.0020630397,202.0
3329cae5-5c0c-4558-bcf3-16635159fb42,1.7059152262751875e+17,0.009956465997237767,0.2421355,202.0
faa844f5-df43-476f-93b4-c8c2faab3a94,3.137566751798067e+17,0.6024802722933916,0.042495944,202.0
f5a9fa14-aed2-4785-ae98-d8a49c5014ae,1.7056073933442262e+17,0.049805788294768304,0.01341161,202.0
e602616c-de6d-448a-b7d3-31330bbbd288,1.7058711221200515e+17,0.054527314027902604,0.004046523,202.0
28ee2a5b-1c4b-4462-91e2-c552af44ff95,1.7058711217006224e+17,0.042522859085237126,0.008130479,202.0
d1923cc3-14f5-47a7-bb2b-0147ed2ac73e,1.7058711575252208e+17,0.08883436715399547,0.0044310438,202.0
4785226d-4e21-451e-808c-30518d14f77d,1.70587109932925e+17,0.02348518639462052,0.0002793794,202.0
94b6975a-6e76-4a53-9ac8-e8c164215fba,1.7058710991352688e+17,0.0317318087918739,0.024244303,202.0
0a2b9286-5a84-41ea-8dbc-581bfa355bbb,1.705871120615346e+17,0.04128080770810805,0.004743662,202.0
ffa2173c-333b-477a-ba7d-2a6714eab869,1.7058710550531318e+17,0.04599403880343244,0.008973714,202.0
75a27339-486b-4ded-946b-4281733aaf47,1.7058711206992317e+17,0.047171053757946065,0.002341866,202.0
c7515c89-69fa-4694-8d6e-74a820df8a20,1.7059151430916576e+17,0.14302794841257413,0.002305801,202.0
949bc5ce-da8f-4dee-9b76-100f7e88b7f4,1.7058710982859197e+17,0.0449306894822553,0.0031318483,202.0
6652a19f-31c8-41d1-8d2e-c8d4c18f11fb,1.705607397334058e+17,0.06684754676733638,0.103288524,202.0
b83be6b1-604c-489d-9d51-cea5365be86d,1.7058711217949933e+17,0.02989175512199631,0.035844922,202.0
0fa23869-1a53-4f99-b145-433284c189f7,1.7058711261046416e+17,0.01090545511843905,0.0032885901,202.0
e113b556-7a02-4aed-b96d-2e0b12cbbf04,1.7059154244665373e+17,0.003138306648067059,0.0009965324,202.0
001995c1-144f-4b7d-9d8f-a6d9272fc0fc,1.7058710670855402e+17,0.004408678988295026,0.0018737144,202.0
7ff0d792-f1dd-4452-a07a-593bca4203cd,1.705871062954155e+17,0.008367009525484574,0.004002988,202.0
d195a9e3-cc20-4fd3-ae7c-ed6ee72f242f,1.705871064076132e+17,0.009842678752655517,0.025192445,202.0
b32bde55-a960-4027-9e3b-0d60719c7da5,1.705871055351975e+17,0.012896721085604253,0.015383593,202.0
51bfdd76-2dc0-46b6-9934-955855e3d7f3,1.7058711031827763e+17,0.00629977535400123,0.0016981721,202.0
d1524fc6-8999-4f96-9d65-63f1989b8bbe,1.705871094888535e+17,0.004149703395414143,0.004353969,202.0
faae879c-3bfb-4b7f-990f-5fe989aad3d9,1.705871104760878e+17,0.008445278975946042,0.0005981312,202.0
8f0edc65-4e38-4f5b-99b7-58489807d542,1.705871099187696e+17,0.008279689166918586,0.005812616,202.0
c72a99a4-8c95-4213-8d65-64c2a173997f,1.7058710955491437e+17,0.006284035108760052,0.016011525,202.0
cc3d27a3-a94e-4399-a97d-016508e3557b,1.7058710950038784e+17,0.0030683781683123303,0.0077947835,202.0
47c9e80f-14c4-48e1-bacf-03828da0629b,1.705871120699232e+17,0.01544370081652309,0.010705019,202.0
38972ac9-dedd-4aa8-bd0e-5eb3c53b21b2,1.705871120410872e+17,0.00894803287123488,0.006346822,202.0
c21d967e-f6ae-4b55-976e-9eb339eb7fe1,1.7058711129397686e+17,0.03404384141752699,0.04676689,202.0
19bfd66f-bf16-4781-9a1b-dbe081a12dd6,1.705871123797773e+17,0.004458748184299868,0.0017937187,202.0
b2d9bb92-caf2-4b25-8307-eb7926de64e9,1.7059594333952416e+17,0.00256372608512815,0.11054373,202.0
6128decf-0a87-4779-a600-afeb8b157192,1.7045518828280285e+17,0.04910691596770573,0.0076069133,202.0
1e99356a-f6a5-4ebd-a2c0-01d35c763b93,1.7058710628283226e+17,0.01694401656277697,0.00090798625,202.0
05749ed0-a9fd-43f8-8793-be8ce2893a46,1.705871066010757e+17,0.0042193615905457,0.08691308,202.0
eb692343-8672-48f6-8527-9c41842db910,1.705871055304791e+17,0.010853263955625778,0.0012808071,202.0
3354e45d-f983-4c3d-bec5-cf876dc100fe,1.7059151428924307e+17,0.00464837579844521,0.0042903083,202.0
290ae011-8526-43fb-80d1-331fe850e8fc,1.7058711233521296e+17,0.022180750440157385,0.03929166,202.0
fa665b3d-173c-4950-b20d-be65e89c9a07,1.705871103140828e+17,0.024383246041070644,0.020713985,202.0
0fb70cb9-76fc-4c48-93b5-04cd80825c82,1.705871120814585e+17,0.0028289074931474338,0.006415053,202.0
a3fd16e2-3136-4174-b540-9c012ecb83c7,1.7002852854582483e+17,0.42478805433153993,0.0015056337,202.0
c2454a12-0ad0-4e15-a757-aa382ac90da4,1.700285285295719e+17,0.28281690651735913,0.00434307,202.0
b319523d-3215-4028-aed9-909411463331,1.7058710523320758e+17,0.02228946060571866,0.0034012236,202.0
d6e5c82b-61ed-4354-9594-5e583fe77ba7,1.7058710523111142e+17,0.003345656632258748,0.012695861,202.0
70a1fdaa-8d9f-48f0-9712-c394d06a49eb,1.7058710682704298e+17,0.002924574883938343,0.03964471,202.0
8a01d771-ede0-4c44-9658-fc0110326b88,1.7002848586353872e+17,0.0022187944673739816,0.0014923168,202.0
e0dcc458-689a-4862-b193-f5fcc7a64f20,1.7002848701749674e+17,0.007329875857283217,0.00491763,202.0
23e28b76-8bf4-4346-927f-50468a4df213,1.7058710526047046e+17,0.003860914402078015,0.0148631,202.0
426474fd-dcdc-4074-b692-7f1ca372201b,1.7058711050597206e+17,0.0005370392973308879,0.0009670505,202.0
7ad3132a-e675-40a3-b7cd-feeda661727c,1.7058710525470346e+17,0.019446510774779012,0.0030845487,202.0
66866ec7-d0f0-4699-a808-609a36f17206,1.7058710545969987e+17,0.002009531873269436,0.0027835448,202.0
1eb34ee6-7170-46a6-a207-e732b6d91bd9,1.7058711208984598e+17,0.008724413424075384,0.0028521842,202.0
a3b242e3-3056-4ba0-8e8b-04da844d70cc,1.7059152271979357e+17,0.09897018281278672,0.003173422,202.0
8a01ebfb-ecb3-4fca-ac44-b61267120e94,1.7058710683018883e+17,0.06475532010461829,0.01996599,202.0
faaacad3-ae07-4062-8f03-8e1e3fd5dc58,1.7059153954367094e+17,0.002849729590350784,0.0035363582,202.0
424f9ec4-2ebb-4677-97d1-295930e0a22e,1.7059154692407334e+17,0.08786246633154915,0.003939398,202.0
23e60de3-5a34-443b-89c3-5f22fe7b95dc,1.7058711031250986e+17,0.03933654877273507,0.09168281,202.0
c758a60d-f935-41c2-b4ec-d44d512db5dd,1.7059153010334163e+17,0.03517837802822808,0.0047268094,202.0
3db6944b-65b2-4297-829b-bbe7fdac7590,1.70587114929914e+17,0.029743425656298658,0.004783472,202.0
5c452f88-76a7-4dc0-9f57-279a38444ddc,1.7058710683123728e+17,0.04093594895193062,0.0070469473,202.0
4ce7afda-acdc-42ae-8a01-0de82e955519,1.7058711127038394e+17,0.09673523744267913,0.0047413628,202.0
47cfab35-1998-466f-aa48-fee3d0ac8230,1.7058711606185203e+17,0.019239966600655346,0.0051021706,202.0
eb6ae8b2-f768-42e9-afa8-dd67d53c48af,1.7059153942098752e+17,0.0011084262489069211,0.91342396,202.0
5c1843b3-c36c-4e33-b904-0330356760a3,1.7059153951902947e+17,0.03261738982858896,0.15980002,202.0
c219f6fc-4c34-4d14-99af-e00e87e5549e,1.705915395431466e+17,0.008308225526572288,0.006733702,202.0
e5dcb159-15fe-44e1-b995-d2e1f1792cbf,1.7058710525470346e+17,0.16706926400104605,0.00085864123,202.0
f56a93c9-2be5-405f-829c-413c63415fcd,1.7058711127562662e+17,0.003226134744886786,0.0049378867,202.0
ade8c32c-26d4-49dc-824c-43f06df63328,1.705915300986229e+17,0.017182737795112358,0.0018308336,202.0
8a5174f0-c4b9-440e-97ed-7e63ed673d1e,1.7059153949019363e+17,0.03399991549664394,0.00801228,202.0
2403b00c-0d52-4557-9d4f-02413b169149,1.7058711599264592e+17,0.007389836102805805,0.012711823,202.0
388b50d4-f3b1-4778-a81a-012a88bd90f9,1.7058710675573994e+17,0.005797935051962624,0.011008254,202.0
758cc128-6088-4c8f-a111-7e8364897462,1.705871067384384e+17,0.0027503594293908414,0.007245172,202.0
d6a09e4c-b36f-4c14-84d2-92d3467310cf,1.7058710675364285e+17,0.01848104303361447,0.0020578802,202.0
b3349c56-b0b0-4f01-b9a4-2264464bba27,1.705871065816763e+17,0.023347632815628558,0.009687504,202.0
e612f1f2-caed-43d6-9016-2929f27c067d,1.705871054062224e+17,0.021988463856082975,0.005927429,202.0
23bc673b-e6b9-41fa-82cd-62b2dc4f7ab2,1.705871052735777e+17,0.016753459826908942,0.0015155807,202.0
8a554a1a-9043-44a1-bb64-039be7fd2dbe,1.7058710527515053e+17,0.003983400673935623,0.0014000806,202.0
667ca8d1-bc7f-4572-9b13-c850960281b1,1.7059152316596253e+17,0.03194232540000418,0.012012017,202.0
fa6e7338-cbbd-4d4c-903e-cdff9675cd0f,1.7058711599631594e+17,0.004875409203452281,0.0010043343,202.0
c738ca8f-a992-4d8e-b3e4-167b5bde1105,1.7058711625478982e+17,0.0383159209015651,0.004715279,202.0
d1c9e604-6a3b-4e4f-be2d-1185e1bb3ca3,1.7058711029782995e+17,0.011553885110761988,0.06313738,202.0
852669b8-868d-4057-9853-04d7cb29fc88,1.705915231208736e+17,0.005937045622578914,0.01157616,202.0
0055b614-1db7-4922-9d65-4c83331f46e7,3.1399856986862394e+17,0.2904125556728216,0.006909159,202.0
