SNID,oid,sep_arcsec
00088181-62f9-458a-8e23-aa9ed255172d,313871013522702425,0.24903311384602653
001014f4-7826-402e-acd4-65bd91aff9e8,313963359520161878,0.0036463388,202
000cbf17-aada-4b55-8e1a-a4f13d263330,313972151177707592,0.018153964,202
0012c5d3-39b4-4f7d-a089-5a6ff8d1caeb,170028485774934142,0.0016033574,202
000d354e-d858-4bde-8e05-93e904391130,170028526591803764,0.0015228771,202
000d948b-2c8c-4008-9438-1aa93db9f293,313871014462750798,0.08204174,202
0013fab7-58cc-4ad3-a142-296f38b10a63,314002971880849457,0.05886188,202
00143d0c-fe4a-4ab3-ab88-6ad47acd757a,313853533656973342,0.0016394471,202
0016f09b-337a-4ddb-a386-e6c13d588668,313871013103272107,0.0007804562,202
00175d82-4f0f-415e-b58b-beeaae80e7fd,313967767089840215,0.0058131944,202
0017fa18-99cf-4182-8738-681f271c3d69,313945770351394878,0.012382504,202
001995c1-144f-4b7d-9d8f-a6d9272fc0fc,170587106708554028,0.0018737144,202
0021b4e7-2fdd-4994-b59f-d4b84c78f721,313998569386278958,0.00093782146,202
0022d52a-7121-41bb-bdb6-2c52333d30c0,313976545422082119,0.001736859,202
00282e28-f8a6-40a1-a14b-3778aa7830fa,314003014381732033,0.0017830629,202
0029d64d-84b8-45d1-be72-cdc75cb0be47,170028526620114968,0.002600053,202
0029e3ab-03a7-4248-9476-b7bd83ef59b6,314007379306348661,0.0028451837,202
002a1af4-4e2c-42ef-ac77-a0c38ba5f84e,170028491369611386,0.025786512,202
002bef87-eef3-46d2-be33-0d6243f0fa69,313941449009266769,0.0142104225,202
0030b2e5-7af6-4ca1-a508-ebfb894064e0,170028488684732444,0.0021453043,202
003222a7-accf-4f3c-8cf4-53edd4eec0a6,313972153414844441,0.003780974,202
003351c8-54e3-4c9d-bd30-75d182ca79eb,170028511224397956,0.0029753153,202
00350225-8e36-49db-bd6d-03ef0eaa08db,313972153292685501,0.0072123045,202
00349754-fc2f-48a8-8954-ec8f717b3f01,170028485965774915,0.0013347374,202
0036a202-c258-4e16-8d35-6c82d798eb02,170032886379970598,0.0011217751,202
0035cffd-0fbb-462a-a303-97c3b763c1ec,170525508116679302,0.014408569,202
0037c328-8f84-4136-8e0d-7108212ca24e,170433140616595119,0.020502396,202
003e2cd9-6fd8-4baf-81bb-9985d9e15176,170046093820690630,0.008966278,202
00411a33-e951-409d-a593-23de28c89dce,313967752832352281,0.0047667893,202
0046d02c-7800-475c-9faf-42ec4b5819e4,313893021738336290,0.0025254511,202
00443ae6-ede9-4ae2-bad7-2c4d55af3384,313976545946894380,0.0023055817,202
00483039-2178-41cb-86f2-e5e58726aafe,170525508170678707,0.0039723543,202
0049a4ba-3a68-44e2-aaf2-bb61f07600e2,313945770528080046,0.0010647775,202
004cf05b-338d-4978-b5ee-d8716badf2b4,170028527254503523,0.02641113,202
004fc8a2-c690-48a0-a509-4119d230d4e4,313972182604054530,0.0011822233,202
005304e6-3e2d-4546-975d-f03152cd1120,313972182520692823,0.03098992,202
0053ad94-8c67-4a3b-be71-c46477ff026d,313765480714731598,0.0010790158,202
0055b614-1db7-4922-9d65-4c83331f46e7,313998569868623915,0.006909159,202
0055d6a8-92cc-4402-b71a-0c2506b40a66,170028485829984380,0.0041807033,202
00599094-a3e0-4f3e-9f47-4da2dac705fb,313853517937770542,0.002148275,202
0061c7e5-8c61-411f-b223-651af023f327,313871015587348701,0.03859551,202
00662bcb-df3c-453c-93cc-78558655f5f3,313972182694756454,0.008194382,202
0068d229-0b49-4dae-9d47-4e6d8caa3e5e,170032905890300044,0.12456401,202
006c397a-ce09-49a5-a178-d0640027e8f0,170028486771605544,0.0018882581,202
006ff577-6ca8-4e50-97dc-318d7946ba9b,313893021640818724,0.0023257993,202
006cf061-7b16-4053-9166-82e13edbe569,313985350009618592,0.0010645157,202
00722451-11c7-4f16-badd-f40547bb7a56,313963359448858654,0.00318537,202
0075e4a4-4237-4d2b-bed5-3b1715a424bf,170028500598653200,0.52360153,202
00761585-e741-401c-99ff-0c181210affc,170046093260226712,0.016002825,202
0078f7fe-eedb-42f4-9b56-13b892c8809c,313871013275762803,0.00337896,202
007ce09f-bb55-4559-abb7-7c318758fc48,313963359329845348,0.054057863,202
000cbf17-aada-4b55-8e1a-a4f13d263330,,,"ERROR: {'Error code': 429, 'Message': 'Unknown API error.', 'Data': 'Unknown API error.'}"
000d354e-d858-4bde-8e05-93e904391130,,,"ERROR: {'Error code': 429, 'Message': 'Unknown API error.', 'Data': 'Unknown API error.'}"
001014f4-7826-402e-acd4-65bd91aff9e8,,,"ERROR: {'Error code': 429, 'Message': 'Unknown API error.', 'Data': 'Unknown API error.'}"
000d948b-2c8c-4008-9438-1aa93db9f293,,,"ERROR: {'Error code': 429, 'Message': 'Unknown API error.', 'Data': 'Unknown API error.'}"
0013fab7-58cc-4ad3-a142-296f38b10a63,,,"ERROR: {'Error code': 429, 'Message': 'Unknown API error.', 'Data': 'Unknown API error.'}"
0012c5d3-39b4-4f7d-a089-5a6ff8d1caeb,,,"ERROR: {'Error code': 429, 'Message': 'Unknown API error.', 'Data': 'Unknown API error.'}"
00143d0c-fe4a-4ab3-ab88-6ad47acd757a,,,"ERROR: {'Error code': 429, 'Message': 'Unknown API error.', 'Data': 'Unknown API error.'}"
0016f09b-337a-4ddb-a386-e6c13d588668,,,"ERROR: {'Error code': 429, 'Message': 'Unknown API error.', 'Data': 'Unknown API error.'}"
00175d82-4f0f-415e-b58b-beeaae80e7fd,,,"ERROR: {'Error code': 429, 'Message': 'Unknown API error.', 'Data': 'Unknown API error.'}"
0017fa18-99cf-4182-8738-681f271c3d69,,,"ERROR: {'Error code': 429, 'Message': 'Unknown API error.', 'Data': 'Unknown API error.'}"
001995c1-144f-4b7d-9d8f-a6d9272fc0fc,,,"ERROR: {'Error code': 429, 'Message': 'Unknown API error.', 'Data': 'Unknown API error.'}"
0021b4e7-2fdd-4994-b59f-d4b84c78f721,,,"ERROR: {'Error code': 429, 'Message': 'Unknown API error.', 'Data': 'Unknown API error.'}"
0022d52a-7121-41bb-bdb6-2c52333d30c0,,,"ERROR: {'Error code': 429, 'Message': 'Unknown API error.', 'Data': 'Unknown API error.'}"
00282e28-f8a6-40a1-a14b-3778aa7830fa,,,"ERROR: {'Error code': 429, 'Message': 'Unknown API error.', 'Data': 'Unknown API error.'}"
0029d64d-84b8-45d1-be72-cdc75cb0be47,,,"ERROR: {'Error code': 429, 'Message': 'Unknown API error.', 'Data': 'Unknown API error.'}"
0029e3ab-03a7-4248-9476-b7bd83ef59b6,,,"ERROR: {'Error code': 429, 'Message': 'Unknown API error.', 'Data': 'Unknown API error.'}"
002a1af4-4e2c-42ef-ac77-a0c38ba5f84e,,,"ERROR: {'Error code': 429, 'Message': 'Unknown API error.', 'Data': 'Unknown API error.'}"
002bef87-eef3-46d2-be33-0d6243f0fa69,,,"ERROR: {'Error code': 429, 'Message': 'Unknown API error.', 'Data': 'Unknown API error.'}"
0030b2e5-7af6-4ca1-a508-ebfb894064e0,,,"ERROR: {'Error code': 429, 'Message': 'Unknown API error.', 'Data': 'Unknown API error.'}"
003222a7-accf-4f3c-8cf4-53edd4eec0a6,,,"ERROR: {'Error code': 429, 'Message': 'Unknown API error.', 'Data': 'Unknown API error.'}"
003351c8-54e3-4c9d-bd30-75d182ca79eb,,,"ERROR: {'Error code': 429, 'Message': 'Unknown API error.', 'Data': 'Unknown API error.'}"
00349754-fc2f-48a8-8954-ec8f717b3f01,,,"ERROR: {'Error code': 429, 'Message': 'Unknown API error.', 'Data': 'Unknown API error.'}"
00350225-8e36-49db-bd6d-03ef0eaa08db,,,"ERROR: {'Error code': 429, 'Message': 'Unknown API error.', 'Data': 'Unknown API error.'}"
0035cffd-0fbb-462a-a303-97c3b763c1ec,,,"ERROR: {'Error code': 429, 'Message': 'Unknown API error.', 'Data': 'Unknown API error.'}"
0036a202-c258-4e16-8d35-6c82d798eb02,,,"ERROR: {'Error code': 429, 'Message': 'Unknown API error.', 'Data': 'Unknown API error.'}"
0037c328-8f84-4136-8e0d-7108212ca24e,,,"ERROR: {'Error code': 429, 'Message': 'Unknown API error.', 'Data': 'Unknown API error.'}"
00411a33-e951-409d-a593-23de28c89dce,,,"ERROR: {'Error code': 429, 'Message': 'Unknown API error.', 'Data': 'Unknown API error.'}"
003e2cd9-6fd8-4baf-81bb-9985d9e15176,,,"ERROR: {'Error code': 429, 'Message': 'Unknown API error.', 'Data': 'Unknown API error.'}"
0046d02c-7800-475c-9faf-42ec4b5819e4,,,"ERROR: {'Error code': 429, 'Message': 'Unknown API error.', 'Data': 'Unknown API error.'}"
00443ae6-ede9-4ae2-bad7-2c4d55af3384,,,"ERROR: {'Error code': 429, 'Message': 'Unknown API error.', 'Data': 'Unknown API error.'}"
0049a4ba-3a68-44e2-aaf2-bb61f07600e2,,,"ERROR: {'Error code': 429, 'Message': 'Unknown API error.', 'Data': 'Unknown API error.'}"
00483039-2178-41cb-86f2-e5e58726aafe,,,"ERROR: {'Error code': 429, 'Message': 'Unknown API error.', 'Data': 'Unknown API error.'}"
004fc8a2-c690-48a0-a509-4119d230d4e4,,,"ERROR: {'Error code': 429, 'Message': 'Unknown API error.', 'Data': 'Unknown API error.'}"
004cf05b-338d-4978-b5ee-d8716badf2b4,,,"ERROR: {'Error code': 429, 'Message': 'Unknown API error.', 'Data': 'Unknown API error.'}"
005304e6-3e2d-4546-975d-f03152cd1120,,,"ERROR: {'Error code': 429, 'Message': 'Unknown API error.', 'Data': 'Unknown API error.'}"
0053ad94-8c67-4a3b-be71-c46477ff026d,,,"ERROR: {'Error code': 429, 'Message': 'Unknown API error.', 'Data': 'Unknown API error.'}"
0055d6a8-92cc-4402-b71a-0c2506b40a66,,,"ERROR: {'Error code': 429, 'Message': 'Unknown API error.', 'Data': 'Unknown API error.'}"
0055b614-1db7-4922-9d65-4c83331f46e7,,,"ERROR: {'Error code': 429, 'Message': 'Unknown API error.', 'Data': 'Unknown API error.'}"
0061c7e5-8c61-411f-b223-651af023f327,,,"ERROR: {'Error code': 429, 'Message': 'Unknown API error.', 'Data': 'Unknown API error.'}"
00599094-a3e0-4f3e-9f47-4da2dac705fb,,,"ERROR: {'Error code': 429, 'Message': 'Unknown API error.', 'Data': 'Unknown API error.'}"
00662bcb-df3c-453c-93cc-78558655f5f3,,,"ERROR: {'Error code': 429, 'Message': 'Unknown API error.', 'Data': 'Unknown API error.'}"
0068d229-0b49-4dae-9d47-4e6d8caa3e5e,,,"ERROR: {'Error code': 429, 'Message': 'Unknown API error.', 'Data': 'Unknown API error.'}"
006c397a-ce09-49a5-a178-d0640027e8f0,,,"ERROR: {'Error code': 429, 'Message': 'Unknown API error.', 'Data': 'Unknown API error.'}"
006cf061-7b16-4053-9166-82e13edbe569,,,"ERROR: {'Error code': 429, 'Message': 'Unknown API error.', 'Data': 'Unknown API error.'}"
006ff577-6ca8-4e50-97dc-318d7946ba9b,,,"ERROR: {'Error code': 429, 'Message': 'Unknown API error.', 'Data': 'Unknown API error.'}"
00722451-11c7-4f16-badd-f40547bb7a56,,,"ERROR: {'Error code': 429, 'Message': 'Unknown API error.', 'Data': 'Unknown API error.'}"
0075e4a4-4237-4d2b-bed5-3b1715a424bf,,,"ERROR: {'Error code': 429, 'Message': 'Unknown API error.', 'Data': 'Unknown API error.'}"
00761585-e741-401c-99ff-0c181210affc,,,"ERROR: {'Error code': 429, 'Message': 'Unknown API error.', 'Data': 'Unknown API error.'}"
007ce09f-bb55-4559-abb7-7c318758fc48,,,"ERROR: {'Error code': 429, 'Message': 'Unknown API error.', 'Data': 'Unknown API error.'}"
0078f7fe-eedb-42f4-9b56-13b892c8809c,,,"ERROR: {'Error code': 429, 'Message': 'Unknown API error.', 'Data': 'Unknown API error.'}"
007ea196-0145-4e05-b634-1f45deebd1df,,,"ERROR: {'Error code': 429, 'Message': 'Unknown API error.', 'Data': 'Unknown API error.'}"
050d9186-58b1-4ce1-aa2b-7bf97057da62,,,"ERROR: {'Error code': 429, 'Message': 'Unknown API error.', 'Data': 'Unknown API error.'}"
0510af4c-cdee-4da8-8933-334e12623667,,,"ERROR: {'Error code': 429, 'Message': 'Unknown API error.', 'Data': 'Unknown API error.'}"
050f337e-6840-4793-8803-410078d278a0,,,"ERROR: {'Error code': 429, 'Message': 'Unknown API error.', 'Data': 'Unknown API error.'}"
0515a715-3af9-4ed9-a731-9d8dd737e145,,,"ERROR: {'Error code': 429, 'Message': 'Unknown API error.', 'Data': 'Unknown API error.'}"
0516dbb4-cc46-41d0-b62b-a9f7623097b5,,,"ERROR: {'Error code': 429, 'Message': 'Unknown API error.', 'Data': 'Unknown API error.'}"
0518b334-45aa-4425-b061-d0b334ca70d9,,,"ERROR: {'Error code': 429, 'Message': 'Unknown API error.', 'Data': 'Unknown API error.'}"
051a103b-2caa-4e6d-b0c0-a9940eecff17,,,"ERROR: {'Error code': 429, 'Message': 'Unknown API error.', 'Data': 'Unknown API error.'}"
05234123-1641-42fc-9cf3-bd3a9c98edda,,,"ERROR: {'Error code': 429, 'Message': 'Unknown API error.', 'Data': 'Unknown API error.'}"
05211cc0-eaf0-4727-9c2b-7a8446747d58,,,"ERROR: {'Error code': 429, 'Message': 'Unknown API error.', 'Data': 'Unknown API error.'}"
05261836-7784-44a5-adde-52fe939d2554,,,"ERROR: {'Error code': 429, 'Message': 'Unknown API error.', 'Data': 'Unknown API error.'}"
0523eaf9-e31b-4f67-a80a-f5a8e62df795,,,"ERROR: {'Error code': 429, 'Message': 'Unknown API error.', 'Data': 'Unknown API error.'}"
05290745-b1b2-4a88-aab8-e2f1a4ae66dc,,,"ERROR: {'Error code': 429, 'Message': 'Unknown API error.', 'Data': 'Unknown API error.'}"
0527cce5-0c42-4294-8712-7e679c89109e,,,"ERROR: {'Error code': 429, 'Message': 'Unknown API error.', 'Data': 'Unknown API error.'}"
052d3aa6-cb85-492f-961a-e08b9da471f2,,,"ERROR: {'Error code': 429, 'Message': 'Unknown API error.', 'Data': 'Unknown API error.'}"
052f99c5-c028-4b37-bd66-a87e06aad5c4,,,"ERROR: {'Error code': 429, 'Message': 'Unknown API error.', 'Data': 'Unknown API error.'}"
0530416c-76a0-4c36-8a9f-a6414958cb54,,,"ERROR: {'Error code': 429, 'Message': 'Unknown API error.', 'Data': 'Unknown API error.'}"
052fa95c-b144-43ed-b125-0d591de683f1,,,"ERROR: {'Error code': 429, 'Message': 'Unknown API error.', 'Data': 'Unknown API error.'}"
053cf89c-bd2f-4f21-85e7-bdaa790bb595,,,"ERROR: {'Error code': 429, 'Message': 'Unknown API error.', 'Data': 'Unknown API error.'}"
053f583d-781a-4d0c-9f14-c07cd3ecd0e6,,,"ERROR: {'Error code': 429, 'Message': 'Unknown API error.', 'Data': 'Unknown API error.'}"
054d827f-632a-426e-a74f-5646b02b7dad,,,"ERROR: {'Error code': 429, 'Message': 'Unknown API error.', 'Data': 'Unknown API error.'}"
053facd3-6471-47f5-8e93-fc567c6f06af,,,"ERROR: {'Error code': 429, 'Message': 'Unknown API error.', 'Data': 'Unknown API error.'}"
054e5a47-80cf-4d4e-a419-2fc1345333ed,,,"ERROR: {'Error code': 429, 'Message': 'Unknown API error.', 'Data': 'Unknown API error.'}"
054dc9a7-265c-4dd8-943f-baae5d251d38,,,"ERROR: {'Error code': 429, 'Message': 'Unknown API error.', 'Data': 'Unknown API error.'}"
05637205-6896-41ef-afce-bdee88f37308,,,"ERROR: {'Error code': 429, 'Message': 'Unknown API error.', 'Data': 'Unknown API error.'}"
05668a05-9956-4ce9-b693-1f2c3ad7726e,,,"ERROR: {'Error code': 429, 'Message': 'Unknown API error.', 'Data': 'Unknown API error.'}"
056702c6-3975-4248-83fc-d419a600333c,,,"ERROR: {'Error code': 429, 'Message': 'Unknown API error.', 'Data': 'Unknown API error.'}"
056d525d-4887-4929-9f59-65acf4a3dde8,,,"ERROR: {'Error code': 429, 'Message': 'Unknown API error.', 'Data': 'Unknown API error.'}"
056fe5f4-a676-4ada-b4bf-6a60dbc00159,,,"ERROR: {'Error code': 429, 'Message': 'Unknown API error.', 'Data': 'Unknown API error.'}"
057004f0-69a6-4272-af03-7712ee007f31,,,"ERROR: {'Error code': 429, 'Message': 'Unknown API error.', 'Data': 'Unknown API error.'}"
05713f7b-2579-475d-a188-ea41ea0bdd47,,,"ERROR: {'Error code': 429, 'Message': 'Unknown API error.', 'Data': 'Unknown API error.'}"
0572e2d4-34f0-4900-9f5b-b9590a88d944,,,"ERROR: {'Error code': 429, 'Message': 'Unknown API error.', 'Data': 'Unknown API error.'}"
0573ec97-1837-4142-93d6-19a0690e2206,,,"ERROR: {'Error code': 429, 'Message': 'Unknown API error.', 'Data': 'Unknown API error.'}"
05749ed0-a9fd-43f8-8793-be8ce2893a46,,,"ERROR: {'Error code': 429, 'Message': 'Unknown API error.', 'Data': 'Unknown API error.'}"
0576b7de-683b-4dd0-8b32-6eafb63ff5b0,,,"ERROR: {'Error code': 429, 'Message': 'Unknown API error.', 'Data': 'Unknown API error.'}"
05781b6b-5261-41bf-9761-5de3e7b01e16,,,"ERROR: {'Error code': 429, 'Message': 'Unknown API error.', 'Data': 'Unknown API error.'}"
05797723-e64f-49c6-ab9b-2a1a7828bfa6,,,"ERROR: {'Error code': 429, 'Message': 'Unknown API error.', 'Data': 'Unknown API error.'}"
057832a3-ccc2-402f-931e-4c000407fd93,,,"ERROR: {'Error code': 429, 'Message': 'Unknown API error.', 'Data': 'Unknown API error.'}"
057aab0e-7bf9-4ba2-b47e-fbee0386ea66,,,"ERROR: {'Error code': 429, 'Message': 'Unknown API error.', 'Data': 'Unknown API error.'}"
057eefc2-3b51-44bc-81b5-ffad9cb88d6b,,,"ERROR: {'Error code': 429, 'Message': 'Unknown API error.', 'Data': 'Unknown API error.'}"
05848160-2d51-4594-ad00-b57b21eea9c0,,,"ERROR: {'Error code': 429, 'Message': 'Unknown API error.', 'Data': 'Unknown API error.'}"
05882836-825b-4881-89b6-c81a9445e099,,,"ERROR: {'Error code': 429, 'Message': 'Unknown API error.', 'Data': 'Unknown API error.'}"
05888454-11ba-4cc1-9730-bb11ea4d5b5f,,,"ERROR: {'Error code': 429, 'Message': 'Unknown API error.', 'Data': 'Unknown API error.'}"
0589540a-600a-4954-b210-b7b6d2772d8e,,,"ERROR: {'Error code': 429, 'Message': 'Unknown API error.', 'Data': 'Unknown API error.'}"
058d8dec-d77a-4bd8-9c22-b5408f40e96d,,,"ERROR: {'Error code': 429, 'Message': 'Unknown API error.', 'Data': 'Unknown API error.'}"
0589c353-ef12-4567-bf06-b593acb170ab,,,"ERROR: {'Error code': 429, 'Message': 'Unknown API error.', 'Data': 'Unknown API error.'}"
0a205cf4-3dcf-4e30-ab43-b30f907fa752,,,"ERROR: {'Error code': 429, 'Message': 'Unknown API error.', 'Data': 'Unknown API error.'}"
0a20dcf7-768a-4b9b-b1e8-9427681627ba,,,"ERROR: {'Error code': 429, 'Message': 'Unknown API error.', 'Data': 'Unknown API error.'}"
0a26ef86-760b-405f-95d9-d982b8cc9b2b,,,"ERROR: {'Error code': 429, 'Message': 'Unknown API error.', 'Data': 'Unknown API error.'}"
0a21a489-ad24-4740-8248-f3285ca7b3e0,,,"ERROR: {'Error code': 429, 'Message': 'Unknown API error.', 'Data': 'Unknown API error.'}"
0a2885b0-55e8-47e2-a4e3-5cb044d4b937,,,"ERROR: {'Error code': 429, 'Message': 'Unknown API error.', 'Data': 'Unknown API error.'}"
0a2926df-62e5-4d51-a98a-67d7519f2d4c,,,"ERROR: {'Error code': 429, 'Message': 'Unknown API error.', 'Data': 'Unknown API error.'}"
0a30bde3-ecbd-4439-87e8-8e9bb901c2f3,,,"ERROR: {'Error code': 429, 'Message': 'Unknown API error.', 'Data': 'Unknown API error.'}"
0a2b9286-5a84-41ea-8dbc-581bfa355bbb,,,"ERROR: {'Error code': 429, 'Message': 'Unknown API error.', 'Data': 'Unknown API error.'}"
0a349cdc-334f-403f-a09b-8120ea3a249c,,,"ERROR: {'Error code': 429, 'Message': 'Unknown API error.', 'Data': 'Unknown API error.'}"
0a30c64b-e73c-44a0-8732-61ced250910d,,,"ERROR: {'Error code': 429, 'Message': 'Unknown API error.', 'Data': 'Unknown API error.'}"
0a34a0cc-2343-44d5-aaf4-d6db7fab4c3a,,,"ERROR: {'Error code': 429, 'Message': 'Unknown API error.', 'Data': 'Unknown API error.'}"
0a366796-4fd5-4fd7-bc94-381bbde4d896,,,"ERROR: {'Error code': 429, 'Message': 'Unknown API error.', 'Data': 'Unknown API error.'}"
0a3dee4d-e12f-4dcc-aab8-82d5532f3ed2,,,"ERROR: {'Error code': 429, 'Message': 'Unknown API error.', 'Data': 'Unknown API error.'}"
0a3a119f-d19a-4031-95d9-e899271f5d71,,,"ERROR: {'Error code': 429, 'Message': 'Unknown API error.', 'Data': 'Unknown API error.'}"
0a4047f8-4fa6-4530-b263-b51e8159a9da,,,"ERROR: {'Error code': 429, 'Message': 'Unknown API error.', 'Data': 'Unknown API error.'}"
0a455be1-5775-4367-b625-a48939289448,,,"ERROR: {'Error code': 429, 'Message': 'Unknown API error.', 'Data': 'Unknown API error.'}"
0a46eb8a-21ff-4bc3-9784-0932f1dabf20,,,"ERROR: {'Error code': 429, 'Message': 'Unknown API error.', 'Data': 'Unknown API error.'}"
0a48ac8d-7f5d-42e9-a9d6-17185dabe31a,,,"ERROR: {'Error code': 429, 'Message': 'Unknown API error.', 'Data': 'Unknown API error.'}"
0a4d2efe-49a3-4edd-ad7b-ebaafc750173,,,"ERROR: {'Error code': 429, 'Message': 'Unknown API error.', 'Data': 'Unknown API error.'}"
0a4d5c26-5a3e-4636-83c3-b339e1a73025,,,"ERROR: {'Error code': 429, 'Message': 'Unknown API error.', 'Data': 'Unknown API error.'}"
0a56daf3-d24c-4b04-8994-a6319696efc7,,,"ERROR: {'Error code': 429, 'Message': 'Unknown API error.', 'Data': 'Unknown API error.'}"
0a5128e8-5020-4318-87f0-758d1358d01e,,,"ERROR: {'Error code': 429, 'Message': 'Unknown API error.', 'Data': 'Unknown API error.'}"
0a5756d6-d9b8-43cf-b714-29ea71e1dea6,,,"ERROR: {'Error code': 429, 'Message': 'Unknown API error.', 'Data': 'Unknown API error.'}"
0a57c3e0-6c16-4e9e-a747-008a8cd866e2,,,"ERROR: {'Error code': 429, 'Message': 'Unknown API error.', 'Data': 'Unknown API error.'}"
0a64328d-db76-459c-9f61-380383d1adf4,,,"ERROR: {'Error code': 429, 'Message': 'Unknown API error.', 'Data': 'Unknown API error.'}"
0a5e326d-d7d2-43c4-b272-112676bf50d2,,,"ERROR: {'Error code': 429, 'Message': 'Unknown API error.', 'Data': 'Unknown API error.'}"
0a64a416-8c02-4229-820b-8cf2b05f8d8d,,,"ERROR: {'Error code': 429, 'Message': 'Unknown API error.', 'Data': 'Unknown API error.'}"
0a6464cd-ecd3-4520-9a9b-38f19395e9dc,,,"ERROR: {'Error code': 429, 'Message': 'Unknown API error.', 'Data': 'Unknown API error.'}"
0a67da75-3e83-45ac-b65b-26a2f40cda66,,,"ERROR: {'Error code': 429, 'Message': 'Unknown API error.', 'Data': 'Unknown API error.'}"
0a652dab-23cf-4295-af0c-8389bf0b9cc3,,,"ERROR: {'Error code': 429, 'Message': 'Unknown API error.', 'Data': 'Unknown API error.'}"
0a701ef6-2e79-4254-83f0-0f8417c705d4,,,"ERROR: {'Error code': 429, 'Message': 'Unknown API error.', 'Data': 'Unknown API error.'}"
0a70e80b-d80b-4bd3-983a-8d2a1392bf09,,,"ERROR: {'Error code': 429, 'Message': 'Unknown API error.', 'Data': 'Unknown API error.'}"
0a720c82-ea85-47e9-87fb-b7cbc8e3b0c0,,,"ERROR: {'Error code': 429, 'Message': 'Unknown API error.', 'Data': 'Unknown API error.'}"
0a7721c2-8163-47bd-939d-21a14737027c,,,"ERROR: {'Error code': 429, 'Message': 'Unknown API error.', 'Data': 'Unknown API error.'}"
0a778372-de88-4501-8e2c-c0c397ad9f21,,,"ERROR: {'Error code': 429, 'Message': 'Unknown API error.', 'Data': 'Unknown API error.'}"
0a7beaca-4f64-49b4-aa34-bd3ca5cf4124,,,"ERROR: {'Error code': 429, 'Message': 'Unknown API error.', 'Data': 'Unknown API error.'}"
0a7d2184-2df4-48df-bb7c-636ba25bfe4f,,,"ERROR: {'Error code': 429, 'Message': 'Unknown API error.', 'Data': 'Unknown API error.'}"
0a7f1fc5-4c42-4893-9785-85b8b4d24d86,,,"ERROR: {'Error code': 429, 'Message': 'Unknown API error.', 'Data': 'Unknown API error.'}"
0a7fe3d5-5544-46b2-ad43-ad0be2a0931c,,,"ERROR: {'Error code': 429, 'Message': 'Unknown API error.', 'Data': 'Unknown API error.'}"
0a826978-bfa7-4de2-853f-b70de1c44bf1,,,"ERROR: {'Error code': 429, 'Message': 'Unknown API error.', 'Data': 'Unknown API error.'}"
0a838ddf-c604-4b1b-8bf2-4d67be315484,,,"ERROR: {'Error code': 429, 'Message': 'Unknown API error.', 'Data': 'Unknown API error.'}"
0a872892-0987-4368-b032-abaa3765e5dc,,,"ERROR: {'Error code': 429, 'Message': 'Unknown API error.', 'Data': 'Unknown API error.'}"
0a89ea8b-90f1-4433-9b1b-c2de9e9dc4da,,,"ERROR: {'Error code': 429, 'Message': 'Unknown API error.', 'Data': 'Unknown API error.'}"
0a8a9213-b1f5-4fc6-99ec-923881b5b599,,,"ERROR: {'Error code': 429, 'Message': 'Unknown API error.', 'Data': 'Unknown API error.'}"
0a8bf4f2-3d23-4f6b-8cf0-68529dd7cc1f,,,"ERROR: {'Error code': 429, 'Message': 'Unknown API error.', 'Data': 'Unknown API error.'}"
0a8ea188-f02d-41cd-9fc1-65e979b3c74e,,,"ERROR: {'Error code': 429, 'Message': 'Unknown API error.', 'Data': 'Unknown API error.'}"
0a92127a-60a8-4299-b02e-e165e1018537,,,"ERROR: {'Error code': 429, 'Message': 'Unknown API error.', 'Data': 'Unknown API error.'}"
0a9b19ed-4925-4e06-83bd-874dbb8718be,,,"ERROR: {'Error code': 429, 'Message': 'Unknown API error.', 'Data': 'Unknown API error.'}"
0a9e1957-94ff-49f3-b29f-4fcc6b94388f,,,"ERROR: {'Error code': 429, 'Message': 'Unknown API error.', 'Data': 'Unknown API error.'}"
0f478c5b-5dac-4982-b139-1d85d9722e47,,,"ERROR: {'Error code': 429, 'Message': 'Unknown API error.', 'Data': 'Unknown API error.'}"
0f47a35e-b26a-40e4-8896-673754bd29f6,,,"ERROR: {'Error code': 429, 'Message': 'Unknown API error.', 'Data': 'Unknown API error.'}"
0f4e1e47-e750-4bf9-8f18-71099b32fcfc,,,"ERROR: {'Error code': 429, 'Message': 'Unknown API error.', 'Data': 'Unknown API error.'}"
0f4ed29e-d3c8-45e8-bd1b-487e1a3136a4,,,"ERROR: {'Error code': 429, 'Message': 'Unknown API error.', 'Data': 'Unknown API error.'}"
0f501350-9b45-46de-9dac-7e86bee1e0f1,,,"ERROR: {'Error code': 429, 'Message': 'Unknown API error.', 'Data': 'Unknown API error.'}"
0f52b6d2-9cf7-4101-93a3-7053b4f40393,,,"ERROR: {'Error code': 429, 'Message': 'Unknown API error.', 'Data': 'Unknown API error.'}"
0f553d54-5aeb-4b3a-8f15-0183cb9fee73,,,"ERROR: {'Error code': 429, 'Message': 'Unknown API error.', 'Data': 'Unknown API error.'}"
0f61720e-12e3-40c6-84fa-b6b7cd6a7996,,,"ERROR: {'Error code': 429, 'Message': 'Unknown API error.', 'Data': 'Unknown API error.'}"
0f657b3c-51a0-4a79-b0e8-22fcf59681e4,,,"ERROR: {'Error code': 429, 'Message': 'Unknown API error.', 'Data': 'Unknown API error.'}"
0f61b2f2-34e6-447c-bcec-64a20e2d2e45,,,"ERROR: {'Error code': 429, 'Message': 'Unknown API error.', 'Data': 'Unknown API error.'}"
0f67156e-15af-446f-911b-01b4294c1a28,,,"ERROR: {'Error code': 429, 'Message': 'Unknown API error.', 'Data': 'Unknown API error.'}"
0f699bf2-61fa-4513-bf46-4df2f4614dec,,,"ERROR: {'Error code': 429, 'Message': 'Unknown API error.', 'Data': 'Unknown API error.'}"
0f71aeda-04f3-4edf-bfa4-53351af9eb35,,,"ERROR: {'Error code': 429, 'Message': 'Unknown API error.', 'Data': 'Unknown API error.'}"
0f6dcaad-9a38-4401-8825-65d7c23dad2b,,,"ERROR: {'Error code': 429, 'Message': 'Unknown API error.', 'Data': 'Unknown API error.'}"
0f73d658-1fba-4399-b156-c1ac62455853,,,"ERROR: {'Error code': 429, 'Message': 'Unknown API error.', 'Data': 'Unknown API error.'}"
0f72c276-f777-400d-8e00-488ae717275a,,,"ERROR: {'Error code': 429, 'Message': 'Unknown API error.', 'Data': 'Unknown API error.'}"
0f7657f7-f2bd-4d61-af86-3393d5faa730,,,"ERROR: {'Error code': 429, 'Message': 'Unknown API error.', 'Data': 'Unknown API error.'}"
0f77e3a8-6a82-4e3e-834c-9e93f598d362,,,"ERROR: {'Error code': 429, 'Message': 'Unknown API error.', 'Data': 'Unknown API error.'}"
0f7e6d40-39e7-46cb-a1b7-c01cc9ed464c,,,"ERROR: {'Error code': 429, 'Message': 'Unknown API error.', 'Data': 'Unknown API error.'}"
0f82af32-b795-472e-aa44-bdec63c0ebd1,,,"ERROR: {'Error code': 429, 'Message': 'Unknown API error.', 'Data': 'Unknown API error.'}"
0f83d30a-7ef9-4b20-bc72-40f1a5bdbfa8,,,"ERROR: {'Error code': 429, 'Message': 'Unknown API error.', 'Data': 'Unknown API error.'}"
0f87c04f-8455-477f-99c1-90b7c9267fa4,,,"ERROR: {'Error code': 429, 'Message': 'Unknown API error.', 'Data': 'Unknown API error.'}"
0f8aa3f9-f80d-4669-ab2d-15d9c44b343e,,,"ERROR: {'Error code': 429, 'Message': 'Unknown API error.', 'Data': 'Unknown API error.'}"
0f8b1c45-980f-4b70-abc1-122b81d2e52b,,,"ERROR: {'Error code': 429, 'Message': 'Unknown API error.', 'Data': 'Unknown API error.'}"
0f8c5d13-b934-4d9b-b18b-66dd0b01edfd,,,"ERROR: {'Error code': 429, 'Message': 'Unknown API error.', 'Data': 'Unknown API error.'}"
0f8d1950-5ccc-4a20-b090-75249ebdc90e,,,"ERROR: {'Error code': 429, 'Message': 'Unknown API error.', 'Data': 'Unknown API error.'}"
0f8e149b-0e54-49a1-b9da-285776a72144,,,"ERROR: {'Error code': 429, 'Message': 'Unknown API error.', 'Data': 'Unknown API error.'}"
0f905536-3944-4fb0-9019-8836e43366c2,,,"ERROR: {'Error code': 429, 'Message': 'Unknown API error.', 'Data': 'Unknown API error.'}"
0f991f17-9c32-499c-a845-f1639683fc81,,,"ERROR: {'Error code': 429, 'Message': 'Unknown API error.', 'Data': 'Unknown API error.'}"
0f98b150-f826-44df-9e08-d0b0d93f7103,,,"ERROR: {'Error code': 429, 'Message': 'Unknown API error.', 'Data': 'Unknown API error.'}"
0f9baf7c-6d15-400b-a14c-e2aac395fa74,,,"ERROR: {'Error code': 429, 'Message': 'Unknown API error.', 'Data': 'Unknown API error.'}"
0f9b2e0a-a22f-44ee-bca9-83bf870d1e31,,,"ERROR: {'Error code': 429, 'Message': 'Unknown API error.', 'Data': 'Unknown API error.'}"
0f9c4079-042d-4230-a035-ed1f6069929f,,,"ERROR: {'Error code': 429, 'Message': 'Unknown API error.', 'Data': 'Unknown API error.'}"
0fa1f578-6c5a-4321-9b50-d93bab61b1b7,,,"ERROR: {'Error code': 429, 'Message': 'Unknown API error.', 'Data': 'Unknown API error.'}"
0fa23869-1a53-4f99-b145-433284c189f7,,,"ERROR: {'Error code': 429, 'Message': 'Unknown API error.', 'Data': 'Unknown API error.'}"
0fa24cee-aa97-4d1e-a470-42b6186549ca,,,"ERROR: {'Error code': 429, 'Message': 'Unknown API error.', 'Data': 'Unknown API error.'}"
0fa48d4d-14d5-4e01-91fc-697c03d77715,,,"ERROR: {'Error code': 429, 'Message': 'Unknown API error.', 'Data': 'Unknown API error.'}"
0fa48dbb-78ea-4d23-8a8e-95178a4a37f3,,,"ERROR: {'Error code': 429, 'Message': 'Unknown API error.', 'Data': 'Unknown API error.'}"
0fa8bbbb-d940-4bc6-9df0-7a80a453ecc0,,,"ERROR: {'Error code': 429, 'Message': 'Unknown API error.', 'Data': 'Unknown API error.'}"
0fa53629-4f48-4903-86f1-ed4c34581fdb,,,"ERROR: {'Error code': 429, 'Message': 'Unknown API error.', 'Data': 'Unknown API error.'}"
0fab60bd-8c42-4733-8d6b-5ba0120afa31,,,"ERROR: {'Error code': 429, 'Message': 'Unknown API error.', 'Data': 'Unknown API error.'}"
0fab1e5a-0863-4e33-946e-90bb1998e370,,,"ERROR: {'Error code': 429, 'Message': 'Unknown API error.', 'Data': 'Unknown API error.'}"
0fac1bd1-6e60-4c31-b37b-948216969497,,,"ERROR: {'Error code': 429, 'Message': 'Unknown API error.', 'Data': 'Unknown API error.'}"
0facf940-12ca-464b-a24c-fd15b4cf088d,,,"ERROR: {'Error code': 429, 'Message': 'Unknown API error.', 'Data': 'Unknown API error.'}"
0fadeafc-c38f-47ab-9c10-7d9125725bac,,,"ERROR: {'Error code': 429, 'Message': 'Unknown API error.', 'Data': 'Unknown API error.'}"
0fb102aa-cf74-446b-aead-f2acbb740fd0,,,"ERROR: {'Error code': 429, 'Message': 'Unknown API error.', 'Data': 'Unknown API error.'}"
0fb390a5-1d69-4929-89e9-bf0f1efe259b,,,"ERROR: {'Error code': 429, 'Message': 'Unknown API error.', 'Data': 'Unknown API error.'}"
0fb17ceb-f8a4-4eec-8e64-8b9500dbacf8,,,"ERROR: {'Error code': 429, 'Message': 'Unknown API error.', 'Data': 'Unknown API error.'}"
0fbab054-d612-4752-a590-6ab9bfbd7052,,,"ERROR: {'Error code': 429, 'Message': 'Unknown API error.', 'Data': 'Unknown API error.'}"
0fbe29d2-dac2-46f4-adbc-b6ee5b8d79e6,,,"ERROR: {'Error code': 429, 'Message': 'Unknown API error.', 'Data': 'Unknown API error.'}"
0fc29ffc-e1ab-482e-9d69-19174be722fb,,,"ERROR: {'Error code': 429, 'Message': 'Unknown API error.', 'Data': 'Unknown API error.'}"
0fc24fae-3208-4ac9-b0a6-73b8d394563f,,,"ERROR: {'Error code': 429, 'Message': 'Unknown API error.', 'Data': 'Unknown API error.'}"
1463aab1-a475-4b31-8af2-b6324409547f,,,"ERROR: {'Error code': 429, 'Message': 'Unknown API error.', 'Data': 'Unknown API error.'}"
1465905e-ed84-428e-b51a-193034a7c6e6,,,"ERROR: {'Error code': 429, 'Message': 'Unknown API error.', 'Data': 'Unknown API error.'}"
14676b1d-bac8-439c-9452-a17ac0e29b1c,,,"ERROR: {'Error code': 429, 'Message': 'Unknown API error.', 'Data': 'Unknown API error.'}"
14673160-b250-4615-b64f-9a2328a53e74,,,"ERROR: {'Error code': 429, 'Message': 'Unknown API error.', 'Data': 'Unknown API error.'}"
146901f0-eb40-4125-b115-6881fac03773,,,"ERROR: {'Error code': 429, 'Message': 'Unknown API error.', 'Data': 'Unknown API error.'}"
14699e53-47ba-45f3-9c66-5c2c0084eb2f,,,"ERROR: {'Error code': 429, 'Message': 'Unknown API error.', 'Data': 'Unknown API error.'}"
146a3f99-c39d-41bf-8b89-d73f398c3798,,,"ERROR: {'Error code': 429, 'Message': 'Unknown API error.', 'Data': 'Unknown API error.'}"
146f71b2-92ce-40dc-9da6-58ae8b0fe316,,,"ERROR: {'Error code': 429, 'Message': 'Unknown API error.', 'Data': 'Unknown API error.'}"
147127b0-1a7b-46cd-adab-1e63e0cfcfa8,,,"ERROR: {'Error code': 429, 'Message': 'Unknown API error.', 'Data': 'Unknown API error.'}"
1474a215-0803-4d7e-a13b-657e6c68bdda,,,"ERROR: {'Error code': 429, 'Message': 'Unknown API error.', 'Data': 'Unknown API error.'}"
147857c2-db1a-440a-8677-1f25ea659dda,,,"ERROR: {'Error code': 429, 'Message': 'Unknown API error.', 'Data': 'Unknown API error.'}"
14766d20-e553-4f3b-94ac-ede6a9aa730e,,,"ERROR: {'Error code': 429, 'Message': 'Unknown API error.', 'Data': 'Unknown API error.'}"
1478e786-c5f9-4855-b225-af0afca25fcb,,,"ERROR: {'Error code': 429, 'Message': 'Unknown API error.', 'Data': 'Unknown API error.'}"
147b63ae-3067-4b29-8844-994a86a14bca,,,"ERROR: {'Error code': 429, 'Message': 'Unknown API error.', 'Data': 'Unknown API error.'}"
1481e862-4daf-4c41-8d20-ad3d7e3d3578,,,"ERROR: {'Error code': 429, 'Message': 'Unknown API error.', 'Data': 'Unknown API error.'}"
14816999-e6a4-41d9-8833-45b0485972e5,,,"ERROR: {'Error code': 429, 'Message': 'Unknown API error.', 'Data': 'Unknown API error.'}"
14899fb7-f148-4aaf-8376-7a0c3b9780aa,,,"ERROR: {'Error code': 429, 'Message': 'Unknown API error.', 'Data': 'Unknown API error.'}"
1483166e-57b4-4e01-a314-026e9f5b260a,,,"ERROR: {'Error code': 429, 'Message': 'Unknown API error.', 'Data': 'Unknown API error.'}"
148bd14e-c5e1-407a-bd67-19a2762956c2,,,"ERROR: {'Error code': 429, 'Message': 'Unknown API error.', 'Data': 'Unknown API error.'}"
148f58dc-8dc5-4d26-862c-fe117028626b,,,"ERROR: {'Error code': 429, 'Message': 'Unknown API error.', 'Data': 'Unknown API error.'}"
149945a3-3379-4427-84c1-d0d21d834a04,,,"ERROR: {'Error code': 429, 'Message': 'Unknown API error.', 'Data': 'Unknown API error.'}"
1499c4cc-e701-42b2-870d-392c3e1f7773,,,"ERROR: {'Error code': 429, 'Message': 'Unknown API error.', 'Data': 'Unknown API error.'}"
149a5af9-330e-498d-a9fa-864d843a887f,,,"ERROR: {'Error code': 429, 'Message': 'Unknown API error.', 'Data': 'Unknown API error.'}"
149b0f59-0bd1-46d5-b7f2-582eaa7a6715,,,"ERROR: {'Error code': 429, 'Message': 'Unknown API error.', 'Data': 'Unknown API error.'}"
14a33cad-1044-4272-82ec-22c298413e89,,,"ERROR: {'Error code': 429, 'Message': 'Unknown API error.', 'Data': 'Unknown API error.'}"
14a05637-24a8-44fd-9d41-c73c548c0997,,,"ERROR: {'Error code': 429, 'Message': 'Unknown API error.', 'Data': 'Unknown API error.'}"
14a3e0ad-4e4a-4db5-8139-2cab70f37c30,,,"ERROR: {'Error code': 429, 'Message': 'Unknown API error.', 'Data': 'Unknown API error.'}"
14a4e39c-921f-4115-88f4-31bb2df7b1cb,,,"ERROR: {'Error code': 429, 'Message': 'Unknown API error.', 'Data': 'Unknown API error.'}"
14a67d33-5e57-40d9-b403-bb82667f5279,,,"ERROR: {'Error code': 429, 'Message': 'Unknown API error.', 'Data': 'Unknown API error.'}"
14b375a7-8f62-46b4-8e79-a61a12744802,,,"ERROR: {'Error code': 429, 'Message': 'Unknown API error.', 'Data': 'Unknown API error.'}"
14b3c104-9159-4917-80a3-ace4f7e33c14,,,"ERROR: {'Error code': 429, 'Message': 'Unknown API error.', 'Data': 'Unknown API error.'}"
14b5d05e-ff48-4581-8fc0-66bc3f8716c4,,,"ERROR: {'Error code': 429, 'Message': 'Unknown API error.', 'Data': 'Unknown API error.'}"
14b89901-19cd-4939-a216-ae2506447af3,,,"ERROR: {'Error code': 429, 'Message': 'Unknown API error.', 'Data': 'Unknown API error.'}"
14b6369b-e876-42f1-aa26-873e038a3c01,,,"ERROR: {'Error code': 429, 'Message': 'Unknown API error.', 'Data': 'Unknown API error.'}"
14b91f3c-132c-4329-9d17-910b19c2530b,,,"ERROR: {'Error code': 429, 'Message': 'Unknown API error.', 'Data': 'Unknown API error.'}"
14b8ef52-3f5a-4837-b0c9-6d108aac1b29,,,"ERROR: {'Error code': 429, 'Message': 'Unknown API error.', 'Data': 'Unknown API error.'}"
14bb236d-8dd6-48e5-ae67-a0ccb787f2ae,,,"ERROR: {'Error code': 429, 'Message': 'Unknown API error.', 'Data': 'Unknown API error.'}"
14b98bd1-cda3-4e5f-ae7e-a5d1c65bf587,,,"ERROR: {'Error code': 429, 'Message': 'Unknown API error.', 'Data': 'Unknown API error.'}"
14bd4598-a7b9-4a8d-bd7f-f739c86ada28,,,"ERROR: {'Error code': 429, 'Message': 'Unknown API error.', 'Data': 'Unknown API error.'}"
14c23646-528f-4302-8acb-568364ab14b8,,,"ERROR: {'Error code': 429, 'Message': 'Unknown API error.', 'Data': 'Unknown API error.'}"
14c2643a-48e6-4bae-a2e0-20b41cdbefaf,,,"ERROR: {'Error code': 429, 'Message': 'Unknown API error.', 'Data': 'Unknown API error.'}"
14c31ae4-aa50-495a-8bd5-5f7f9bd11640,,,"ERROR: {'Error code': 429, 'Message': 'Unknown API error.', 'Data': 'Unknown API error.'}"
14c405dd-c5b1-4653-aee6-42462168ce10,,,"ERROR: {'Error code': 429, 'Message': 'Unknown API error.', 'Data': 'Unknown API error.'}"
14c8ed9d-c46d-485c-8566-f01c370a4151,,,"ERROR: {'Error code': 429, 'Message': 'Unknown API error.', 'Data': 'Unknown API error.'}"
14cba9c7-60d3-4227-b69a-cf292e1b9f20,,,"ERROR: {'Error code': 429, 'Message': 'Unknown API error.', 'Data': 'Unknown API error.'}"
14ca7561-e39e-41a5-bcd9-cff43ee67ce2,,,"ERROR: {'Error code': 429, 'Message': 'Unknown API error.', 'Data': 'Unknown API error.'}"
14d0b7ab-63dd-4060-a0e7-9ce1e8b4a378,,,"ERROR: {'Error code': 429, 'Message': 'Unknown API error.', 'Data': 'Unknown API error.'}"
14d53f7e-133a-433f-a110-880b4151dcfb,,,"ERROR: {'Error code': 429, 'Message': 'Unknown API error.', 'Data': 'Unknown API error.'}"
14d67e52-24ca-4605-be4a-e1eebee64eb2,,,"ERROR: {'Error code': 429, 'Message': 'Unknown API error.', 'Data': 'Unknown API error.'}"
14d603a4-a159-4d53-b404-9e89ff10ed4b,,,"ERROR: {'Error code': 429, 'Message': 'Unknown API error.', 'Data': 'Unknown API error.'}"
1969ecc2-53b3-4f7d-87a5-dc98eb9e9d7a,,,"ERROR: {'Error code': 429, 'Message': 'Unknown API error.', 'Data': 'Unknown API error.'}"
196b8afc-3b7e-4149-9134-ab628f4c9cc0,,,"ERROR: {'Error code': 429, 'Message': 'Unknown API error.', 'Data': 'Unknown API error.'}"
196bff39-f7db-49b2-bf39-5d237d739690,,,"ERROR: {'Error code': 429, 'Message': 'Unknown API error.', 'Data': 'Unknown API error.'}"
196c4f17-5ce8-4589-8367-6f23baf008ae,,,"ERROR: {'Error code': 429, 'Message': 'Unknown API error.', 'Data': 'Unknown API error.'}"
1971088d-849e-4899-a15e-588b477383e0,,,"ERROR: {'Error code': 429, 'Message': 'Unknown API error.', 'Data': 'Unknown API error.'}"
1974c2d6-8405-4472-bcba-5b0bc34a03dc,,,"ERROR: {'Error code': 429, 'Message': 'Unknown API error.', 'Data': 'Unknown API error.'}"
1976fb7c-5f5c-443c-9bb2-4ec28bdb670c,,,"ERROR: {'Error code': 429, 'Message': 'Unknown API error.', 'Data': 'Unknown API error.'}"
197705de-ef55-4fad-9cfb-4553e23dfc9f,,,"ERROR: {'Error code': 429, 'Message': 'Unknown API error.', 'Data': 'Unknown API error.'}"
197dd183-890e-4eba-a79a-86f31c753d0e,,,"ERROR: {'Error code': 429, 'Message': 'Unknown API error.', 'Data': 'Unknown API error.'}"
19849845-aa8c-4005-a062-d60c3a7a0ed9,,,"ERROR: {'Error code': 429, 'Message': 'Unknown API error.', 'Data': 'Unknown API error.'}"
1986434f-2afb-4c8a-9656-718d83b95218,,,"ERROR: {'Error code': 429, 'Message': 'Unknown API error.', 'Data': 'Unknown API error.'}"
19869dcf-1bd2-4be4-92e5-9dfa2c5006fb,,,"ERROR: {'Error code': 429, 'Message': 'Unknown API error.', 'Data': 'Unknown API error.'}"
198912f2-b743-4836-bcfb-ee6095f8ed2d,,,"ERROR: {'Error code': 429, 'Message': 'Unknown API error.', 'Data': 'Unknown API error.'}"
19898c3a-46fb-4f17-8d03-ae5b208bd820,,,"ERROR: {'Error code': 429, 'Message': 'Unknown API error.', 'Data': 'Unknown API error.'}"
1989fdfe-8dcc-48e6-b690-c1c4ed297433,,,"ERROR: {'Error code': 429, 'Message': 'Unknown API error.', 'Data': 'Unknown API error.'}"
198a7d33-2f8a-4d92-a0b6-8042708a72e8,,,"ERROR: {'Error code': 429, 'Message': 'Unknown API error.', 'Data': 'Unknown API error.'}"
19981602-0685-4f2a-a614-3c486f0f7194,,,"ERROR: {'Error code': 429, 'Message': 'Unknown API error.', 'Data': 'Unknown API error.'}"
198ea941-bdc7-45cc-8d03-903e11145a18,,,"ERROR: {'Error code': 429, 'Message': 'Unknown API error.', 'Data': 'Unknown API error.'}"
1998f11e-4296-48da-ba66-9c994cb00f68,,,"ERROR: {'Error code': 429, 'Message': 'Unknown API error.', 'Data': 'Unknown API error.'}"
199bdf40-419b-4dce-8f08-452bf8a638d6,,,"ERROR: {'Error code': 429, 'Message': 'Unknown API error.', 'Data': 'Unknown API error.'}"
19a08c94-8969-47c6-95de-e41dadb2c201,,,"ERROR: {'Error code': 429, 'Message': 'Unknown API error.', 'Data': 'Unknown API error.'}"
199cdc55-5b31-410c-9795-ef0fbed2d00d,,,"ERROR: {'Error code': 429, 'Message': 'Unknown API error.', 'Data': 'Unknown API error.'}"
19a575c7-355b-44db-9d3f-1515026ea2b1,,,"ERROR: {'Error code': 429, 'Message': 'Unknown API error.', 'Data': 'Unknown API error.'}"
19a38fc0-dc50-40e4-93a6-6521a87e9742,,,"ERROR: {'Error code': 429, 'Message': 'Unknown API error.', 'Data': 'Unknown API error.'}"
19b3feb3-46dc-45a8-9816-005cc176229f,,,"ERROR: {'Error code': 429, 'Message': 'Unknown API error.', 'Data': 'Unknown API error.'}"
19ace35b-b645-4aa9-8d44-e37ffa24f734,,,"ERROR: {'Error code': 429, 'Message': 'Unknown API error.', 'Data': 'Unknown API error.'}"
19bdd63a-b8b0-4166-b6d7-9bca19901f8b,,,"ERROR: {'Error code': 429, 'Message': 'Unknown API error.', 'Data': 'Unknown API error.'}"
19bfd66f-bf16-4781-9a1b-dbe081a12dd6,,,"ERROR: {'Error code': 429, 'Message': 'Unknown API error.', 'Data': 'Unknown API error.'}"
19c145de-3ebb-43d2-94be-1f0b756ee537,,,"ERROR: {'Error code': 429, 'Message': 'Unknown API error.', 'Data': 'Unknown API error.'}"
19c5ad97-2c7e-4024-bfeb-854318d16d0a,,,"ERROR: {'Error code': 429, 'Message': 'Unknown API error.', 'Data': 'Unknown API error.'}"
19cc6082-830b-465b-a197-92df856c0b47,,,"ERROR: {'Error code': 429, 'Message': 'Unknown API error.', 'Data': 'Unknown API error.'}"
19ccae7a-1bcc-475a-8ff5-39197498f0c3,,,"ERROR: {'Error code': 429, 'Message': 'Unknown API error.', 'Data': 'Unknown API error.'}"
19cfd34d-65a8-4b06-a334-9dfc227e53ac,,,"ERROR: {'Error code': 429, 'Message': 'Unknown API error.', 'Data': 'Unknown API error.'}"
19d6ae67-0a39-4621-b3e4-5c104cbc90c7,,,"ERROR: {'Error code': 429, 'Message': 'Unknown API error.', 'Data': 'Unknown API error.'}"
19d9479a-ef15-433e-b6a8-7a4ddb0b324c,,,"ERROR: {'Error code': 429, 'Message': 'Unknown API error.', 'Data': 'Unknown API error.'}"
19da3153-b8e3-4859-ba14-b1f358334bbb,,,"ERROR: {'Error code': 429, 'Message': 'Unknown API error.', 'Data': 'Unknown API error.'}"
19db7045-55fe-41a4-91e5-976fe34d4968,,,"ERROR: {'Error code': 429, 'Message': 'Unknown API error.', 'Data': 'Unknown API error.'}"
19e33d6d-904d-4d9f-91f8-085124ac7a9e,,,"ERROR: {'Error code': 429, 'Message': 'Unknown API error.', 'Data': 'Unknown API error.'}"
19e95492-7a8a-4c67-8f53-4dfced5f32e9,,,"ERROR: {'Error code': 429, 'Message': 'Unknown API error.', 'Data': 'Unknown API error.'}"
19e6d883-3680-4cfa-94e4-1ee5df8616b5,,,"ERROR: {'Error code': 429, 'Message': 'Unknown API error.', 'Data': 'Unknown API error.'}"
19ea6f9e-c594-4628-8413-1b912536e124,,,"ERROR: {'Error code': 429, 'Message': 'Unknown API error.', 'Data': 'Unknown API error.'}"
19e9c220-1863-4ef3-bb57-49d87066a1b0,,,"ERROR: {'Error code': 429, 'Message': 'Unknown API error.', 'Data': 'Unknown API error.'}"
19eba66a-78cf-4c0a-8542-c3be5d8ce0f4,,,"ERROR: {'Error code': 429, 'Message': 'Unknown API error.', 'Data': 'Unknown API error.'}"
1e82a768-a64a-412f-a838-bf1334bf4859,,,"ERROR: {'Error code': 429, 'Message': 'Unknown API error.', 'Data': 'Unknown API error.'}"
1e84d8ab-b4da-473e-86c4-28ca4a22535c,,,"ERROR: {'Error code': 429, 'Message': 'Unknown API error.', 'Data': 'Unknown API error.'}"
1e8a31b9-1755-4f6a-891e-1d6b5c9f4cd5,,,"ERROR: {'Error code': 429, 'Message': 'Unknown API error.', 'Data': 'Unknown API error.'}"
1e99356a-f6a5-4ebd-a2c0-01d35c763b93,,,"ERROR: {'Error code': 429, 'Message': 'Unknown API error.', 'Data': 'Unknown API error.'}"
1e994587-c92f-462a-ac32-a3bfc0eaaf4a,,,"ERROR: {'Error code': 429, 'Message': 'Unknown API error.', 'Data': 'Unknown API error.'}"
1e9cefe3-9b60-4b60-a9b7-3d259c92af28,,,"ERROR: {'Error code': 429, 'Message': 'Unknown API error.', 'Data': 'Unknown API error.'}"
1e997c01-867e-43d6-8e65-501f602c2582,,,"ERROR: {'Error code': 429, 'Message': 'Unknown API error.', 'Data': 'Unknown API error.'}"
1e9fb713-6ef0-488d-8774-6984b43a88e9,,,"ERROR: {'Error code': 429, 'Message': 'Unknown API error.', 'Data': 'Unknown API error.'}"
1e9ebc0f-7e62-4ae6-a7f0-c456a2018a4a,,,"ERROR: {'Error code': 429, 'Message': 'Unknown API error.', 'Data': 'Unknown API error.'}"
1ea26abe-c770-48c2-be09-4669f182e4e6,,,"ERROR: {'Error code': 429, 'Message': 'Unknown API error.', 'Data': 'Unknown API error.'}"
1ea312e9-7bf1-498d-a677-c8c43a296b8c,,,"ERROR: {'Error code': 429, 'Message': 'Unknown API error.', 'Data': 'Unknown API error.'}"
1ea843cf-a780-41a8-b162-d1b78ade7843,,,"ERROR: {'Error code': 429, 'Message': 'Unknown API error.', 'Data': 'Unknown API error.'}"
1ea75e54-b070-41dd-9e61-855cace14c50,,,"ERROR: {'Error code': 429, 'Message': 'Unknown API error.', 'Data': 'Unknown API error.'}"
1eabea7b-f9e5-47be-96fe-44dfc92e5066,,,"ERROR: {'Error code': 429, 'Message': 'Unknown API error.', 'Data': 'Unknown API error.'}"
1eae247d-5925-4308-9f6c-d82d9cc1a115,,,"ERROR: {'Error code': 429, 'Message': 'Unknown API error.', 'Data': 'Unknown API error.'}"
1eb0f027-4261-45f7-81d6-15c13abadabc,,,"ERROR: {'Error code': 429, 'Message': 'Unknown API error.', 'Data': 'Unknown API error.'}"
1eaec9a3-19ce-47a3-b020-724229202611,,,"ERROR: {'Error code': 429, 'Message': 'Unknown API error.', 'Data': 'Unknown API error.'}"
1eb79392-7e9a-4435-a994-3a848789a0aa,,,"ERROR: {'Error code': 429, 'Message': 'Unknown API error.', 'Data': 'Unknown API error.'}"
1eb4ccaf-e942-4e2e-9214-cbcf75fa7d7c,,,"ERROR: {'Error code': 429, 'Message': 'Unknown API error.', 'Data': 'Unknown API error.'}"
1eba3687-0f84-47ac-a31a-1631fcafb450,,,"ERROR: {'Error code': 429, 'Message': 'Unknown API error.', 'Data': 'Unknown API error.'}"
1ebd9be7-97af-4f70-9011-d2fcc5d45edb,,,"ERROR: {'Error code': 429, 'Message': 'Unknown API error.', 'Data': 'Unknown API error.'}"
1ec256ba-1a11-473d-b7f8-ad293c1b1a0f,,,"ERROR: {'Error code': 429, 'Message': 'Unknown API error.', 'Data': 'Unknown API error.'}"
1ec395fe-98b4-48de-b787-90fe49acfb22,,,"ERROR: {'Error code': 429, 'Message': 'Unknown API error.', 'Data': 'Unknown API error.'}"
1ec8712d-5fd3-4512-9622-9aa9736cedb3,,,"ERROR: {'Error code': 429, 'Message': 'Unknown API error.', 'Data': 'Unknown API error.'}"
1ecbe89b-88df-40a1-bfa1-974094db9185,,,"ERROR: {'Error code': 429, 'Message': 'Unknown API error.', 'Data': 'Unknown API error.'}"
1ed00f40-492f-4f95-b910-f12f833a0b91,,,"ERROR: {'Error code': 429, 'Message': 'Unknown API error.', 'Data': 'Unknown API error.'}"
1ecc74e3-1cf5-4537-b442-818e62956955,,,"ERROR: {'Error code': 429, 'Message': 'Unknown API error.', 'Data': 'Unknown API error.'}"
1ed05ecc-8369-480b-8b80-b686c4c5b6d7,,,"ERROR: {'Error code': 429, 'Message': 'Unknown API error.', 'Data': 'Unknown API error.'}"
1ed827a4-f03c-49e2-bb9c-d97a4344be0e,,,"ERROR: {'Error code': 429, 'Message': 'Unknown API error.', 'Data': 'Unknown API error.'}"
1eda26f1-0d01-499c-a98c-b3c25390873b,,,"ERROR: {'Error code': 429, 'Message': 'Unknown API error.', 'Data': 'Unknown API error.'}"
1edb0d31-6724-48de-b4f1-fbd259b89f68,,,"ERROR: {'Error code': 429, 'Message': 'Unknown API error.', 'Data': 'Unknown API error.'}"
1ee0c83b-6c6d-424f-a13b-7f4a6a41b23e,,,"ERROR: {'Error code': 429, 'Message': 'Unknown API error.', 'Data': 'Unknown API error.'}"
1ee2c60b-1831-49b1-8eca-d5f5697ac1f5,,,"ERROR: {'Error code': 429, 'Message': 'Unknown API error.', 'Data': 'Unknown API error.'}"
1ee2dfb0-f0a9-4016-8bda-bfeb48858931,,,"ERROR: {'Error code': 429, 'Message': 'Unknown API error.', 'Data': 'Unknown API error.'}"
1ee326e4-3e93-4b68-accd-099ff1b78394,,,"ERROR: {'Error code': 429, 'Message': 'Unknown API error.', 'Data': 'Unknown API error.'}"
1ee3563b-4982-460e-8a6f-f609d50f62c9,,,"ERROR: {'Error code': 429, 'Message': 'Unknown API error.', 'Data': 'Unknown API error.'}"
1ee487df-323a-42aa-8bd5-472f5c308452,,,"ERROR: {'Error code': 429, 'Message': 'Unknown API error.', 'Data': 'Unknown API error.'}"
1ee55f30-909d-41a5-adee-b4d276a1aa21,,,"ERROR: {'Error code': 429, 'Message': 'Unknown API error.', 'Data': 'Unknown API error.'}"
1ee607ce-d824-4e7b-84a2-65319d9a3373,,,"ERROR: {'Error code': 429, 'Message': 'Unknown API error.', 'Data': 'Unknown API error.'}"
1eea553e-f7bf-4e53-b599-dd2b8411f8e3,,,"ERROR: {'Error code': 429, 'Message': 'Unknown API error.', 'Data': 'Unknown API error.'}"
1ee71fa8-643b-458c-b2bf-33a07daeebe2,,,"ERROR: {'Error code': 429, 'Message': 'Unknown API error.', 'Data': 'Unknown API error.'}"
1eeb6583-200c-429d-a210-3d19ef320f01,,,"ERROR: {'Error code': 429, 'Message': 'Unknown API error.', 'Data': 'Unknown API error.'}"
1eeab655-88a9-4786-be57-cc8002002f31,,,"ERROR: {'Error code': 429, 'Message': 'Unknown API error.', 'Data': 'Unknown API error.'}"
1ef17e83-7b1a-4efc-bc64-191c465bb3c8,,,"ERROR: {'Error code': 429, 'Message': 'Unknown API error.', 'Data': 'Unknown API error.'}"
1ef2189a-8dc5-4d12-ac19-172aaf89b72a,,,"ERROR: {'Error code': 429, 'Message': 'Unknown API error.', 'Data': 'Unknown API error.'}"
1ef70845-ac50-475e-9773-47d4e8c29ef8,,,"ERROR: {'Error code': 429, 'Message': 'Unknown API error.', 'Data': 'Unknown API error.'}"
23958b11-1ae2-440c-96c5-237cf4397aad,,,"ERROR: {'Error code': 429, 'Message': 'Unknown API error.', 'Data': 'Unknown API error.'}"
239f3de0-841c-4280-b242-58e92c6e574f,,,"ERROR: {'Error code': 429, 'Message': 'Unknown API error.', 'Data': 'Unknown API error.'}"
239745a4-c3ee-4653-bb3c-868004cb1cb4,,,"ERROR: {'Error code': 429, 'Message': 'Unknown API error.', 'Data': 'Unknown API error.'}"
23a1f037-6572-49e3-a28a-c548d39d7c07,,,"ERROR: {'Error code': 429, 'Message': 'Unknown API error.', 'Data': 'Unknown API error.'}"
23a69441-c6d9-4ca8-9c84-a1958c89a9d9,,,"ERROR: {'Error code': 429, 'Message': 'Unknown API error.', 'Data': 'Unknown API error.'}"
23a781b1-f405-4c02-863f-54500bbb88de,,,"ERROR: {'Error code': 429, 'Message': 'Unknown API error.', 'Data': 'Unknown API error.'}"
23a7fdfa-faef-4296-95d5-da0506697ce2,,,"ERROR: {'Error code': 429, 'Message': 'Unknown API error.', 'Data': 'Unknown API error.'}"
23a9e36d-0879-46cf-b9d7-c2a683ff78cf,,,"ERROR: {'Error code': 429, 'Message': 'Unknown API error.', 'Data': 'Unknown API error.'}"
23af3b06-9c88-44d8-a6c2-39a062326bbf,,,"ERROR: {'Error code': 429, 'Message': 'Unknown API error.', 'Data': 'Unknown API error.'}"
23b56492-dc10-4fa2-9552-b8e1bad6cce6,,,"ERROR: {'Error code': 429, 'Message': 'Unknown API error.', 'Data': 'Unknown API error.'}"
23af89c3-3d78-4824-814b-6151a91bfa4c,,,"ERROR: {'Error code': 429, 'Message': 'Unknown API error.', 'Data': 'Unknown API error.'}"
23b7e489-161e-491a-8d5d-8ff669e13092,,,"ERROR: {'Error code': 429, 'Message': 'Unknown API error.', 'Data': 'Unknown API error.'}"
23b8bfdd-a83c-4e16-aca3-982cbae9ea76,,,"ERROR: {'Error code': 429, 'Message': 'Unknown API error.', 'Data': 'Unknown API error.'}"
23ba0fc8-1819-4b31-aa45-4beae7d2f904,,,"ERROR: {'Error code': 429, 'Message': 'Unknown API error.', 'Data': 'Unknown API error.'}"
23b8dee1-315f-4c02-b7b8-8c32744cd1c2,,,"ERROR: {'Error code': 429, 'Message': 'Unknown API error.', 'Data': 'Unknown API error.'}"
23c0533a-8788-498c-bccf-aecd2415c39f,,,"ERROR: {'Error code': 429, 'Message': 'Unknown API error.', 'Data': 'Unknown API error.'}"
23bbbb97-6c31-4261-87d4-f97ed72c8969,,,"ERROR: {'Error code': 429, 'Message': 'Unknown API error.', 'Data': 'Unknown API error.'}"
23c9a44b-918b-4729-a6c4-3a26f98b3818,,,"ERROR: {'Error code': 429, 'Message': 'Unknown API error.', 'Data': 'Unknown API error.'}"
23cd9d78-fa98-4b93-b60d-75e53d74cff1,,,"ERROR: {'Error code': 429, 'Message': 'Unknown API error.', 'Data': 'Unknown API error.'}"
23d47380-8e9f-4bdc-af4e-05c1779dbcc6,,,"ERROR: {'Error code': 429, 'Message': 'Unknown API error.', 'Data': 'Unknown API error.'}"
23d5ca91-0db4-4d47-8be0-b483c9f700e6,,,"ERROR: {'Error code': 429, 'Message': 'Unknown API error.', 'Data': 'Unknown API error.'}"
23d8d83b-2dec-488e-ba45-938a281e1822,,,"ERROR: {'Error code': 429, 'Message': 'Unknown API error.', 'Data': 'Unknown API error.'}"
23dada2b-b3f5-4d1a-83db-02d47872fb60,,,"ERROR: {'Error code': 429, 'Message': 'Unknown API error.', 'Data': 'Unknown API error.'}"
23daffd2-a715-4556-be54-b0f611fb8303,,,"ERROR: {'Error code': 429, 'Message': 'Unknown API error.', 'Data': 'Unknown API error.'}"
23db33f9-d09c-46c3-b8f3-1dbf2ae23438,,,"ERROR: {'Error code': 429, 'Message': 'Unknown API error.', 'Data': 'Unknown API error.'}"
23e2e651-237b-4d5a-8bfc-a5cadafea1f6,,,"ERROR: {'Error code': 429, 'Message': 'Unknown API error.', 'Data': 'Unknown API error.'}"
23e60fbc-2dbd-4fc3-ac4c-c85b997562f3,,,"ERROR: {'Error code': 429, 'Message': 'Unknown API error.', 'Data': 'Unknown API error.'}"
23eb3617-5809-41e8-8d0c-5046a4450d29,,,"ERROR: {'Error code': 429, 'Message': 'Unknown API error.', 'Data': 'Unknown API error.'}"
23efe229-feff-410f-8bdc-2c3a9dd343b8,,,"ERROR: {'Error code': 429, 'Message': 'Unknown API error.', 'Data': 'Unknown API error.'}"
23f3319c-3662-4097-974a-460fb879a599,,,"ERROR: {'Error code': 429, 'Message': 'Unknown API error.', 'Data': 'Unknown API error.'}"
23f1ee09-a8c4-4efd-a847-b06899a91fa7,,,"ERROR: {'Error code': 429, 'Message': 'Unknown API error.', 'Data': 'Unknown API error.'}"
23f7615f-0378-4a36-a4a1-029bc408d4a5,,,"ERROR: {'Error code': 429, 'Message': 'Unknown API error.', 'Data': 'Unknown API error.'}"
23f8307e-d556-40dc-bde0-4c1cc818370e,,,"ERROR: {'Error code': 429, 'Message': 'Unknown API error.', 'Data': 'Unknown API error.'}"
23f89152-797c-4e81-9c7a-a4db6c506689,,,"ERROR: {'Error code': 429, 'Message': 'Unknown API error.', 'Data': 'Unknown API error.'}"
23f91855-017e-40e8-b20e-aa9d3c572f84,,,"ERROR: {'Error code': 429, 'Message': 'Unknown API error.', 'Data': 'Unknown API error.'}"
23f9de59-087a-4bba-9dfe-5c35f5275091,,,"ERROR: {'Error code': 429, 'Message': 'Unknown API error.', 'Data': 'Unknown API error.'}"
23fb33cd-36a0-436b-8fb6-d64ed6f7df89,,,"ERROR: {'Error code': 429, 'Message': 'Unknown API error.', 'Data': 'Unknown API error.'}"
23fd4c57-8068-4b78-9a9e-1af4637382f2,,,"ERROR: {'Error code': 429, 'Message': 'Unknown API error.', 'Data': 'Unknown API error.'}"
240099bc-605c-4673-b66a-632d58aaec6b,,,"ERROR: {'Error code': 429, 'Message': 'Unknown API error.', 'Data': 'Unknown API error.'}"
24069ef1-57f6-48db-8f2f-dd4ac21dcd93,,,"ERROR: {'Error code': 429, 'Message': 'Unknown API error.', 'Data': 'Unknown API error.'}"
24082308-25f5-44ad-b6c3-0940f3c0608d,,,"ERROR: {'Error code': 429, 'Message': 'Unknown API error.', 'Data': 'Unknown API error.'}"
2409d060-19bb-46db-b1ed-a9f91190cd31,,,"ERROR: {'Error code': 429, 'Message': 'Unknown API error.', 'Data': 'Unknown API error.'}"
240ccaf4-4500-43f6-abb7-23551cfc57dc,,,"ERROR: {'Error code': 429, 'Message': 'Unknown API error.', 'Data': 'Unknown API error.'}"
28b180ab-1538-463e-b496-7a6581ac6d9e,,,"ERROR: {'Error code': 429, 'Message': 'Unknown API error.', 'Data': 'Unknown API error.'}"
28b4f775-bd7d-47d8-b4c6-36e77b8252c8,,,"ERROR: {'Error code': 429, 'Message': 'Unknown API error.', 'Data': 'Unknown API error.'}"
28b92226-9292-4638-a702-a86644d61983,,,"ERROR: {'Error code': 429, 'Message': 'Unknown API error.', 'Data': 'Unknown API error.'}"
28b9481e-737a-4945-b8d8-0e038ad44e70,,,"ERROR: {'Error code': 429, 'Message': 'Unknown API error.', 'Data': 'Unknown API error.'}"
28bba20f-3ad5-4a78-8f4a-cbddbe7b61f4,,,"ERROR: {'Error code': 429, 'Message': 'Unknown API error.', 'Data': 'Unknown API error.'}"
28bbb1ac-c024-41d2-9843-8d21519044c1,,,"ERROR: {'Error code': 429, 'Message': 'Unknown API error.', 'Data': 'Unknown API error.'}"
28bcf94a-702b-4abc-b4b6-90ebf9c8c081,,,"ERROR: {'Error code': 429, 'Message': 'Unknown API error.', 'Data': 'Unknown API error.'}"
28bdbc81-04ce-4925-9384-e7e96acb0307,,,"ERROR: {'Error code': 429, 'Message': 'Unknown API error.', 'Data': 'Unknown API error.'}"
28be1b5f-c347-48d5-b18d-796c2a3ccb3e,,,"ERROR: {'Error code': 429, 'Message': 'Unknown API error.', 'Data': 'Unknown API error.'}"
28be3183-759b-450f-ba8f-80d3c0066c37,,,"ERROR: {'Error code': 429, 'Message': 'Unknown API error.', 'Data': 'Unknown API error.'}"
28c2196b-5ae8-45a5-ac81-6f19b9802265,,,"ERROR: {'Error code': 429, 'Message': 'Unknown API error.', 'Data': 'Unknown API error.'}"
28c6c905-c57f-411a-93f1-f0725747d458,,,"ERROR: {'Error code': 429, 'Message': 'Unknown API error.', 'Data': 'Unknown API error.'}"
28c72c6a-06b8-4c1a-b2b3-279628bb6140,,,"ERROR: {'Error code': 429, 'Message': 'Unknown API error.', 'Data': 'Unknown API error.'}"
28c90253-5f06-4073-b29b-34842d2cb0d5,,,"ERROR: {'Error code': 429, 'Message': 'Unknown API error.', 'Data': 'Unknown API error.'}"
28c9c94e-4fc5-48a7-8df9-ad1ce51a9226,,,"ERROR: {'Error code': 429, 'Message': 'Unknown API error.', 'Data': 'Unknown API error.'}"
28cb1780-52c7-4985-b3c6-51b7da881e00,,,"ERROR: {'Error code': 429, 'Message': 'Unknown API error.', 'Data': 'Unknown API error.'}"
28cb3262-5014-444b-86fb-8a6d2716e3f0,,,"ERROR: {'Error code': 429, 'Message': 'Unknown API error.', 'Data': 'Unknown API error.'}"
28cb89e6-f83d-480f-9a99-e58182d4c18a,,,"ERROR: {'Error code': 429, 'Message': 'Unknown API error.', 'Data': 'Unknown API error.'}"
28d1b8b7-ed44-44f1-9181-3356d950df2e,,,"ERROR: {'Error code': 429, 'Message': 'Unknown API error.', 'Data': 'Unknown API error.'}"
28d3674f-054a-4e7f-9a9d-9133b938f2ff,,,"ERROR: {'Error code': 429, 'Message': 'Unknown API error.', 'Data': 'Unknown API error.'}"
28d3bed3-35ea-4e15-8380-136c5976d156,,,"ERROR: {'Error code': 429, 'Message': 'Unknown API error.', 'Data': 'Unknown API error.'}"
28d626b9-266f-4e69-bc81-fb58794d269a,,,"ERROR: {'Error code': 429, 'Message': 'Unknown API error.', 'Data': 'Unknown API error.'}"
28d78f1b-a966-497a-871e-e7047d7cb8bd,,,"ERROR: {'Error code': 429, 'Message': 'Unknown API error.', 'Data': 'Unknown API error.'}"
28da67db-05ce-4158-a31c-f83bc9684c85,,,"ERROR: {'Error code': 429, 'Message': 'Unknown API error.', 'Data': 'Unknown API error.'}"
28d839ac-791e-41dd-9081-009b6412bf58,,,"ERROR: {'Error code': 429, 'Message': 'Unknown API error.', 'Data': 'Unknown API error.'}"
28dafe2c-71ed-42ce-ada4-4ffff0616d73,,,"ERROR: {'Error code': 429, 'Message': 'Unknown API error.', 'Data': 'Unknown API error.'}"
28dcbf16-082e-4c9f-a95f-08809dc64bef,,,"ERROR: {'Error code': 429, 'Message': 'Unknown API error.', 'Data': 'Unknown API error.'}"
28ded8e5-7cf2-45f5-8a1d-1f0362417085,,,"ERROR: {'Error code': 429, 'Message': 'Unknown API error.', 'Data': 'Unknown API error.'}"
28df0685-c4d7-4ed1-9b07-5622e00e3592,,,"ERROR: {'Error code': 429, 'Message': 'Unknown API error.', 'Data': 'Unknown API error.'}"
28e05bba-4a1d-4549-993d-40ca245caa5a,,,"ERROR: {'Error code': 429, 'Message': 'Unknown API error.', 'Data': 'Unknown API error.'}"
28e145d8-4272-426c-a123-210360e72214,,,"ERROR: {'Error code': 429, 'Message': 'Unknown API error.', 'Data': 'Unknown API error.'}"
28e3a723-0ee5-4d4c-b944-bcdeaef4d1ce,,,"ERROR: {'Error code': 429, 'Message': 'Unknown API error.', 'Data': 'Unknown API error.'}"
28e5139c-3a16-493c-ad99-015463840020,,,"ERROR: {'Error code': 429, 'Message': 'Unknown API error.', 'Data': 'Unknown API error.'}"
28ee2a5b-1c4b-4462-91e2-c552af44ff95,,,"ERROR: {'Error code': 429, 'Message': 'Unknown API error.', 'Data': 'Unknown API error.'}"
28ea9e0f-cd86-4b7e-becb-9970dd7a006c,,,"ERROR: {'Error code': 429, 'Message': 'Unknown API error.', 'Data': 'Unknown API error.'}"
28ef4796-f37d-4e4f-b94e-792bddccf39a,,,"ERROR: {'Error code': 429, 'Message': 'Unknown API error.', 'Data': 'Unknown API error.'}"
28f326be-3bcf-443d-b537-87d7f5808276,,,"ERROR: {'Error code': 429, 'Message': 'Unknown API error.', 'Data': 'Unknown API error.'}"
28f72397-8175-4598-ae08-02691cf665e6,,,"ERROR: {'Error code': 429, 'Message': 'Unknown API error.', 'Data': 'Unknown API error.'}"
28fb699a-fa08-4428-a723-c7626c6fdf65,,,"ERROR: {'Error code': 429, 'Message': 'Unknown API error.', 'Data': 'Unknown API error.'}"
28fbb2d9-05c6-4ebb-9556-bfc0e352b986,,,"ERROR: {'Error code': 429, 'Message': 'Unknown API error.', 'Data': 'Unknown API error.'}"
28fbd0fa-327e-4d31-893b-227d4d77bfb0,,,"ERROR: {'Error code': 429, 'Message': 'Unknown API error.', 'Data': 'Unknown API error.'}"
28fd0ec8-2405-4d01-919c-dd35caa91354,,,"ERROR: {'Error code': 429, 'Message': 'Unknown API error.', 'Data': 'Unknown API error.'}"
28ff8b53-9ba4-40fa-a305-89f6c393332c,,,"ERROR: {'Error code': 429, 'Message': 'Unknown API error.', 'Data': 'Unknown API error.'}"
290914b7-78f5-40e1-866e-dfe636a7da23,,,"ERROR: {'Error code': 429, 'Message': 'Unknown API error.', 'Data': 'Unknown API error.'}"
290ae011-8526-43fb-80d1-331fe850e8fc,,,"ERROR: {'Error code': 429, 'Message': 'Unknown API error.', 'Data': 'Unknown API error.'}"
290bb3e4-ce8d-4889-adef-5def25e7d5c7,,,"ERROR: {'Error code': 429, 'Message': 'Unknown API error.', 'Data': 'Unknown API error.'}"
29121371-273b-4b72-95e4-d86ccc167118,,,"ERROR: {'Error code': 429, 'Message': 'Unknown API error.', 'Data': 'Unknown API error.'}"
2917ec88-bfc6-46b4-8201-5369ea252c3b,,,"ERROR: {'Error code': 429, 'Message': 'Unknown API error.', 'Data': 'Unknown API error.'}"
29196635-70c5-4f53-bab4-e55b26e0b890,,,"ERROR: {'Error code': 429, 'Message': 'Unknown API error.', 'Data': 'Unknown API error.'}"
291d3bbd-c725-43d2-8445-a202c274cc83,,,"ERROR: {'Error code': 429, 'Message': 'Unknown API error.', 'Data': 'Unknown API error.'}"
2919f20d-fb67-49f8-bf21-4a5935fdf0aa,,,"ERROR: {'Error code': 429, 'Message': 'Unknown API error.', 'Data': 'Unknown API error.'}"
291fdc53-e86b-4e41-9ba2-f2263c244f2e,,,"ERROR: {'Error code': 429, 'Message': 'Unknown API error.', 'Data': 'Unknown API error.'}"
29213f4a-3df2-4450-a47d-9c3e5efe77b7,,,"ERROR: {'Error code': 429, 'Message': 'Unknown API error.', 'Data': 'Unknown API error.'}"
29243d62-00c8-464c-84a8-60f5f554a591,,,"ERROR: {'Error code': 429, 'Message': 'Unknown API error.', 'Data': 'Unknown API error.'}"
2926a5cd-00f0-4ae7-90ee-4cbb5f09ca0e,,,"ERROR: {'Error code': 429, 'Message': 'Unknown API error.', 'Data': 'Unknown API error.'}"
29295677-89a3-4872-a078-a79c73ad5e9e,,,"ERROR: {'Error code': 429, 'Message': 'Unknown API error.', 'Data': 'Unknown API error.'}"
292adb9a-73d8-4936-a440-7c31725c0a58,,,"ERROR: {'Error code': 429, 'Message': 'Unknown API error.', 'Data': 'Unknown API error.'}"
292c7d1a-ecca-4b79-871c-a503e3e162e7,,,"ERROR: {'Error code': 429, 'Message': 'Unknown API error.', 'Data': 'Unknown API error.'}"
292db27d-546c-4ae7-a7be-5b476b984996,,,"ERROR: {'Error code': 429, 'Message': 'Unknown API error.', 'Data': 'Unknown API error.'}"
2932d72c-381e-4681-a1c1-8ba229c2cd5a,,,"ERROR: {'Error code': 429, 'Message': 'Unknown API error.', 'Data': 'Unknown API error.'}"
2de09967-cad4-4fe1-b55b-f029a52f5125,,,"ERROR: {'Error code': 429, 'Message': 'Unknown API error.', 'Data': 'Unknown API error.'}"
2de8bc6e-f20a-43f7-bf0b-bd297aeed702,,,"ERROR: {'Error code': 429, 'Message': 'Unknown API error.', 'Data': 'Unknown API error.'}"
2de9d18e-e217-4c9b-84a4-35bf2886fc52,,,"ERROR: {'Error code': 429, 'Message': 'Unknown API error.', 'Data': 'Unknown API error.'}"
2dea1ccd-1178-485a-ab12-fb30185b2267,,,"ERROR: {'Error code': 429, 'Message': 'Unknown API error.', 'Data': 'Unknown API error.'}"
2deca076-8ea5-4baa-b5cd-c677ed33d237,,,"ERROR: {'Error code': 429, 'Message': 'Unknown API error.', 'Data': 'Unknown API error.'}"
2decd387-67a9-4772-bbfb-99d3f2a350cc,,,"ERROR: {'Error code': 429, 'Message': 'Unknown API error.', 'Data': 'Unknown API error.'}"
2deda7cc-f1f6-41e9-9cff-b92b751811da,,,"ERROR: {'Error code': 429, 'Message': 'Unknown API error.', 'Data': 'Unknown API error.'}"
2def8156-5504-472f-84ac-17e1a5ef0db3,,,"ERROR: {'Error code': 429, 'Message': 'Unknown API error.', 'Data': 'Unknown API error.'}"
2df0f533-b111-44b4-b2ab-3ddd355f3b0c,,,"ERROR: {'Error code': 429, 'Message': 'Unknown API error.', 'Data': 'Unknown API error.'}"
2df3813d-a018-4482-a4ae-57b4ada5e14e,,,"ERROR: {'Error code': 429, 'Message': 'Unknown API error.', 'Data': 'Unknown API error.'}"
2dfbe6c1-bb2d-4e31-a0b2-e1d0aa740d7f,,,"ERROR: {'Error code': 429, 'Message': 'Unknown API error.', 'Data': 'Unknown API error.'}"
2dfc4305-1d10-4a02-ab22-4595a5662f4a,,,"ERROR: {'Error code': 429, 'Message': 'Unknown API error.', 'Data': 'Unknown API error.'}"
2dfebc83-ed6c-4b33-b2b5-7fd826710057,,,"ERROR: {'Error code': 429, 'Message': 'Unknown API error.', 'Data': 'Unknown API error.'}"
2e053af0-5b66-4d26-8fa9-f14e180fa3e6,,,"ERROR: {'Error code': 429, 'Message': 'Unknown API error.', 'Data': 'Unknown API error.'}"
2e0902eb-d9d5-4f23-963e-e866757c9be0,,,"ERROR: {'Error code': 429, 'Message': 'Unknown API error.', 'Data': 'Unknown API error.'}"
2e07c70c-dec2-447a-8250-a83659b35a36,,,"ERROR: {'Error code': 429, 'Message': 'Unknown API error.', 'Data': 'Unknown API error.'}"
2e0b25a1-68ac-411f-b1ed-d1b75ca2e221,,,"ERROR: {'Error code': 429, 'Message': 'Unknown API error.', 'Data': 'Unknown API error.'}"
2e0d7e57-593a-4b67-b3df-3b4ba842c4ff,,,"ERROR: {'Error code': 429, 'Message': 'Unknown API error.', 'Data': 'Unknown API error.'}"
2e189be4-f805-4efe-a523-c2050839ca0c,,,"ERROR: {'Error code': 429, 'Message': 'Unknown API error.', 'Data': 'Unknown API error.'}"
2e11469a-014f-42fc-bee7-faf3db0d854e,,,"ERROR: {'Error code': 429, 'Message': 'Unknown API error.', 'Data': 'Unknown API error.'}"
2e1cd93e-d522-49ed-8b09-4813e504542e,,,"ERROR: {'Error code': 429, 'Message': 'Unknown API error.', 'Data': 'Unknown API error.'}"
2e1fa64f-19e7-4216-9855-f7618a130341,,,"ERROR: {'Error code': 429, 'Message': 'Unknown API error.', 'Data': 'Unknown API error.'}"
2e20f6e7-34ce-4afe-ba4c-1c677d62d88e,,,"ERROR: {'Error code': 429, 'Message': 'Unknown API error.', 'Data': 'Unknown API error.'}"
2e388047-2e9f-48b5-9680-59350f4bc3c3,,,"ERROR: {'Error code': 429, 'Message': 'Unknown API error.', 'Data': 'Unknown API error.'}"
2e38ed76-ccf9-4f3a-a667-6a7df753504a,,,"ERROR: {'Error code': 429, 'Message': 'Unknown API error.', 'Data': 'Unknown API error.'}"
2e48a0ee-63bc-40ae-b950-527643247ef0,,,"ERROR: {'Error code': 429, 'Message': 'Unknown API error.', 'Data': 'Unknown API error.'}"
2e4bacf3-d5b4-4fee-b625-de8be9c22346,,,"ERROR: {'Error code': 429, 'Message': 'Unknown API error.', 'Data': 'Unknown API error.'}"
2e4c3d41-d156-4efb-b5f4-568d6387e84e,,,"ERROR: {'Error code': 429, 'Message': 'Unknown API error.', 'Data': 'Unknown API error.'}"
2e509493-09a1-4172-9b84-9031e7c3d51b,,,"ERROR: {'Error code': 429, 'Message': 'Unknown API error.', 'Data': 'Unknown API error.'}"
2e52c04d-d386-4f3b-9cb1-472533e54bd1,,,"ERROR: {'Error code': 429, 'Message': 'Unknown API error.', 'Data': 'Unknown API error.'}"
2e53fc80-aa20-4e61-8819-ed02b005ab48,,,"ERROR: {'Error code': 429, 'Message': 'Unknown API error.', 'Data': 'Unknown API error.'}"
2e54cc99-9332-4295-b9b2-9996253b2b9c,,,"ERROR: {'Error code': 429, 'Message': 'Unknown API error.', 'Data': 'Unknown API error.'}"
2e559b7b-fe94-456f-a1d4-b28b59e814cf,,,"ERROR: {'Error code': 429, 'Message': 'Unknown API error.', 'Data': 'Unknown API error.'}"
2e578014-42bd-4994-b711-20ccb7424e63,,,"ERROR: {'Error code': 429, 'Message': 'Unknown API error.', 'Data': 'Unknown API error.'}"
2e5ff6d3-1717-4b9e-b75e-f5146fe2b433,,,"ERROR: {'Error code': 429, 'Message': 'Unknown API error.', 'Data': 'Unknown API error.'}"
2e60bcee-db7a-47b2-9dc9-dabe4c257420,,,"ERROR: {'Error code': 429, 'Message': 'Unknown API error.', 'Data': 'Unknown API error.'}"
330605f5-d556-49ee-9978-41febd8746b1,,,"ERROR: {'Error code': 429, 'Message': 'Unknown API error.', 'Data': 'Unknown API error.'}"
33074669-6bc5-4de0-8694-7ed48dcfe81c,,,"ERROR: {'Error code': 429, 'Message': 'Unknown API error.', 'Data': 'Unknown API error.'}"
33068331-39b0-4fc2-b3ad-3588a6205815,,,"ERROR: {'Error code': 429, 'Message': 'Unknown API error.', 'Data': 'Unknown API error.'}"
330849b7-fa8c-4f4e-a827-b0f5f5e1c185,,,"ERROR: {'Error code': 429, 'Message': 'Unknown API error.', 'Data': 'Unknown API error.'}"
330a130f-2596-4808-907f-64505fe88597,,,"ERROR: {'Error code': 429, 'Message': 'Unknown API error.', 'Data': 'Unknown API error.'}"
330a4261-5ab2-4faa-9c7f-2bf343a76e2f,,,"ERROR: {'Error code': 429, 'Message': 'Unknown API error.', 'Data': 'Unknown API error.'}"
330b8eb0-12df-41ea-aba1-fd748fd5463b,,,"ERROR: {'Error code': 429, 'Message': 'Unknown API error.', 'Data': 'Unknown API error.'}"
330e3eb1-e982-443d-a222-39ab4f147b68,,,"ERROR: {'Error code': 429, 'Message': 'Unknown API error.', 'Data': 'Unknown API error.'}"
330e6405-d90c-44aa-8c19-7949b0c4850d,,,"ERROR: {'Error code': 429, 'Message': 'Unknown API error.', 'Data': 'Unknown API error.'}"
330e82e4-8bd7-4222-9631-da5336096301,,,"ERROR: {'Error code': 429, 'Message': 'Unknown API error.', 'Data': 'Unknown API error.'}"
3311f6e0-aff8-4ae6-a83b-9628b133da65,,,"ERROR: {'Error code': 429, 'Message': 'Unknown API error.', 'Data': 'Unknown API error.'}"
33187646-56b4-463a-9c06-a1abcb3d983d,,,"ERROR: {'Error code': 429, 'Message': 'Unknown API error.', 'Data': 'Unknown API error.'}"
33156887-ccaa-42ff-896c-a2452ef7aa7d,,,"ERROR: {'Error code': 429, 'Message': 'Unknown API error.', 'Data': 'Unknown API error.'}"
331d0b5b-8b96-4184-9648-eb3b922d4542,,,"ERROR: {'Error code': 429, 'Message': 'Unknown API error.', 'Data': 'Unknown API error.'}"
331e4580-a22a-4093-8a35-b04e0bd60843,,,"ERROR: {'Error code': 429, 'Message': 'Unknown API error.', 'Data': 'Unknown API error.'}"
3325da03-ba85-4031-95b5-6078ef1397d8,,,"ERROR: {'Error code': 429, 'Message': 'Unknown API error.', 'Data': 'Unknown API error.'}"
3325574e-d140-4d60-b95d-e00c889f459b,,,"ERROR: {'Error code': 429, 'Message': 'Unknown API error.', 'Data': 'Unknown API error.'}"
3329cae5-5c0c-4558-bcf3-16635159fb42,,,"ERROR: {'Error code': 429, 'Message': 'Unknown API error.', 'Data': 'Unknown API error.'}"
3327c79f-25ba-440e-bb7b-5dd55d7cc248,,,"ERROR: {'Error code': 429, 'Message': 'Unknown API error.', 'Data': 'Unknown API error.'}"
332c85fb-eb8d-4143-a3a7-7997c86ba415,,,"ERROR: {'Error code': 429, 'Message': 'Unknown API error.', 'Data': 'Unknown API error.'}"
332d4849-a862-4ca1-9149-3860c2b2c19c,,,"ERROR: {'Error code': 429, 'Message': 'Unknown API error.', 'Data': 'Unknown API error.'}"
3330a175-46e2-4b8a-afad-dddac1aa97e4,,,"ERROR: {'Error code': 429, 'Message': 'Unknown API error.', 'Data': 'Unknown API error.'}"
332e73d7-0407-4d9c-bfa5-01758df2358e,,,"ERROR: {'Error code': 429, 'Message': 'Unknown API error.', 'Data': 'Unknown API error.'}"
3339253c-02e0-4e97-86ba-ac1dd5e480e0,,,"ERROR: {'Error code': 429, 'Message': 'Unknown API error.', 'Data': 'Unknown API error.'}"
3331d849-670d-4818-9159-be82393c84c5,,,"ERROR: {'Error code': 429, 'Message': 'Unknown API error.', 'Data': 'Unknown API error.'}"
333eda91-2128-462a-9ca6-756de9ec7657,,,"ERROR: {'Error code': 429, 'Message': 'Unknown API error.', 'Data': 'Unknown API error.'}"
334012db-39f4-4bc6-86eb-cdef246e895f,,,"ERROR: {'Error code': 429, 'Message': 'Unknown API error.', 'Data': 'Unknown API error.'}"
334c1fea-acd6-4e4a-960a-3ec89e1a2bd0,,,"ERROR: {'Error code': 429, 'Message': 'Unknown API error.', 'Data': 'Unknown API error.'}"
334c2f1a-e499-4e9d-bd37-6dd56279c3d8,,,"ERROR: {'Error code': 429, 'Message': 'Unknown API error.', 'Data': 'Unknown API error.'}"
334ecb67-c460-481b-99a2-49d4ccf298df,,,"ERROR: {'Error code': 429, 'Message': 'Unknown API error.', 'Data': 'Unknown API error.'}"
334f6854-96de-4e70-ab9f-6642a339b634,,,"ERROR: {'Error code': 429, 'Message': 'Unknown API error.', 'Data': 'Unknown API error.'}"
3353a23c-6d6a-458a-9876-68df8c6ca465,,,"ERROR: {'Error code': 429, 'Message': 'Unknown API error.', 'Data': 'Unknown API error.'}"
335223e2-9924-4cc7-b427-89220a4bbd2e,,,"ERROR: {'Error code': 429, 'Message': 'Unknown API error.', 'Data': 'Unknown API error.'}"
3354e45d-f983-4c3d-bec5-cf876dc100fe,,,"ERROR: {'Error code': 429, 'Message': 'Unknown API error.', 'Data': 'Unknown API error.'}"
3356adad-e7cc-46e5-a283-b3d5fa242ab9,,,"ERROR: {'Error code': 429, 'Message': 'Unknown API error.', 'Data': 'Unknown API error.'}"
33592ca5-d5a6-4834-bf89-f7939701bdc3,,,"ERROR: {'Error code': 429, 'Message': 'Unknown API error.', 'Data': 'Unknown API error.'}"
3360a263-506a-4495-a9a2-8c522650fe85,,,"ERROR: {'Error code': 429, 'Message': 'Unknown API error.', 'Data': 'Unknown API error.'}"
3362552e-667e-4af8-a226-c4442b00540c,,,"ERROR: {'Error code': 429, 'Message': 'Unknown API error.', 'Data': 'Unknown API error.'}"
33685c53-d100-44fd-962e-8d3a95eaed1b,,,"ERROR: {'Error code': 429, 'Message': 'Unknown API error.', 'Data': 'Unknown API error.'}"
3368b352-d33e-4be1-9324-f9f8db9bfb87,,,"ERROR: {'Error code': 429, 'Message': 'Unknown API error.', 'Data': 'Unknown API error.'}"
3368daa8-3195-4292-a1d7-d229b16cd3d1,,,"ERROR: {'Error code': 429, 'Message': 'Unknown API error.', 'Data': 'Unknown API error.'}"
336d5197-5f66-4627-8a85-13d001331c0e,,,"ERROR: {'Error code': 429, 'Message': 'Unknown API error.', 'Data': 'Unknown API error.'}"
336ac66e-7e55-4d0f-baca-c58074d23b88,,,"ERROR: {'Error code': 429, 'Message': 'Unknown API error.', 'Data': 'Unknown API error.'}"
3375c5a4-933c-4867-8710-ce973f5d5a2d,,,"ERROR: {'Error code': 429, 'Message': 'Unknown API error.', 'Data': 'Unknown API error.'}"
3371c60b-d2fe-4a17-b3a0-7519b9ab0797,,,"ERROR: {'Error code': 429, 'Message': 'Unknown API error.', 'Data': 'Unknown API error.'}"
3378c29c-26ee-4a3f-8798-8c7d3a72e0ef,,,"ERROR: {'Error code': 429, 'Message': 'Unknown API error.', 'Data': 'Unknown API error.'}"
33792aec-52fc-4011-8cc7-0a73729e54fd,,,"ERROR: {'Error code': 429, 'Message': 'Unknown API error.', 'Data': 'Unknown API error.'}"
337aeb4f-b62a-45b7-912d-939054f98858,,,"ERROR: {'Error code': 429, 'Message': 'Unknown API error.', 'Data': 'Unknown API error.'}"
337948dd-06b2-460b-9b59-5f9b1eff30e4,,,"ERROR: {'Error code': 429, 'Message': 'Unknown API error.', 'Data': 'Unknown API error.'}"
338152c8-e4fa-4bc6-94f8-c76c8c9e75c2,,,"ERROR: {'Error code': 429, 'Message': 'Unknown API error.', 'Data': 'Unknown API error.'}"
33828df4-6b78-480d-82a9-71bab6d991a8,,,"ERROR: {'Error code': 429, 'Message': 'Unknown API error.', 'Data': 'Unknown API error.'}"
33861c72-1e18-4a3a-8cc8-5f8715ed8ec7,,,"ERROR: {'Error code': 429, 'Message': 'Unknown API error.', 'Data': 'Unknown API error.'}"
33878b88-ca88-4e7e-8712-733a167e1fab,,,"ERROR: {'Error code': 429, 'Message': 'Unknown API error.', 'Data': 'Unknown API error.'}"
3387c2c4-f4f1-4e62-bce0-7b3034b8764c,,,"ERROR: {'Error code': 429, 'Message': 'Unknown API error.', 'Data': 'Unknown API error.'}"
33880057-3b8a-4d30-bce6-54ea2c1ab2c6,,,"ERROR: {'Error code': 429, 'Message': 'Unknown API error.', 'Data': 'Unknown API error.'}"
38233283-3c36-497f-acd6-179890e218f9,,,"ERROR: {'Error code': 429, 'Message': 'Unknown API error.', 'Data': 'Unknown API error.'}"
3389b047-0124-4d13-b722-8ac774c13604,,,"ERROR: {'Error code': 429, 'Message': 'Unknown API error.', 'Data': 'Unknown API error.'}"
38258539-6da5-4a67-a8f4-a399b34ec1a9,,,"ERROR: {'Error code': 429, 'Message': 'Unknown API error.', 'Data': 'Unknown API error.'}"
382683cf-e695-48ef-9e0f-8db5ef2c5b05,,,"ERROR: {'Error code': 429, 'Message': 'Unknown API error.', 'Data': 'Unknown API error.'}"
38338e42-8ed3-4b4e-8227-c0e8c7939c00,,,"ERROR: {'Error code': 429, 'Message': 'Unknown API error.', 'Data': 'Unknown API error.'}"
382fd5db-46e6-464f-810d-81e5d7f8ee89,,,"ERROR: {'Error code': 429, 'Message': 'Unknown API error.', 'Data': 'Unknown API error.'}"
3839c55c-6214-4b27-ac11-f1653cf09515,,,"ERROR: {'Error code': 429, 'Message': 'Unknown API error.', 'Data': 'Unknown API error.'}"
383b73ed-b610-41cb-abb6-9fd8c10e742d,,,"ERROR: {'Error code': 429, 'Message': 'Unknown API error.', 'Data': 'Unknown API error.'}"
383ea217-dcf3-461e-8c89-4a048766e93b,,,"ERROR: {'Error code': 429, 'Message': 'Unknown API error.', 'Data': 'Unknown API error.'}"
383b9508-7673-44f2-bc61-c62018d9b097,,,"ERROR: {'Error code': 429, 'Message': 'Unknown API error.', 'Data': 'Unknown API error.'}"
3849d6be-a94c-408f-9fdd-6e92c9e7d231,,,"ERROR: {'Error code': 429, 'Message': 'Unknown API error.', 'Data': 'Unknown API error.'}"
384f3d41-1019-4ede-bc9a-ff8a82bedf66,,,"ERROR: {'Error code': 429, 'Message': 'Unknown API error.', 'Data': 'Unknown API error.'}"
3850208f-b4b7-474c-95ef-9948a7b52a65,,,"ERROR: {'Error code': 429, 'Message': 'Unknown API error.', 'Data': 'Unknown API error.'}"
385069d9-79bd-49b1-92ef-c33503b21c46,,,"ERROR: {'Error code': 429, 'Message': 'Unknown API error.', 'Data': 'Unknown API error.'}"
38592ace-efb4-4f70-b375-ac68bf1f1e45,,,"ERROR: {'Error code': 429, 'Message': 'Unknown API error.', 'Data': 'Unknown API error.'}"
385d305b-449f-49b4-bfe6-df5f3e9effec,,,"ERROR: {'Error code': 429, 'Message': 'Unknown API error.', 'Data': 'Unknown API error.'}"
385e1004-69e4-4542-adb6-b3c1e11172c7,,,"ERROR: {'Error code': 429, 'Message': 'Unknown API error.', 'Data': 'Unknown API error.'}"
385d915b-74a3-4592-9786-d8834bbbed3b,,,"ERROR: {'Error code': 429, 'Message': 'Unknown API error.', 'Data': 'Unknown API error.'}"
386055f7-687e-44f1-a799-e00f349fe307,,,"ERROR: {'Error code': 429, 'Message': 'Unknown API error.', 'Data': 'Unknown API error.'}"
385f5b2e-ba5c-4cb9-a948-60b16bc0e653,,,"ERROR: {'Error code': 429, 'Message': 'Unknown API error.', 'Data': 'Unknown API error.'}"
3860c0be-b5a2-4abd-bb2c-019adf91f7f2,,,"ERROR: {'Error code': 429, 'Message': 'Unknown API error.', 'Data': 'Unknown API error.'}"
38626e66-84a0-4ce3-a644-2ec3a4d28c82,,,"ERROR: {'Error code': 429, 'Message': 'Unknown API error.', 'Data': 'Unknown API error.'}"
38633d31-79c1-4136-90d8-d133040d820d,,,"ERROR: {'Error code': 429, 'Message': 'Unknown API error.', 'Data': 'Unknown API error.'}"
38651e85-929e-41e4-85ec-ffff24f3aa70,,,"ERROR: {'Error code': 429, 'Message': 'Unknown API error.', 'Data': 'Unknown API error.'}"
386631be-755c-4347-96df-362b1faf7a48,,,"ERROR: {'Error code': 429, 'Message': 'Unknown API error.', 'Data': 'Unknown API error.'}"
38664beb-5d72-456f-92f7-450d541979d9,,,"ERROR: {'Error code': 429, 'Message': 'Unknown API error.', 'Data': 'Unknown API error.'}"
38693934-e8f4-49cf-96c4-7b8f22f05b89,,,"ERROR: {'Error code': 429, 'Message': 'Unknown API error.', 'Data': 'Unknown API error.'}"
386c3dd5-caa0-49f4-9fd1-1f12e60d43ae,,,"ERROR: {'Error code': 429, 'Message': 'Unknown API error.', 'Data': 'Unknown API error.'}"
386f4eaf-c4ee-47cf-94b3-2c1a7e35e6c2,,,"ERROR: {'Error code': 429, 'Message': 'Unknown API error.', 'Data': 'Unknown API error.'}"
38733078-e3b2-4817-9a86-64cae48a35fb,,,"ERROR: {'Error code': 429, 'Message': 'Unknown API error.', 'Data': 'Unknown API error.'}"
3874764b-4d15-4627-bf9c-a6c8a015fdf6,,,"ERROR: {'Error code': 429, 'Message': 'Unknown API error.', 'Data': 'Unknown API error.'}"
3875ed91-d4a6-4d82-83a6-f36db64af807,,,"ERROR: {'Error code': 429, 'Message': 'Unknown API error.', 'Data': 'Unknown API error.'}"
3875f90a-6b46-486a-b5b9-528dbe17ac12,,,"ERROR: {'Error code': 429, 'Message': 'Unknown API error.', 'Data': 'Unknown API error.'}"
38790022-b74f-4b20-a45f-f4ffe1f02c18,,,"ERROR: {'Error code': 429, 'Message': 'Unknown API error.', 'Data': 'Unknown API error.'}"
3881e9de-3974-4edc-94ba-740c9722a7a3,,,"ERROR: {'Error code': 429, 'Message': 'Unknown API error.', 'Data': 'Unknown API error.'}"
387b823a-b794-4a2b-89fb-549dbc5a1724,,,"ERROR: {'Error code': 429, 'Message': 'Unknown API error.', 'Data': 'Unknown API error.'}"
38821950-d1dd-4834-a33a-11fff5badb08,,,"ERROR: {'Error code': 429, 'Message': 'Unknown API error.', 'Data': 'Unknown API error.'}"
3881fab3-bad5-4fb4-8d68-0140c5f50b8e,,,"ERROR: {'Error code': 429, 'Message': 'Unknown API error.', 'Data': 'Unknown API error.'}"
388b4288-148b-4462-995c-66eebf13c8cc,,,"ERROR: {'Error code': 429, 'Message': 'Unknown API error.', 'Data': 'Unknown API error.'}"
3887f16e-d5ec-45e1-bab9-6e32945a1f2f,,,"ERROR: {'Error code': 429, 'Message': 'Unknown API error.', 'Data': 'Unknown API error.'}"
389323dc-d596-486b-ad4c-fe15e52b6a8b,,,"ERROR: {'Error code': 429, 'Message': 'Unknown API error.', 'Data': 'Unknown API error.'}"
38972ac9-dedd-4aa8-bd0e-5eb3c53b21b2,,,"ERROR: {'Error code': 429, 'Message': 'Unknown API error.', 'Data': 'Unknown API error.'}"
38997ff7-ea03-4177-9485-cac3e486da19,,,"ERROR: {'Error code': 429, 'Message': 'Unknown API error.', 'Data': 'Unknown API error.'}"
389d6ad7-ab4c-4adc-980d-c1bd74913b23,,,"ERROR: {'Error code': 429, 'Message': 'Unknown API error.', 'Data': 'Unknown API error.'}"
389fae50-94ae-4e3f-849c-56a98fceba4f,,,"ERROR: {'Error code': 429, 'Message': 'Unknown API error.', 'Data': 'Unknown API error.'}"
389e0dfe-c010-478b-af04-8a32fc85fd98,,,"ERROR: {'Error code': 429, 'Message': 'Unknown API error.', 'Data': 'Unknown API error.'}"
38a1e21b-4bf4-480f-b61e-1da8db10fe25,,,"ERROR: {'Error code': 429, 'Message': 'Unknown API error.', 'Data': 'Unknown API error.'}"
38a08452-7689-443d-b205-1f8ef06ab31b,,,"ERROR: {'Error code': 429, 'Message': 'Unknown API error.', 'Data': 'Unknown API error.'}"
38a4a5a2-5b06-4766-8c16-956098f4ed52,,,"ERROR: {'Error code': 429, 'Message': 'Unknown API error.', 'Data': 'Unknown API error.'}"
38a3c36e-a19a-4b79-ad8e-e0fa27968a25,,,"ERROR: {'Error code': 429, 'Message': 'Unknown API error.', 'Data': 'Unknown API error.'}"
38a58d7b-f68b-46d3-8c88-022e9ee6f1fb,,,"ERROR: {'Error code': 429, 'Message': 'Unknown API error.', 'Data': 'Unknown API error.'}"
38a605e9-4689-4092-9b2e-0015936970f5,,,"ERROR: {'Error code': 429, 'Message': 'Unknown API error.', 'Data': 'Unknown API error.'}"
3d577c5f-2273-478c-9bd1-d08df2c2f1f5,,,"ERROR: {'Error code': 429, 'Message': 'Unknown API error.', 'Data': 'Unknown API error.'}"
3d5b300c-a1fc-43a9-9752-670f0a387144,,,"ERROR: {'Error code': 429, 'Message': 'Unknown API error.', 'Data': 'Unknown API error.'}"
3d5eb13b-a211-48a0-a872-84fddd17d6c3,,,"ERROR: {'Error code': 429, 'Message': 'Unknown API error.', 'Data': 'Unknown API error.'}"
3d5fc4d7-7033-4651-b064-66f008225b89,,,"ERROR: {'Error code': 429, 'Message': 'Unknown API error.', 'Data': 'Unknown API error.'}"
3d6177e3-04b2-4ecf-804a-f37e41c40c2f,,,"ERROR: {'Error code': 429, 'Message': 'Unknown API error.', 'Data': 'Unknown API error.'}"
3d60962d-a141-4e21-aa9f-7bf84bae0b18,,,"ERROR: {'Error code': 429, 'Message': 'Unknown API error.', 'Data': 'Unknown API error.'}"
3d6692e0-a421-445a-8378-131f57e02925,,,"ERROR: {'Error code': 429, 'Message': 'Unknown API error.', 'Data': 'Unknown API error.'}"
3d63b4bd-8c85-4da1-baba-1fa08ab18aeb,,,"ERROR: {'Error code': 429, 'Message': 'Unknown API error.', 'Data': 'Unknown API error.'}"
3d6a3e9f-7ac7-4faa-9c4c-fb4b3a1b26ba,,,"ERROR: {'Error code': 429, 'Message': 'Unknown API error.', 'Data': 'Unknown API error.'}"
3d7569cf-c03a-4f0f-8485-0678ea1ad2ea,,,"ERROR: {'Error code': 429, 'Message': 'Unknown API error.', 'Data': 'Unknown API error.'}"
3d784cba-fb11-4666-9931-24da8ab22922,,,"ERROR: {'Error code': 429, 'Message': 'Unknown API error.', 'Data': 'Unknown API error.'}"
3d78ead1-e989-4fe1-93b3-c8ec6aeee563,,,"ERROR: {'Error code': 429, 'Message': 'Unknown API error.', 'Data': 'Unknown API error.'}"
3d7fe8f2-a322-4585-a1c6-1a8a764b7063,,,"ERROR: {'Error code': 429, 'Message': 'Unknown API error.', 'Data': 'Unknown API error.'}"
3d7d8de4-f128-47a2-a48f-e03d290759a7,,,"ERROR: {'Error code': 429, 'Message': 'Unknown API error.', 'Data': 'Unknown API error.'}"
3d87b6d1-5588-4c72-a96a-2389820d1fe3,,,"ERROR: {'Error code': 429, 'Message': 'Unknown API error.', 'Data': 'Unknown API error.'}"
3d80dd86-3d24-4eb3-a663-4db4c007caea,,,"ERROR: {'Error code': 429, 'Message': 'Unknown API error.', 'Data': 'Unknown API error.'}"
3d88f68a-a630-4b67-bfd6-c88e178d3f9e,,,"ERROR: {'Error code': 429, 'Message': 'Unknown API error.', 'Data': 'Unknown API error.'}"
3d8990e7-55fb-4999-8a9d-1190be3ba3a6,,,"ERROR: {'Error code': 429, 'Message': 'Unknown API error.', 'Data': 'Unknown API error.'}"
3d8aa81d-bde4-4b8a-9503-79f2fe9dfd19,,,"ERROR: {'Error code': 429, 'Message': 'Unknown API error.', 'Data': 'Unknown API error.'}"
3d8b0138-006e-4f75-9f1a-31abf3693437,,,"ERROR: {'Error code': 429, 'Message': 'Unknown API error.', 'Data': 'Unknown API error.'}"
3d8f57f9-16fb-4d0d-8218-9d121255dada,,,"ERROR: {'Error code': 429, 'Message': 'Unknown API error.', 'Data': 'Unknown API error.'}"
3d8ca056-0e6f-43f9-a192-232b3b1dca69,,,"ERROR: {'Error code': 429, 'Message': 'Unknown API error.', 'Data': 'Unknown API error.'}"
3d8f93a9-7902-43be-bf4c-239ec5819631,,,"ERROR: {'Error code': 429, 'Message': 'Unknown API error.', 'Data': 'Unknown API error.'}"
3d909952-6098-497b-b1f9-50db170ad344,,,"ERROR: {'Error code': 429, 'Message': 'Unknown API error.', 'Data': 'Unknown API error.'}"
3d9b0514-671b-4969-98c4-a508e10f892e,,,"ERROR: {'Error code': 429, 'Message': 'Unknown API error.', 'Data': 'Unknown API error.'}"
3d969896-b11e-4ca0-9937-0b10efe41af2,,,"ERROR: {'Error code': 429, 'Message': 'Unknown API error.', 'Data': 'Unknown API error.'}"
3d9b34c2-25db-4a19-91f2-5bd950ff1606,,,"ERROR: {'Error code': 429, 'Message': 'Unknown API error.', 'Data': 'Unknown API error.'}"
3d9bcdf4-37fb-49ae-9451-4ccb6c4a8cd3,,,"ERROR: {'Error code': 429, 'Message': 'Unknown API error.', 'Data': 'Unknown API error.'}"
3d9c598c-bbf3-45da-bca6-3d2eaf634832,,,"ERROR: {'Error code': 429, 'Message': 'Unknown API error.', 'Data': 'Unknown API error.'}"
3d9ca46c-2215-4964-a2e0-e735db8adb6f,,,"ERROR: {'Error code': 429, 'Message': 'Unknown API error.', 'Data': 'Unknown API error.'}"
3d9cb1d0-eadd-4e77-84fd-8ecd78ba6337,,,"ERROR: {'Error code': 429, 'Message': 'Unknown API error.', 'Data': 'Unknown API error.'}"
3d9caa1b-024a-4c7d-a0dd-6be7e3b0e766,,,"ERROR: {'Error code': 429, 'Message': 'Unknown API error.', 'Data': 'Unknown API error.'}"
3d9f21f7-b5f9-410a-ade4-35bc8ae8653f,,,"ERROR: {'Error code': 429, 'Message': 'Unknown API error.', 'Data': 'Unknown API error.'}"
3d9e87cb-b382-43c0-b9e7-06d241f996a9,,,"ERROR: {'Error code': 429, 'Message': 'Unknown API error.', 'Data': 'Unknown API error.'}"
3da30a8c-c332-4569-856a-d788e883686e,,,"ERROR: {'Error code': 429, 'Message': 'Unknown API error.', 'Data': 'Unknown API error.'}"
3da5f9bf-6ae9-4147-85c5-83de9645da6c,,,"ERROR: {'Error code': 429, 'Message': 'Unknown API error.', 'Data': 'Unknown API error.'}"
3da67844-3afd-40f7-ab77-48f3c928744a,,,"ERROR: {'Error code': 429, 'Message': 'Unknown API error.', 'Data': 'Unknown API error.'}"
3da8ead1-4c12-4774-bd16-abf4859c6797,,,"ERROR: {'Error code': 429, 'Message': 'Unknown API error.', 'Data': 'Unknown API error.'}"
3dabe646-d4a1-467f-8052-e6fc78816677,,,"ERROR: {'Error code': 429, 'Message': 'Unknown API error.', 'Data': 'Unknown API error.'}"
3dacbc68-74f0-4407-bc75-e759b240aa38,,,"ERROR: {'Error code': 429, 'Message': 'Unknown API error.', 'Data': 'Unknown API error.'}"
3dae6c02-48b4-4399-8cc0-2429058f10f5,,,"ERROR: {'Error code': 429, 'Message': 'Unknown API error.', 'Data': 'Unknown API error.'}"
3dad5c9f-9a92-4d22-b028-07da1c01618e,,,"ERROR: {'Error code': 429, 'Message': 'Unknown API error.', 'Data': 'Unknown API error.'}"
3db19974-4340-4c38-9681-c03b8424df28,,,"ERROR: {'Error code': 429, 'Message': 'Unknown API error.', 'Data': 'Unknown API error.'}"
3db0e9fa-6ed5-4d54-834e-afd9f65e2ed3,,,"ERROR: {'Error code': 429, 'Message': 'Unknown API error.', 'Data': 'Unknown API error.'}"
3dbbcb66-e24d-4afe-a1ab-0aa88d187cb5,,,"ERROR: {'Error code': 429, 'Message': 'Unknown API error.', 'Data': 'Unknown API error.'}"
3db9068c-0646-42a5-94e8-dc3e101dcc2d,,,"ERROR: {'Error code': 429, 'Message': 'Unknown API error.', 'Data': 'Unknown API error.'}"
3dbd275f-5b03-47ff-9c6c-d87b05df6b84,,,"ERROR: {'Error code': 429, 'Message': 'Unknown API error.', 'Data': 'Unknown API error.'}"
3dc071e8-c9ac-4075-9e74-74889df37b3a,,,"ERROR: {'Error code': 429, 'Message': 'Unknown API error.', 'Data': 'Unknown API error.'}"
4254b216-4c50-4549-9288-2cb15ab9f315,,,"ERROR: {'Error code': 429, 'Message': 'Unknown API error.', 'Data': 'Unknown API error.'}"
3dc12c1d-f8e5-4eef-832c-7fa60a37f5b3,,,"ERROR: {'Error code': 429, 'Message': 'Unknown API error.', 'Data': 'Unknown API error.'}"
4256c387-80de-47b6-8c77-93582f18ef4b,,,"ERROR: {'Error code': 429, 'Message': 'Unknown API error.', 'Data': 'Unknown API error.'}"
42575460-7223-479d-ba11-d7bdaae9df77,,,"ERROR: {'Error code': 429, 'Message': 'Unknown API error.', 'Data': 'Unknown API error.'}"
4259b2ac-27b7-47b1-bbc4-8113688d1086,,,"ERROR: {'Error code': 429, 'Message': 'Unknown API error.', 'Data': 'Unknown API error.'}"
425eaa4d-6adb-4e20-b883-6bd97b7be3ff,,,"ERROR: {'Error code': 429, 'Message': 'Unknown API error.', 'Data': 'Unknown API error.'}"
426176c9-fa07-4f6a-b15a-d62d95f9049a,,,"ERROR: {'Error code': 429, 'Message': 'Unknown API error.', 'Data': 'Unknown API error.'}"
4261ac2a-7a6f-4cfa-ad40-24023ec1e732,,,"ERROR: {'Error code': 429, 'Message': 'Unknown API error.', 'Data': 'Unknown API error.'}"
426280ad-a16d-41d1-a7fa-5ca3359be2bc,,,"ERROR: {'Error code': 429, 'Message': 'Unknown API error.', 'Data': 'Unknown API error.'}"
4264c162-5523-45f7-a538-2468bfad6f03,,,"ERROR: {'Error code': 429, 'Message': 'Unknown API error.', 'Data': 'Unknown API error.'}"
426704ad-8c06-4fac-967d-ef4b4386e0d2,,,"ERROR: {'Error code': 429, 'Message': 'Unknown API error.', 'Data': 'Unknown API error.'}"
4264df8a-1710-4644-96d1-4c862d9bc26f,,,"ERROR: {'Error code': 429, 'Message': 'Unknown API error.', 'Data': 'Unknown API error.'}"
42685180-3eab-4ca3-af46-682aa12e1b2c,,,"ERROR: {'Error code': 429, 'Message': 'Unknown API error.', 'Data': 'Unknown API error.'}"
426821e0-74d6-44f9-bd5b-8eb20af74144,,,"ERROR: {'Error code': 429, 'Message': 'Unknown API error.', 'Data': 'Unknown API error.'}"
426c5333-05f8-4586-a500-e267fc791f5b,,,"ERROR: {'Error code': 429, 'Message': 'Unknown API error.', 'Data': 'Unknown API error.'}"
426ef9d9-e7f0-47a1-b597-e0695d46b0fe,,,"ERROR: {'Error code': 429, 'Message': 'Unknown API error.', 'Data': 'Unknown API error.'}"
426f9123-73d0-4355-9996-604c20d47bc3,,,"ERROR: {'Error code': 429, 'Message': 'Unknown API error.', 'Data': 'Unknown API error.'}"
427657ea-68d6-4ca0-8cc5-66633fed45cb,,,"ERROR: {'Error code': 429, 'Message': 'Unknown API error.', 'Data': 'Unknown API error.'}"
4281984e-9cf2-43d6-9778-7711b2a9bc59,,,"ERROR: {'Error code': 429, 'Message': 'Unknown API error.', 'Data': 'Unknown API error.'}"
42791015-d238-4fe9-9af6-1f49908d3f81,,,"ERROR: {'Error code': 429, 'Message': 'Unknown API error.', 'Data': 'Unknown API error.'}"
42836403-67dd-4735-add8-4f6c45969230,,,"ERROR: {'Error code': 429, 'Message': 'Unknown API error.', 'Data': 'Unknown API error.'}"
4286cde7-939f-4c29-bcc1-0cc73ed1e5cf,,,"ERROR: {'Error code': 429, 'Message': 'Unknown API error.', 'Data': 'Unknown API error.'}"
42882bdb-f108-44b6-a7eb-e6bfcc70816a,,,"ERROR: {'Error code': 429, 'Message': 'Unknown API error.', 'Data': 'Unknown API error.'}"
428ad889-f745-4eba-8bc3-8c0c7fb75987,,,"ERROR: {'Error code': 429, 'Message': 'Unknown API error.', 'Data': 'Unknown API error.'}"
4290eb6f-4254-4701-9f4e-0ef98cc89e41,,,"ERROR: {'Error code': 429, 'Message': 'Unknown API error.', 'Data': 'Unknown API error.'}"
428de9ae-babc-464f-8413-cb356355cc75,,,"ERROR: {'Error code': 429, 'Message': 'Unknown API error.', 'Data': 'Unknown API error.'}"
4293c032-e0f7-42c5-be55-f33e8acb8c9c,,,"ERROR: {'Error code': 429, 'Message': 'Unknown API error.', 'Data': 'Unknown API error.'}"
4293dd0b-4bfe-435d-85dd-7c13c0759ab8,,,"ERROR: {'Error code': 429, 'Message': 'Unknown API error.', 'Data': 'Unknown API error.'}"
429c8f70-9f58-4147-94c7-f51786c5ec25,,,"ERROR: {'Error code': 429, 'Message': 'Unknown API error.', 'Data': 'Unknown API error.'}"
429e395b-1d3b-46a4-851f-a696436c6b80,,,"ERROR: {'Error code': 429, 'Message': 'Unknown API error.', 'Data': 'Unknown API error.'}"
42a99d15-49a1-4db9-a2d0-45a841468969,,,"ERROR: {'Error code': 429, 'Message': 'Unknown API error.', 'Data': 'Unknown API error.'}"
42a9b9ca-29ff-4001-9423-6c12ace74ca1,,,"ERROR: {'Error code': 429, 'Message': 'Unknown API error.', 'Data': 'Unknown API error.'}"
42aeedbd-d205-40f3-af47-c3bf31748a63,,,"ERROR: {'Error code': 429, 'Message': 'Unknown API error.', 'Data': 'Unknown API error.'}"
42afee7f-a38f-493b-a1c4-e1f7ff222f38,,,"ERROR: {'Error code': 429, 'Message': 'Unknown API error.', 'Data': 'Unknown API error.'}"
42b43768-dee7-4221-9a10-87a93094335b,,,"ERROR: {'Error code': 429, 'Message': 'Unknown API error.', 'Data': 'Unknown API error.'}"
42b50e4b-58f4-4548-b861-86703e2297ad,,,"ERROR: {'Error code': 429, 'Message': 'Unknown API error.', 'Data': 'Unknown API error.'}"
42bdf0ba-e509-4ef3-a1a8-ab501840ddf1,,,"ERROR: {'Error code': 429, 'Message': 'Unknown API error.', 'Data': 'Unknown API error.'}"
42bdb896-9259-4c61-ad2d-7c86b3035e6f,,,"ERROR: {'Error code': 429, 'Message': 'Unknown API error.', 'Data': 'Unknown API error.'}"
42c1aac3-57b4-442d-bf31-95ed5a8eed2a,,,"ERROR: {'Error code': 429, 'Message': 'Unknown API error.', 'Data': 'Unknown API error.'}"
42bfa6bb-63fb-420f-8090-8785d43892b3,,,"ERROR: {'Error code': 429, 'Message': 'Unknown API error.', 'Data': 'Unknown API error.'}"
42c4d994-fd32-46c1-8099-3b39ea5eb532,,,"ERROR: {'Error code': 429, 'Message': 'Unknown API error.', 'Data': 'Unknown API error.'}"
42c3515a-c750-41e2-ad73-ed20f5dc9246,,,"ERROR: {'Error code': 429, 'Message': 'Unknown API error.', 'Data': 'Unknown API error.'}"
42c91a83-5629-434f-8bd2-1f4fbc2327e5,,,"ERROR: {'Error code': 429, 'Message': 'Unknown API error.', 'Data': 'Unknown API error.'}"
42c72acb-cc68-4619-a0b7-0da47540a38c,,,"ERROR: {'Error code': 429, 'Message': 'Unknown API error.', 'Data': 'Unknown API error.'}"
47649aac-2901-441b-bf7b-82fdaca8cb20,,,"ERROR: {'Error code': 429, 'Message': 'Unknown API error.', 'Data': 'Unknown API error.'}"
47655aa4-a51a-46e8-b8e6-489b3ad63c59,,,"ERROR: {'Error code': 429, 'Message': 'Unknown API error.', 'Data': 'Unknown API error.'}"
47657d43-e74b-4798-ab2f-371d3157e321,,,"ERROR: {'Error code': 429, 'Message': 'Unknown API error.', 'Data': 'Unknown API error.'}"
4767370f-2c13-4d29-a32f-e184e41f5c8f,,,"ERROR: {'Error code': 429, 'Message': 'Unknown API error.', 'Data': 'Unknown API error.'}"
47736c94-2f9f-44c8-ab9d-57228277436b,,,"ERROR: {'Error code': 429, 'Message': 'Unknown API error.', 'Data': 'Unknown API error.'}"
4769afab-af44-4b3d-8713-e93890dbf9cf,,,"ERROR: {'Error code': 429, 'Message': 'Unknown API error.', 'Data': 'Unknown API error.'}"
4778b201-e8d1-4fea-8de9-7178f264808d,,,"ERROR: {'Error code': 429, 'Message': 'Unknown API error.', 'Data': 'Unknown API error.'}"
477509dc-ffcd-4d55-96ce-97369bb5f99f,,,"ERROR: {'Error code': 429, 'Message': 'Unknown API error.', 'Data': 'Unknown API error.'}"
4779f6d8-d68d-4dff-9d85-2f91dcc974c8,,,"ERROR: {'Error code': 429, 'Message': 'Unknown API error.', 'Data': 'Unknown API error.'}"
477e9be1-0be4-4873-9bcf-baae1111f672,,,"ERROR: {'Error code': 429, 'Message': 'Unknown API error.', 'Data': 'Unknown API error.'}"
4785226d-4e21-451e-808c-30518d14f77d,,,"ERROR: {'Error code': 429, 'Message': 'Unknown API error.', 'Data': 'Unknown API error.'}"
478d42ba-0488-48de-ae66-3c3610ac5887,,,"ERROR: {'Error code': 429, 'Message': 'Unknown API error.', 'Data': 'Unknown API error.'}"
479390b7-c542-4771-b1ff-17dd9e818ffe,,,"ERROR: {'Error code': 429, 'Message': 'Unknown API error.', 'Data': 'Unknown API error.'}"
47963945-21ff-48f1-9026-daf9a11f1408,,,"ERROR: {'Error code': 429, 'Message': 'Unknown API error.', 'Data': 'Unknown API error.'}"
4796e2ac-f887-4d42-99b3-55d6a6fd0ee2,,,"ERROR: {'Error code': 429, 'Message': 'Unknown API error.', 'Data': 'Unknown API error.'}"
4798fc4f-6429-4d4d-b726-fb4be9237ae3,,,"ERROR: {'Error code': 429, 'Message': 'Unknown API error.', 'Data': 'Unknown API error.'}"
479916a0-89bf-4214-abaf-2fd254161e3f,,,"ERROR: {'Error code': 429, 'Message': 'Unknown API error.', 'Data': 'Unknown API error.'}"
479aa511-4989-46ec-af84-2d38791a97bb,,,"ERROR: {'Error code': 429, 'Message': 'Unknown API error.', 'Data': 'Unknown API error.'}"
479bc29d-33f1-449a-87b1-a5e945792885,,,"ERROR: {'Error code': 429, 'Message': 'Unknown API error.', 'Data': 'Unknown API error.'}"
479f66f8-071b-4c62-97f4-05d8eb3e4f32,,,"ERROR: {'Error code': 429, 'Message': 'Unknown API error.', 'Data': 'Unknown API error.'}"
47a699da-8c73-40e2-9d54-b8a319bfaf2d,,,"ERROR: {'Error code': 429, 'Message': 'Unknown API error.', 'Data': 'Unknown API error.'}"
47a3ee53-0ba8-4d3e-9b8a-2affe7dd851c,,,"ERROR: {'Error code': 429, 'Message': 'Unknown API error.', 'Data': 'Unknown API error.'}"
47af0ef3-8715-46cb-be5a-3668347ebf76,,,"ERROR: {'Error code': 429, 'Message': 'Unknown API error.', 'Data': 'Unknown API error.'}"
47b368ec-64bd-4f77-b63e-f9fb68f87856,,,"ERROR: {'Error code': 429, 'Message': 'Unknown API error.', 'Data': 'Unknown API error.'}"
47b77da2-fe5b-45c8-b1db-a0b0edec3caa,,,"ERROR: {'Error code': 429, 'Message': 'Unknown API error.', 'Data': 'Unknown API error.'}"
47b57810-da97-41e2-8064-60c3bf46097c,,,"ERROR: {'Error code': 429, 'Message': 'Unknown API error.', 'Data': 'Unknown API error.'}"
47b842ba-01bf-4014-b664-7abe85e294da,,,"ERROR: {'Error code': 429, 'Message': 'Unknown API error.', 'Data': 'Unknown API error.'}"
47b8f9ed-7552-44d5-adb5-d0162f65b025,,,"ERROR: {'Error code': 429, 'Message': 'Unknown API error.', 'Data': 'Unknown API error.'}"
47c081fc-f686-4032-a105-aa4357b9b2ce,,,"ERROR: {'Error code': 429, 'Message': 'Unknown API error.', 'Data': 'Unknown API error.'}"
47bb3758-6d38-4c01-b9e3-660b6126d189,,,"ERROR: {'Error code': 429, 'Message': 'Unknown API error.', 'Data': 'Unknown API error.'}"
47c9e80f-14c4-48e1-bacf-03828da0629b,,,"ERROR: {'Error code': 429, 'Message': 'Unknown API error.', 'Data': 'Unknown API error.'}"
47c0a329-2f28-47bd-86fc-248dff909a69,,,"ERROR: {'Error code': 429, 'Message': 'Unknown API error.', 'Data': 'Unknown API error.'}"
47cb6a32-9d6c-4e25-b9b1-15348026f164,,,"ERROR: {'Error code': 429, 'Message': 'Unknown API error.', 'Data': 'Unknown API error.'}"
47cd5bd9-7e87-4924-bfdd-193fbb449b75,,,"ERROR: {'Error code': 429, 'Message': 'Unknown API error.', 'Data': 'Unknown API error.'}"
47d38dae-e80b-4aa1-97da-663f9c75abdb,,,"ERROR: {'Error code': 429, 'Message': 'Unknown API error.', 'Data': 'Unknown API error.'}"
47d55dd0-d0f5-45e8-a444-30dbfd0daf5d,,,"ERROR: {'Error code': 429, 'Message': 'Unknown API error.', 'Data': 'Unknown API error.'}"
47d71810-0118-4c47-b293-1abfbce3f536,,,"ERROR: {'Error code': 429, 'Message': 'Unknown API error.', 'Data': 'Unknown API error.'}"
47db9e75-b5ed-433a-85a8-34577680d136,,,"ERROR: {'Error code': 429, 'Message': 'Unknown API error.', 'Data': 'Unknown API error.'}"
47df7994-ec82-4964-9c61-a6e5eade1554,,,"ERROR: {'Error code': 429, 'Message': 'Unknown API error.', 'Data': 'Unknown API error.'}"
47dc4b9e-d800-4f53-9b89-a252a47c8ae5,,,"ERROR: {'Error code': 429, 'Message': 'Unknown API error.', 'Data': 'Unknown API error.'}"
47e1384d-9ddb-4d52-87e9-eff43b2b1848,,,"ERROR: {'Error code': 429, 'Message': 'Unknown API error.', 'Data': 'Unknown API error.'}"
47dfc286-8998-44c8-a6c9-64d481c9e2f8,,,"ERROR: {'Error code': 429, 'Message': 'Unknown API error.', 'Data': 'Unknown API error.'}"
4c94ebe2-46c3-4a22-83da-5629605987ea,,,"ERROR: {'Error code': 429, 'Message': 'Unknown API error.', 'Data': 'Unknown API error.'}"
47e24a28-cb59-4f94-94ae-6d62effb28e0,,,"ERROR: {'Error code': 429, 'Message': 'Unknown API error.', 'Data': 'Unknown API error.'}"
4c993351-b261-4b8e-a0a6-eab54fbe9a54,,,"ERROR: {'Error code': 429, 'Message': 'Unknown API error.', 'Data': 'Unknown API error.'}"
4c984238-a459-481a-9b29-3030bc0d0c25,,,"ERROR: {'Error code': 429, 'Message': 'Unknown API error.', 'Data': 'Unknown API error.'}"
4c9a62ab-9538-4450-99d6-29475c48a3d8,,,"ERROR: {'Error code': 429, 'Message': 'Unknown API error.', 'Data': 'Unknown API error.'}"
4c9c26bf-0698-40f6-8258-55c44d040042,,,"ERROR: {'Error code': 429, 'Message': 'Unknown API error.', 'Data': 'Unknown API error.'}"
4ca7db90-555e-4f59-b0a0-c412548ed380,,,"ERROR: {'Error code': 429, 'Message': 'Unknown API error.', 'Data': 'Unknown API error.'}"
4ca2300f-c89a-4f7f-af52-12d7cbfb65e8,,,"ERROR: {'Error code': 429, 'Message': 'Unknown API error.', 'Data': 'Unknown API error.'}"
4ca9e689-99e6-4eed-b088-cbb9d650197a,,,"ERROR: {'Error code': 429, 'Message': 'Unknown API error.', 'Data': 'Unknown API error.'}"
4caa97cf-6bf5-4c2d-9aed-98c91dc6b1bb,,,"ERROR: {'Error code': 429, 'Message': 'Unknown API error.', 'Data': 'Unknown API error.'}"
4caefb63-ab41-4c62-a87c-bfabc46b3ade,,,"ERROR: {'Error code': 429, 'Message': 'Unknown API error.', 'Data': 'Unknown API error.'}"
4cabbb30-d6fd-4c9e-b950-c6875759680f,,,"ERROR: {'Error code': 429, 'Message': 'Unknown API error.', 'Data': 'Unknown API error.'}"
4cb39128-7633-4091-8ea5-02cbbb04f2c1,,,"ERROR: {'Error code': 429, 'Message': 'Unknown API error.', 'Data': 'Unknown API error.'}"
4cb82275-f157-4271-bbbc-0b389ad3d05f,,,"ERROR: {'Error code': 429, 'Message': 'Unknown API error.', 'Data': 'Unknown API error.'}"
4cb96699-5082-428e-91e8-1dfe2bde2032,,,"ERROR: {'Error code': 429, 'Message': 'Unknown API error.', 'Data': 'Unknown API error.'}"
4cc27c21-b3de-4ccd-96d4-e7f95239caf0,,,"ERROR: {'Error code': 429, 'Message': 'Unknown API error.', 'Data': 'Unknown API error.'}"
4ccc8a76-faa6-45b3-a79b-d660d3e6d954,,,"ERROR: {'Error code': 429, 'Message': 'Unknown API error.', 'Data': 'Unknown API error.'}"
4ccdfdbd-dfa7-4d27-9710-cd2c35bb9ff1,,,"ERROR: {'Error code': 429, 'Message': 'Unknown API error.', 'Data': 'Unknown API error.'}"
4cce6847-61b4-4d39-b8b4-8ac87394c504,,,"ERROR: {'Error code': 429, 'Message': 'Unknown API error.', 'Data': 'Unknown API error.'}"
4ccf49be-18b4-495d-a0c8-0c584a9228f6,,,"ERROR: {'Error code': 429, 'Message': 'Unknown API error.', 'Data': 'Unknown API error.'}"
4cd1c27b-841e-471a-8c0d-e0e7a52560fd,,,"ERROR: {'Error code': 429, 'Message': 'Unknown API error.', 'Data': 'Unknown API error.'}"
4cd39a28-6779-45d5-ab76-effe755ba195,,,"ERROR: {'Error code': 429, 'Message': 'Unknown API error.', 'Data': 'Unknown API error.'}"
4cd41fcf-2d54-45fd-bab5-5b2d0bb77af1,,,"ERROR: {'Error code': 429, 'Message': 'Unknown API error.', 'Data': 'Unknown API error.'}"
4cd53afd-c92a-4fef-ab37-0a443f089ef2,,,"ERROR: {'Error code': 429, 'Message': 'Unknown API error.', 'Data': 'Unknown API error.'}"
4cdb4dfe-d3ae-4c9b-9289-c4c9e2d44702,,,"ERROR: {'Error code': 429, 'Message': 'Unknown API error.', 'Data': 'Unknown API error.'}"
4cdba1f5-7f2b-4f4b-8040-dd4f54a4c2fc,,,"ERROR: {'Error code': 429, 'Message': 'Unknown API error.', 'Data': 'Unknown API error.'}"
4cdc0db1-6aac-4cd2-bb34-364b9c68f816,,,"ERROR: {'Error code': 429, 'Message': 'Unknown API error.', 'Data': 'Unknown API error.'}"
4cdd9c86-ce9d-4c2d-8710-5310e1430f79,,,"ERROR: {'Error code': 429, 'Message': 'Unknown API error.', 'Data': 'Unknown API error.'}"
4cde0892-11b3-4a4f-bddf-da953e59c503,,,"ERROR: {'Error code': 429, 'Message': 'Unknown API error.', 'Data': 'Unknown API error.'}"
4cdf4fa6-27b3-43ff-9c12-de2ddf7280ad,,,"ERROR: {'Error code': 429, 'Message': 'Unknown API error.', 'Data': 'Unknown API error.'}"
4ce1367a-4d00-4394-91b9-ee5d8d45a119,,,"ERROR: {'Error code': 429, 'Message': 'Unknown API error.', 'Data': 'Unknown API error.'}"
4ceb5c23-8eea-4b95-9425-64ffa3b317b5,,,"ERROR: {'Error code': 429, 'Message': 'Unknown API error.', 'Data': 'Unknown API error.'}"
4cec1de2-afc3-492a-a2a2-ba54d95a63e7,,,"ERROR: {'Error code': 429, 'Message': 'Unknown API error.', 'Data': 'Unknown API error.'}"
4cecb47e-68c6-4d42-80f0-e76ffa2fd124,,,"ERROR: {'Error code': 429, 'Message': 'Unknown API error.', 'Data': 'Unknown API error.'}"
4cf4d105-808d-4448-b9e9-7878dc3d2563,,,"ERROR: {'Error code': 429, 'Message': 'Unknown API error.', 'Data': 'Unknown API error.'}"
4cece2a4-768c-4526-8bea-1624626dcbf0,,,"ERROR: {'Error code': 429, 'Message': 'Unknown API error.', 'Data': 'Unknown API error.'}"
4cfe1acf-9e4a-4c93-9c42-a7c020e12076,,,"ERROR: {'Error code': 429, 'Message': 'Unknown API error.', 'Data': 'Unknown API error.'}"
4cfa0b42-d042-4fd1-b924-8592677fc873,,,"ERROR: {'Error code': 429, 'Message': 'Unknown API error.', 'Data': 'Unknown API error.'}"
4cfec5a0-f3a9-4e8e-bd01-fbb7c8dfb58f,,,"ERROR: {'Error code': 429, 'Message': 'Unknown API error.', 'Data': 'Unknown API error.'}"
4d00d3de-e932-41ad-a4ce-60fc481c20a2,,,"ERROR: {'Error code': 429, 'Message': 'Unknown API error.', 'Data': 'Unknown API error.'}"
4d0112fa-dd34-453e-b4b6-0a95f8494e97,,,"ERROR: {'Error code': 429, 'Message': 'Unknown API error.', 'Data': 'Unknown API error.'}"
4d01af52-171f-4e41-a4ee-f1112c7640ec,,,"ERROR: {'Error code': 429, 'Message': 'Unknown API error.', 'Data': 'Unknown API error.'}"
4d0a846f-cfb5-403b-b8d6-a4a1063083c8,,,"ERROR: {'Error code': 429, 'Message': 'Unknown API error.', 'Data': 'Unknown API error.'}"
4d0f56df-9dc1-41bb-8f3e-7294487655fe,,,"ERROR: {'Error code': 429, 'Message': 'Unknown API error.', 'Data': 'Unknown API error.'}"
4d112d14-5be1-48f4-aa09-3c1a381d4282,,,"ERROR: {'Error code': 429, 'Message': 'Unknown API error.', 'Data': 'Unknown API error.'}"
4d16397b-1dcd-4b1c-884f-dc604545681d,,,"ERROR: {'Error code': 429, 'Message': 'Unknown API error.', 'Data': 'Unknown API error.'}"
51bd1bdf-b454-4d6b-96f7-dc8c2e51f50a,,,"ERROR: {'Error code': 429, 'Message': 'Unknown API error.', 'Data': 'Unknown API error.'}"
51bed576-39ba-4d45-ac4e-69e2766532cb,,,"ERROR: {'Error code': 429, 'Message': 'Unknown API error.', 'Data': 'Unknown API error.'}"
51c57019-40fe-4f3e-bf53-9ae939717a93,,,"ERROR: {'Error code': 429, 'Message': 'Unknown API error.', 'Data': 'Unknown API error.'}"
51bfdd76-2dc0-46b6-9934-955855e3d7f3,,,"ERROR: {'Error code': 429, 'Message': 'Unknown API error.', 'Data': 'Unknown API error.'}"
51cb70c7-2d07-4917-8cbb-1fcc8ba476d7,,,"ERROR: {'Error code': 429, 'Message': 'Unknown API error.', 'Data': 'Unknown API error.'}"
51c8eb9f-e0b4-46ee-85ae-3163715bb458,,,"ERROR: {'Error code': 429, 'Message': 'Unknown API error.', 'Data': 'Unknown API error.'}"
51cdb2fd-c396-4954-a9da-8bbaec960179,,,"ERROR: {'Error code': 429, 'Message': 'Unknown API error.', 'Data': 'Unknown API error.'}"
51cf051f-ec3b-43cf-bb58-6c730a71577f,,,"ERROR: {'Error code': 429, 'Message': 'Unknown API error.', 'Data': 'Unknown API error.'}"
51d07e4c-93aa-47ce-adbd-1fb8f7bb3ea9,,,"ERROR: {'Error code': 429, 'Message': 'Unknown API error.', 'Data': 'Unknown API error.'}"
51d5f14e-8093-41d1-997d-62dc754a3a4c,,,"ERROR: {'Error code': 429, 'Message': 'Unknown API error.', 'Data': 'Unknown API error.'}"
51d87dd9-66bd-4ed7-b3ac-3884c9668c0e,,,"ERROR: {'Error code': 429, 'Message': 'Unknown API error.', 'Data': 'Unknown API error.'}"
51d83a3d-f3e4-4003-9ea9-835ee6d5f1e0,,,"ERROR: {'Error code': 429, 'Message': 'Unknown API error.', 'Data': 'Unknown API error.'}"
51ddd546-52e3-49e1-8570-dd2aa6fe679c,,,"ERROR: {'Error code': 429, 'Message': 'Unknown API error.', 'Data': 'Unknown API error.'}"
51d98fc4-9012-4e48-ae89-b03b8651499e,,,"ERROR: {'Error code': 429, 'Message': 'Unknown API error.', 'Data': 'Unknown API error.'}"
51e116c6-7784-4aff-8a3a-33e7d2a9d136,,,"ERROR: {'Error code': 429, 'Message': 'Unknown API error.', 'Data': 'Unknown API error.'}"
51e9bb86-d73c-4ff8-9d5c-9aa37a39d29a,,,"ERROR: {'Error code': 429, 'Message': 'Unknown API error.', 'Data': 'Unknown API error.'}"
51eda306-402b-4a87-ae0c-3f967a90617d,,,"ERROR: {'Error code': 429, 'Message': 'Unknown API error.', 'Data': 'Unknown API error.'}"
51eeda46-6b1c-4218-8215-9210bc47a409,,,"ERROR: {'Error code': 429, 'Message': 'Unknown API error.', 'Data': 'Unknown API error.'}"
51f07676-8754-451e-aee4-b92697848e4e,,,"ERROR: {'Error code': 429, 'Message': 'Unknown API error.', 'Data': 'Unknown API error.'}"
51f4ad79-e171-4a85-ac92-b8889ea95d8e,,,"ERROR: {'Error code': 429, 'Message': 'Unknown API error.', 'Data': 'Unknown API error.'}"
51f5e471-34f7-4a34-ad5f-ac6b04f493cc,,,"ERROR: {'Error code': 429, 'Message': 'Unknown API error.', 'Data': 'Unknown API error.'}"
51f6ab10-b3cb-4b6c-93d6-e7df684e80a1,,,"ERROR: {'Error code': 429, 'Message': 'Unknown API error.', 'Data': 'Unknown API error.'}"
52035656-ec8e-4494-b74c-092f7c67dfe5,,,"ERROR: {'Error code': 429, 'Message': 'Unknown API error.', 'Data': 'Unknown API error.'}"
51fe573b-dfc0-4d64-aaab-65e504a66c38,,,"ERROR: {'Error code': 429, 'Message': 'Unknown API error.', 'Data': 'Unknown API error.'}"
5205817a-1e65-4d7d-90b4-1c6a9142ae44,,,"ERROR: {'Error code': 429, 'Message': 'Unknown API error.', 'Data': 'Unknown API error.'}"
5204e1fe-69ff-4e23-8595-b50ac5387513,,,"ERROR: {'Error code': 429, 'Message': 'Unknown API error.', 'Data': 'Unknown API error.'}"
5205f627-3237-455f-b858-fb50a976c372,,,"ERROR: {'Error code': 429, 'Message': 'Unknown API error.', 'Data': 'Unknown API error.'}"
520e791f-a0fe-4cbb-8e43-c79d2ab963ee,,,"ERROR: {'Error code': 429, 'Message': 'Unknown API error.', 'Data': 'Unknown API error.'}"
5211b95a-f73b-4797-8e0a-dbbbee2c5e42,,,"ERROR: {'Error code': 429, 'Message': 'Unknown API error.', 'Data': 'Unknown API error.'}"
52162a6e-0f2f-4c8d-80a2-a76af027fac5,,,"ERROR: {'Error code': 429, 'Message': 'Unknown API error.', 'Data': 'Unknown API error.'}"
52188926-1266-4935-9179-10261c41b73b,,,"ERROR: {'Error code': 429, 'Message': 'Unknown API error.', 'Data': 'Unknown API error.'}"
52181da1-297a-468f-ab73-6cc409956186,,,"ERROR: {'Error code': 429, 'Message': 'Unknown API error.', 'Data': 'Unknown API error.'}"
521a7d3d-fc24-48c4-b0be-46299e461ebd,,,"ERROR: {'Error code': 429, 'Message': 'Unknown API error.', 'Data': 'Unknown API error.'}"
5218dbe6-5dad-45f7-ab5d-35c1504ef041,,,"ERROR: {'Error code': 429, 'Message': 'Unknown API error.', 'Data': 'Unknown API error.'}"
52211b44-90ea-4898-aab1-8be22847fdf0,,,"ERROR: {'Error code': 429, 'Message': 'Unknown API error.', 'Data': 'Unknown API error.'}"
5225b946-1074-4708-81f5-aab5cb2cac50,,,"ERROR: {'Error code': 429, 'Message': 'Unknown API error.', 'Data': 'Unknown API error.'}"
5228dcba-28f7-4513-9003-68df2e0834ee,,,"ERROR: {'Error code': 429, 'Message': 'Unknown API error.', 'Data': 'Unknown API error.'}"
522f0adc-6874-4c25-a68e-48ea31ef5ff3,,,"ERROR: {'Error code': 429, 'Message': 'Unknown API error.', 'Data': 'Unknown API error.'}"
5235f4e7-d21c-4141-a795-0a90211e89b5,,,"ERROR: {'Error code': 429, 'Message': 'Unknown API error.', 'Data': 'Unknown API error.'}"
5238dec1-2aa4-4dfe-aa06-0210ba64d3dc,,,"ERROR: {'Error code': 429, 'Message': 'Unknown API error.', 'Data': 'Unknown API error.'}"
523e2cca-d5a2-420c-80e7-4ae0961b6a44,,,"ERROR: {'Error code': 429, 'Message': 'Unknown API error.', 'Data': 'Unknown API error.'}"
56c1dd27-ed80-44ca-832f-b4ff68ee81ea,,,"ERROR: {'Error code': 429, 'Message': 'Unknown API error.', 'Data': 'Unknown API error.'}"
56c1ed8a-9a64-4443-99e2-67ab33ee9099,,,"ERROR: {'Error code': 429, 'Message': 'Unknown API error.', 'Data': 'Unknown API error.'}"
56c5d441-0ce5-40a3-97df-ae8a43076a20,,,"ERROR: {'Error code': 429, 'Message': 'Unknown API error.', 'Data': 'Unknown API error.'}"
56c800e2-3d75-44de-bc03-fad844dd7da6,,,"ERROR: {'Error code': 429, 'Message': 'Unknown API error.', 'Data': 'Unknown API error.'}"
56d06ffb-b3fd-4b97-8e84-771d0b8ae54d,,,"ERROR: {'Error code': 429, 'Message': 'Unknown API error.', 'Data': 'Unknown API error.'}"
56d4a8ba-219f-4801-8c80-e6561bf331d8,,,"ERROR: {'Error code': 429, 'Message': 'Unknown API error.', 'Data': 'Unknown API error.'}"
56d5e6e0-7278-4f2b-9f8b-f97000c4f340,,,"ERROR: {'Error code': 429, 'Message': 'Unknown API error.', 'Data': 'Unknown API error.'}"
56dea9e6-32a8-4a0a-bf63-3f6ddf46da4f,,,"ERROR: {'Error code': 429, 'Message': 'Unknown API error.', 'Data': 'Unknown API error.'}"
56dad51c-28f3-4d6a-a068-29c033d4bcd7,,,"ERROR: {'Error code': 429, 'Message': 'Unknown API error.', 'Data': 'Unknown API error.'}"
56e1275c-5616-4ca2-9525-e2e24ffa054b,,,"ERROR: {'Error code': 429, 'Message': 'Unknown API error.', 'Data': 'Unknown API error.'}"
56e018c9-dab0-4e8e-ad54-a56e7d5d8b7d,,,"ERROR: {'Error code': 429, 'Message': 'Unknown API error.', 'Data': 'Unknown API error.'}"
56e3d42c-e33c-4dc7-a845-6d09e6558e23,,,"ERROR: {'Error code': 429, 'Message': 'Unknown API error.', 'Data': 'Unknown API error.'}"
56f25119-6c2c-4ec6-a532-d90c043d3914,,,"ERROR: {'Error code': 429, 'Message': 'Unknown API error.', 'Data': 'Unknown API error.'}"
56f2a413-c526-4d2b-a4a6-fc4d37ce3cb0,,,"ERROR: {'Error code': 429, 'Message': 'Unknown API error.', 'Data': 'Unknown API error.'}"
56f4d8a7-0cf7-4102-a8d2-a971170e31b6,,,"ERROR: {'Error code': 429, 'Message': 'Unknown API error.', 'Data': 'Unknown API error.'}"
56f5c0e2-5ae3-4bca-a6bb-26277cfc1351,,,"ERROR: {'Error code': 429, 'Message': 'Unknown API error.', 'Data': 'Unknown API error.'}"
56f648e6-f83d-4fd0-93bd-7a76c5787806,,,"ERROR: {'Error code': 429, 'Message': 'Unknown API error.', 'Data': 'Unknown API error.'}"
56f6b183-2b0f-4d01-b914-2f001154f696,,,"ERROR: {'Error code': 429, 'Message': 'Unknown API error.', 'Data': 'Unknown API error.'}"
56f726a0-7d31-49e0-90d0-3e62cd236618,,,"ERROR: {'Error code': 429, 'Message': 'Unknown API error.', 'Data': 'Unknown API error.'}"
5700ca01-89b6-4232-baa1-33141a5c1280,,,"ERROR: {'Error code': 429, 'Message': 'Unknown API error.', 'Data': 'Unknown API error.'}"
5702cf63-36ef-4ea8-82c9-90cf81056203,,,"ERROR: {'Error code': 429, 'Message': 'Unknown API error.', 'Data': 'Unknown API error.'}"
5702f1aa-116b-40a9-9769-b97b4d85dd91,,,"ERROR: {'Error code': 429, 'Message': 'Unknown API error.', 'Data': 'Unknown API error.'}"
570382e7-031d-400d-aaeb-cb150b8262b2,,,"ERROR: {'Error code': 429, 'Message': 'Unknown API error.', 'Data': 'Unknown API error.'}"
57060464-f919-4a5e-b025-dd66f5fde903,,,"ERROR: {'Error code': 429, 'Message': 'Unknown API error.', 'Data': 'Unknown API error.'}"
57083fa2-8fd1-40eb-9a50-9b4f6ce70de6,,,"ERROR: {'Error code': 429, 'Message': 'Unknown API error.', 'Data': 'Unknown API error.'}"
570f89d3-2f6b-4b06-bda4-342f52e8a066,,,"ERROR: {'Error code': 429, 'Message': 'Unknown API error.', 'Data': 'Unknown API error.'}"
5714f3d2-c8e7-482b-8f72-f893157e8f87,,,"ERROR: {'Error code': 429, 'Message': 'Unknown API error.', 'Data': 'Unknown API error.'}"
571a9edd-3998-46ce-8dec-edfdf4c13264,,,"ERROR: {'Error code': 429, 'Message': 'Unknown API error.', 'Data': 'Unknown API error.'}"
57217875-5cda-4d88-b47f-39ff52354f2d,,,"ERROR: {'Error code': 429, 'Message': 'Unknown API error.', 'Data': 'Unknown API error.'}"
5721b194-735c-44c3-ade5-36571fb412e1,,,"ERROR: {'Error code': 429, 'Message': 'Unknown API error.', 'Data': 'Unknown API error.'}"
572225a2-f864-417f-a529-03c6aa89291f,,,"ERROR: {'Error code': 429, 'Message': 'Unknown API error.', 'Data': 'Unknown API error.'}"
57245251-c21f-4736-8427-2b70bd52bdf1,,,"ERROR: {'Error code': 429, 'Message': 'Unknown API error.', 'Data': 'Unknown API error.'}"
572559a2-0ac9-4d1b-8e5b-3f77752ad74c,,,"ERROR: {'Error code': 429, 'Message': 'Unknown API error.', 'Data': 'Unknown API error.'}"
5729f8df-b45d-466c-8ba1-5126219cff34,,,"ERROR: {'Error code': 429, 'Message': 'Unknown API error.', 'Data': 'Unknown API error.'}"
5733d719-537f-4d2a-8add-db54c4dac0f0,,,"ERROR: {'Error code': 429, 'Message': 'Unknown API error.', 'Data': 'Unknown API error.'}"
57341e60-49db-44d9-b172-6ae70af8c3ef,,,"ERROR: {'Error code': 429, 'Message': 'Unknown API error.', 'Data': 'Unknown API error.'}"
5735a2ac-8e7c-444b-a38c-a6fc43ac5612,,,"ERROR: {'Error code': 429, 'Message': 'Unknown API error.', 'Data': 'Unknown API error.'}"
5737cff0-4d00-49c6-bbe4-0ebaab882d1f,,,"ERROR: {'Error code': 429, 'Message': 'Unknown API error.', 'Data': 'Unknown API error.'}"
573c2dd7-c044-4c75-8133-69c537b244b4,,,"ERROR: {'Error code': 429, 'Message': 'Unknown API error.', 'Data': 'Unknown API error.'}"
573d86b5-d417-489d-bcf1-f8b1e4217281,,,"ERROR: {'Error code': 429, 'Message': 'Unknown API error.', 'Data': 'Unknown API error.'}"
573ff513-ea69-442e-b923-848eb31f046e,,,"ERROR: {'Error code': 429, 'Message': 'Unknown API error.', 'Data': 'Unknown API error.'}"
5be91e71-f307-4758-a961-38809a533585,,,"ERROR: {'Error code': 429, 'Message': 'Unknown API error.', 'Data': 'Unknown API error.'}"
5becf920-c360-4e38-942e-85c1673cf1fe,,,"ERROR: {'Error code': 429, 'Message': 'Unknown API error.', 'Data': 'Unknown API error.'}"
5bf00e87-043e-4435-88c9-0e4d7c1cda75,,,"ERROR: {'Error code': 429, 'Message': 'Unknown API error.', 'Data': 'Unknown API error.'}"
5bf3c2be-3024-4aff-aa87-5434872a1837,,,"ERROR: {'Error code': 429, 'Message': 'Unknown API error.', 'Data': 'Unknown API error.'}"
5bf896ca-b279-4c92-b40c-d38806b297d4,,,"ERROR: {'Error code': 429, 'Message': 'Unknown API error.', 'Data': 'Unknown API error.'}"
5bf9dd2a-3851-4dcc-94e2-8271c0eb6001,,,"ERROR: {'Error code': 429, 'Message': 'Unknown API error.', 'Data': 'Unknown API error.'}"
5bfae7c0-203f-4390-8e5b-4c76a7c947ba,,,"ERROR: {'Error code': 429, 'Message': 'Unknown API error.', 'Data': 'Unknown API error.'}"
5c065bea-bd7c-4716-a6f7-eb3909707981,,,"ERROR: {'Error code': 429, 'Message': 'Unknown API error.', 'Data': 'Unknown API error.'}"
5c0a0944-be92-489a-b4bc-50d0f57bc816,,,"ERROR: {'Error code': 429, 'Message': 'Unknown API error.', 'Data': 'Unknown API error.'}"
5c0b423e-941a-45c6-8c3e-27a491baad22,,,"ERROR: {'Error code': 429, 'Message': 'Unknown API error.', 'Data': 'Unknown API error.'}"
5c0eb080-caad-42c3-bb1b-80634756470c,,,"ERROR: {'Error code': 429, 'Message': 'Unknown API error.', 'Data': 'Unknown API error.'}"
5c0f09e6-e549-46e0-abbf-7baa9babe906,,,"ERROR: {'Error code': 429, 'Message': 'Unknown API error.', 'Data': 'Unknown API error.'}"
5c1389d0-efa9-46e6-99e7-e12ce8303e96,,,"ERROR: {'Error code': 429, 'Message': 'Unknown API error.', 'Data': 'Unknown API error.'}"
5c13f5b8-63a8-460f-bbd5-3f00aefddd12,,,"ERROR: {'Error code': 429, 'Message': 'Unknown API error.', 'Data': 'Unknown API error.'}"
5c1555b2-a326-47c1-a408-e3c0af5388d0,,,"ERROR: {'Error code': 429, 'Message': 'Unknown API error.', 'Data': 'Unknown API error.'}"
5c172f9c-49bf-44fe-acfa-f4b151f9e5d2,,,"ERROR: {'Error code': 429, 'Message': 'Unknown API error.', 'Data': 'Unknown API error.'}"
5c18fdd6-5fba-4e55-a717-51edf86e1990,,,"ERROR: {'Error code': 429, 'Message': 'Unknown API error.', 'Data': 'Unknown API error.'}"
5c1c5012-2d7a-4d68-9c22-65efb18c35e1,,,"ERROR: {'Error code': 429, 'Message': 'Unknown API error.', 'Data': 'Unknown API error.'}"
5c1e848a-f030-4ea2-903f-27fcc71d1ddf,,,"ERROR: {'Error code': 429, 'Message': 'Unknown API error.', 'Data': 'Unknown API error.'}"
5c20ee26-fc11-4838-9a92-141414ceecc8,,,"ERROR: {'Error code': 429, 'Message': 'Unknown API error.', 'Data': 'Unknown API error.'}"
5c253e48-fcfa-419a-b066-ad8456b45c2a,,,"ERROR: {'Error code': 429, 'Message': 'Unknown API error.', 'Data': 'Unknown API error.'}"
5c27346f-9605-4876-afc3-6b641a569cac,,,"ERROR: {'Error code': 429, 'Message': 'Unknown API error.', 'Data': 'Unknown API error.'}"
5c275dbe-ccc6-4d5e-a8a1-14d4f4292fb4,,,"ERROR: {'Error code': 429, 'Message': 'Unknown API error.', 'Data': 'Unknown API error.'}"
5c276bbe-8922-46d3-979d-6096453c9412,,,"ERROR: {'Error code': 429, 'Message': 'Unknown API error.', 'Data': 'Unknown API error.'}"
5c2a8ea0-49f8-498e-b424-9b1d41d48028,,,"ERROR: {'Error code': 429, 'Message': 'Unknown API error.', 'Data': 'Unknown API error.'}"
5c2cae17-7acc-42e4-855c-001859ae5d44,,,"ERROR: {'Error code': 429, 'Message': 'Unknown API error.', 'Data': 'Unknown API error.'}"
5c2f1ded-f565-4b80-879a-01d219881e6c,,,"ERROR: {'Error code': 429, 'Message': 'Unknown API error.', 'Data': 'Unknown API error.'}"
5c306600-ec7a-43b4-b5ab-e79fe63e690d,,,"ERROR: {'Error code': 429, 'Message': 'Unknown API error.', 'Data': 'Unknown API error.'}"
5c330686-d5be-460f-8996-109300b14ccc,,,"ERROR: {'Error code': 429, 'Message': 'Unknown API error.', 'Data': 'Unknown API error.'}"
5c37f88c-74fe-4bb4-a4f9-7cf599bd415e,,,"ERROR: {'Error code': 429, 'Message': 'Unknown API error.', 'Data': 'Unknown API error.'}"
5c3b4b7e-6a20-4407-9935-e1a185d51204,,,"ERROR: {'Error code': 429, 'Message': 'Unknown API error.', 'Data': 'Unknown API error.'}"
5c3c6d74-63f5-487f-a352-094b9bb01950,,,"ERROR: {'Error code': 429, 'Message': 'Unknown API error.', 'Data': 'Unknown API error.'}"
5c3f96dd-e456-4c7d-afa2-edfa9e14b089,,,"ERROR: {'Error code': 429, 'Message': 'Unknown API error.', 'Data': 'Unknown API error.'}"
5c3fe41b-c7b7-447d-8c53-88e2eb3a10c2,,,"ERROR: {'Error code': 429, 'Message': 'Unknown API error.', 'Data': 'Unknown API error.'}"
5c446cfc-8443-4185-8c4c-45205c21cd76,,,"ERROR: {'Error code': 429, 'Message': 'Unknown API error.', 'Data': 'Unknown API error.'}"
5c4763be-3600-4fc7-ad9f-3c4144bd1c93,,,"ERROR: {'Error code': 429, 'Message': 'Unknown API error.', 'Data': 'Unknown API error.'}"
5c4a3347-ad4f-468a-8253-fd077516f145,,,"ERROR: {'Error code': 429, 'Message': 'Unknown API error.', 'Data': 'Unknown API error.'}"
5c4cbdb4-e194-44f6-94f6-067fa58b2323,,,"ERROR: {'Error code': 429, 'Message': 'Unknown API error.', 'Data': 'Unknown API error.'}"
5c515082-c4d3-4580-a4f9-abbfcbebcddc,,,"ERROR: {'Error code': 429, 'Message': 'Unknown API error.', 'Data': 'Unknown API error.'}"
5c57d81c-2db5-49b8-8dd7-7a928150a8b9,,,"ERROR: {'Error code': 429, 'Message': 'Unknown API error.', 'Data': 'Unknown API error.'}"
5c593489-880b-4ccd-b644-58924a026f6d,,,"ERROR: {'Error code': 429, 'Message': 'Unknown API error.', 'Data': 'Unknown API error.'}"
5c5983da-b1cd-4020-aeb1-9a2fa9f033da,,,"ERROR: {'Error code': 429, 'Message': 'Unknown API error.', 'Data': 'Unknown API error.'}"
5c5cecb7-7766-4984-8933-37d650acddbf,,,"ERROR: {'Error code': 429, 'Message': 'Unknown API error.', 'Data': 'Unknown API error.'}"
5c5df1e0-e33d-415f-8596-63b84a286a24,,,"ERROR: {'Error code': 429, 'Message': 'Unknown API error.', 'Data': 'Unknown API error.'}"
5c6124a9-b339-403c-9431-273e0ab72200,,,"ERROR: {'Error code': 429, 'Message': 'Unknown API error.', 'Data': 'Unknown API error.'}"
5c652e88-f572-402c-8b1e-8d9036d4a4d2,,,"ERROR: {'Error code': 429, 'Message': 'Unknown API error.', 'Data': 'Unknown API error.'}"
5c67d3a4-9f3e-49f0-a127-d746eeea30ff,,,"ERROR: {'Error code': 429, 'Message': 'Unknown API error.', 'Data': 'Unknown API error.'}"
5c6ad635-3706-46f7-a5a2-592846345cd8,,,"ERROR: {'Error code': 429, 'Message': 'Unknown API error.', 'Data': 'Unknown API error.'}"
610e2096-76e0-404d-917f-76d00f287b56,,,"ERROR: {'Error code': 429, 'Message': 'Unknown API error.', 'Data': 'Unknown API error.'}"
610e3f02-e956-4617-bb5d-6fed97ae7a6d,,,"ERROR: {'Error code': 429, 'Message': 'Unknown API error.', 'Data': 'Unknown API error.'}"
610e55d0-cc89-4524-aa5e-f53923a8cc85,,,"ERROR: {'Error code': 429, 'Message': 'Unknown API error.', 'Data': 'Unknown API error.'}"
6110175c-6593-40c4-8fe1-1a23dc9d8ac2,,,"ERROR: {'Error code': 429, 'Message': 'Unknown API error.', 'Data': 'Unknown API error.'}"
61114816-18a5-4d68-bb94-d38434962773,,,"ERROR: {'Error code': 429, 'Message': 'Unknown API error.', 'Data': 'Unknown API error.'}"
61150c37-9aaf-4ae1-a312-77acd1ae3ae0,,,"ERROR: {'Error code': 429, 'Message': 'Unknown API error.', 'Data': 'Unknown API error.'}"
61180404-347b-4416-a520-39fad280afe5,,,"ERROR: {'Error code': 429, 'Message': 'Unknown API error.', 'Data': 'Unknown API error.'}"
6119518a-1e84-497f-8576-2143f7cf6687,,,"ERROR: {'Error code': 429, 'Message': 'Unknown API error.', 'Data': 'Unknown API error.'}"
611a464e-33c0-40a4-abae-21d925c44dd2,,,"ERROR: {'Error code': 429, 'Message': 'Unknown API error.', 'Data': 'Unknown API error.'}"
611b3862-b3f0-4bbc-997b-09a77885f769,,,"ERROR: {'Error code': 429, 'Message': 'Unknown API error.', 'Data': 'Unknown API error.'}"
611b4615-b87d-459b-8dc4-89ae2d18bea1,,,"ERROR: {'Error code': 429, 'Message': 'Unknown API error.', 'Data': 'Unknown API error.'}"
611ba88a-3b93-44e7-ab46-e0d065391799,,,"ERROR: {'Error code': 429, 'Message': 'Unknown API error.', 'Data': 'Unknown API error.'}"
61237a5d-8361-460e-9feb-4f8940429244,,,"ERROR: {'Error code': 429, 'Message': 'Unknown API error.', 'Data': 'Unknown API error.'}"
6123b6b3-505b-4ad1-aa8b-12d09b462a2b,,,"ERROR: {'Error code': 429, 'Message': 'Unknown API error.', 'Data': 'Unknown API error.'}"
6125df11-f2a8-4378-b34c-dd3efea6cc3e,,,"ERROR: {'Error code': 429, 'Message': 'Unknown API error.', 'Data': 'Unknown API error.'}"
6128decf-0a87-4779-a600-afeb8b157192,,,"ERROR: {'Error code': 429, 'Message': 'Unknown API error.', 'Data': 'Unknown API error.'}"
6129b184-b656-441a-bac5-67d619e7e815,,,"ERROR: {'Error code': 429, 'Message': 'Unknown API error.', 'Data': 'Unknown API error.'}"
612c98d1-ab8e-44e0-8688-85923f81616e,,,"ERROR: {'Error code': 429, 'Message': 'Unknown API error.', 'Data': 'Unknown API error.'}"
612e476a-ea58-4e1d-9ec0-54c349f92679,,,"ERROR: {'Error code': 429, 'Message': 'Unknown API error.', 'Data': 'Unknown API error.'}"
61336ecb-7a4d-4c3d-8b65-903afcbdd611,,,"ERROR: {'Error code': 429, 'Message': 'Unknown API error.', 'Data': 'Unknown API error.'}"
61386a76-4656-4e5b-acd2-a78145f9bd39,,,"ERROR: {'Error code': 429, 'Message': 'Unknown API error.', 'Data': 'Unknown API error.'}"
6139710d-3bd7-410d-9c46-5720a2cdd2a5,,,"ERROR: {'Error code': 429, 'Message': 'Unknown API error.', 'Data': 'Unknown API error.'}"
613b7a7c-9c1d-4e9b-8543-add8b53794a3,,,"ERROR: {'Error code': 429, 'Message': 'Unknown API error.', 'Data': 'Unknown API error.'}"
613ce6e8-ceb7-4dbd-b418-a4b342bb8bdf,,,"ERROR: {'Error code': 429, 'Message': 'Unknown API error.', 'Data': 'Unknown API error.'}"
613dafc1-41d9-4c6a-aa3a-a00cd9c08d36,,,"ERROR: {'Error code': 429, 'Message': 'Unknown API error.', 'Data': 'Unknown API error.'}"
613f9d53-4aa1-4713-aa6a-0c228f037c83,,,"ERROR: {'Error code': 429, 'Message': 'Unknown API error.', 'Data': 'Unknown API error.'}"
6141420b-a5da-415e-a6e0-4e5948cc5a47,,,"ERROR: {'Error code': 429, 'Message': 'Unknown API error.', 'Data': 'Unknown API error.'}"
6141832e-be08-492d-9f50-16f82724d3f7,,,"ERROR: {'Error code': 429, 'Message': 'Unknown API error.', 'Data': 'Unknown API error.'}"
6142a76d-6724-4549-96e0-69d69b8a9541,,,"ERROR: {'Error code': 429, 'Message': 'Unknown API error.', 'Data': 'Unknown API error.'}"
6142b02e-c498-46c2-853b-533c9b0c19ac,,,"ERROR: {'Error code': 429, 'Message': 'Unknown API error.', 'Data': 'Unknown API error.'}"
61442d79-c348-41e1-9ac5-287b27a99b8e,,,"ERROR: {'Error code': 429, 'Message': 'Unknown API error.', 'Data': 'Unknown API error.'}"
61444490-b919-454f-8e34-743309c6ccc3,,,"ERROR: {'Error code': 429, 'Message': 'Unknown API error.', 'Data': 'Unknown API error.'}"
614beb92-dd6b-4bad-8420-29b3fd8f0eb3,,,"ERROR: {'Error code': 429, 'Message': 'Unknown API error.', 'Data': 'Unknown API error.'}"
614cac57-fd0c-4d87-99cd-b57081e50c7c,,,"ERROR: {'Error code': 429, 'Message': 'Unknown API error.', 'Data': 'Unknown API error.'}"
614f76fe-b51a-425b-9b25-641f3c0c36ab,,,"ERROR: {'Error code': 429, 'Message': 'Unknown API error.', 'Data': 'Unknown API error.'}"
614f9a5f-6943-4bca-820d-dc9a268b3820,,,"ERROR: {'Error code': 429, 'Message': 'Unknown API error.', 'Data': 'Unknown API error.'}"
614fa69f-881e-4cd9-a735-76515126675e,,,"ERROR: {'Error code': 429, 'Message': 'Unknown API error.', 'Data': 'Unknown API error.'}"
61553ca0-9b61-40ab-82f9-f16a54cef9f6,,,"ERROR: {'Error code': 429, 'Message': 'Unknown API error.', 'Data': 'Unknown API error.'}"
615b6182-73f3-4408-b86a-dcf88818af10,,,"ERROR: {'Error code': 429, 'Message': 'Unknown API error.', 'Data': 'Unknown API error.'}"
615baf77-cc36-4b27-b146-4cdca4676b59,,,"ERROR: {'Error code': 429, 'Message': 'Unknown API error.', 'Data': 'Unknown API error.'}"
615c0b66-86c8-4c95-9113-957ccaad37b7,,,"ERROR: {'Error code': 429, 'Message': 'Unknown API error.', 'Data': 'Unknown API error.'}"
615e57f1-d18c-4889-82b0-880452052a03,,,"ERROR: {'Error code': 429, 'Message': 'Unknown API error.', 'Data': 'Unknown API error.'}"
615f03c5-cdfc-43f9-b228-d5852b5ca2ed,,,"ERROR: {'Error code': 429, 'Message': 'Unknown API error.', 'Data': 'Unknown API error.'}"
6161e4df-9401-4ba0-9a40-2e923ecbb17d,,,"ERROR: {'Error code': 429, 'Message': 'Unknown API error.', 'Data': 'Unknown API error.'}"
61630437-2f77-49b6-aceb-e8f8ca820ed5,,,"ERROR: {'Error code': 429, 'Message': 'Unknown API error.', 'Data': 'Unknown API error.'}"
6163aa88-fb95-4436-a5c9-6f633e9b6fe1,,,"ERROR: {'Error code': 429, 'Message': 'Unknown API error.', 'Data': 'Unknown API error.'}"
61650184-5c72-4080-93bd-d3e4465c2d82,,,"ERROR: {'Error code': 429, 'Message': 'Unknown API error.', 'Data': 'Unknown API error.'}"
616bc5cd-b14d-4c66-b53c-3dcb57e4285b,,,"ERROR: {'Error code': 429, 'Message': 'Unknown API error.', 'Data': 'Unknown API error.'}"
616f090a-fdd2-4ca2-885d-bf93d60ceec7,,,"ERROR: {'Error code': 429, 'Message': 'Unknown API error.', 'Data': 'Unknown API error.'}"
61708596-7e82-4e29-a916-7ebe518f419e,,,"ERROR: {'Error code': 429, 'Message': 'Unknown API error.', 'Data': 'Unknown API error.'}"
61712958-c77c-4d7b-83f4-5d9d51b58e85,,,"ERROR: {'Error code': 429, 'Message': 'Unknown API error.', 'Data': 'Unknown API error.'}"
617a2701-4d0e-4797-a4e1-824afc26eb21,,,"ERROR: {'Error code': 429, 'Message': 'Unknown API error.', 'Data': 'Unknown API error.'}"
617a7ddd-4596-476f-b8e9-2c03c36a6b2b,,,"ERROR: {'Error code': 429, 'Message': 'Unknown API error.', 'Data': 'Unknown API error.'}"
617d58e8-3926-42c0-a033-07be2a3dcd5e,,,"ERROR: {'Error code': 429, 'Message': 'Unknown API error.', 'Data': 'Unknown API error.'}"
617dadd9-2625-40e7-9f25-9d8cd2ab0008,,,"ERROR: {'Error code': 429, 'Message': 'Unknown API error.', 'Data': 'Unknown API error.'}"
617dfada-02b7-427b-8c17-215bb7dfd455,,,"ERROR: {'Error code': 429, 'Message': 'Unknown API error.', 'Data': 'Unknown API error.'}"
61802ba4-1dc5-43e2-943c-82782227e8cf,,,"ERROR: {'Error code': 429, 'Message': 'Unknown API error.', 'Data': 'Unknown API error.'}"
61851546-95f7-4d28-b369-767eab418632,,,"ERROR: {'Error code': 429, 'Message': 'Unknown API error.', 'Data': 'Unknown API error.'}"
61863dbd-f655-49ca-9ee1-492612c55470,,,"ERROR: {'Error code': 429, 'Message': 'Unknown API error.', 'Data': 'Unknown API error.'}"
61881814-1500-437a-a67d-da3cdbb13f12,,,"ERROR: {'Error code': 429, 'Message': 'Unknown API error.', 'Data': 'Unknown API error.'}"
662cdef3-0c65-4229-bb87-bba81c6737af,,,"ERROR: {'Error code': 429, 'Message': 'Unknown API error.', 'Data': 'Unknown API error.'}"
662ce881-2522-48fe-bfd2-429d160a6439,,,"ERROR: {'Error code': 429, 'Message': 'Unknown API error.', 'Data': 'Unknown API error.'}"
66307104-6934-45f8-ab1f-8b5cadbb2350,,,"ERROR: {'Error code': 429, 'Message': 'Unknown API error.', 'Data': 'Unknown API error.'}"
6634fa46-3c8a-4e5c-875d-b49cbc9e5a96,,,"ERROR: {'Error code': 429, 'Message': 'Unknown API error.', 'Data': 'Unknown API error.'}"
66353857-804e-47a6-936a-d42c95214762,,,"ERROR: {'Error code': 429, 'Message': 'Unknown API error.', 'Data': 'Unknown API error.'}"
66369a8f-f4c7-4d37-a0cb-e1dfea604b5e,,,"ERROR: {'Error code': 429, 'Message': 'Unknown API error.', 'Data': 'Unknown API error.'}"
663a2a47-e0a9-4ce3-b39e-c2717b57ff73,,,"ERROR: {'Error code': 429, 'Message': 'Unknown API error.', 'Data': 'Unknown API error.'}"
66420ce0-6c4d-49e1-bcb6-0308c3018b77,,,"ERROR: {'Error code': 429, 'Message': 'Unknown API error.', 'Data': 'Unknown API error.'}"
6642c076-a6b3-42f5-bb75-3627922fc7cc,,,"ERROR: {'Error code': 429, 'Message': 'Unknown API error.', 'Data': 'Unknown API error.'}"
6644588d-a77d-4ccf-a152-e6b6d4761c04,,,"ERROR: {'Error code': 429, 'Message': 'Unknown API error.', 'Data': 'Unknown API error.'}"
664465ec-226f-449d-a966-a916ee5b67e3,,,"ERROR: {'Error code': 429, 'Message': 'Unknown API error.', 'Data': 'Unknown API error.'}"
6645af42-ef14-42e7-9517-652ad86d61f2,,,"ERROR: {'Error code': 429, 'Message': 'Unknown API error.', 'Data': 'Unknown API error.'}"
6646a049-3031-4d61-a43b-3bac6698a904,,,"ERROR: {'Error code': 429, 'Message': 'Unknown API error.', 'Data': 'Unknown API error.'}"
664e4274-1823-4d23-8cb1-c56c915b026b,,,"ERROR: {'Error code': 429, 'Message': 'Unknown API error.', 'Data': 'Unknown API error.'}"
664e6ebf-26fc-4412-94a2-11f1d04ee457,,,"ERROR: {'Error code': 429, 'Message': 'Unknown API error.', 'Data': 'Unknown API error.'}"
6650958e-5bb1-49b8-87eb-73600d801060,,,"ERROR: {'Error code': 429, 'Message': 'Unknown API error.', 'Data': 'Unknown API error.'}"
6650ded6-425a-4809-96a7-bb69eadb0d39,,,"ERROR: {'Error code': 429, 'Message': 'Unknown API error.', 'Data': 'Unknown API error.'}"
6652a19f-31c8-41d1-8d2e-c8d4c18f11fb,,,"ERROR: {'Error code': 429, 'Message': 'Unknown API error.', 'Data': 'Unknown API error.'}"
665440e2-f20b-4640-95f0-0d99a9678d19,,,"ERROR: {'Error code': 429, 'Message': 'Unknown API error.', 'Data': 'Unknown API error.'}"
6655d94b-b395-4df5-acc5-be4d3f38c3b6,,,"ERROR: {'Error code': 429, 'Message': 'Unknown API error.', 'Data': 'Unknown API error.'}"
6656d8f6-4b22-4af8-ab86-8a75eeba24b8,,,"ERROR: {'Error code': 429, 'Message': 'Unknown API error.', 'Data': 'Unknown API error.'}"
665df5c8-f741-45b2-b79a-64e0d708ad2b,,,"ERROR: {'Error code': 429, 'Message': 'Unknown API error.', 'Data': 'Unknown API error.'}"
66627229-7ae1-4907-904e-4645e87e770f,,,"ERROR: {'Error code': 429, 'Message': 'Unknown API error.', 'Data': 'Unknown API error.'}"
66651fe2-1130-4f1b-96ab-d1d87e674d43,,,"ERROR: {'Error code': 429, 'Message': 'Unknown API error.', 'Data': 'Unknown API error.'}"
666982cb-347b-456b-9f57-b3b72948ffb3,,,"ERROR: {'Error code': 429, 'Message': 'Unknown API error.', 'Data': 'Unknown API error.'}"
666daef1-e2ef-4f83-aa74-8b9dca6ee819,,,"ERROR: {'Error code': 429, 'Message': 'Unknown API error.', 'Data': 'Unknown API error.'}"
666ed310-b587-4689-8873-48cae7cb2673,,,"ERROR: {'Error code': 429, 'Message': 'Unknown API error.', 'Data': 'Unknown API error.'}"
6673d6cb-b912-4af4-847a-08a75f492d35,,,"ERROR: {'Error code': 429, 'Message': 'Unknown API error.', 'Data': 'Unknown API error.'}"
66752880-0a55-49f8-80f4-22fa39764300,,,"ERROR: {'Error code': 429, 'Message': 'Unknown API error.', 'Data': 'Unknown API error.'}"
6679015f-eead-4a6a-88f4-478bb5744f0b,,,"ERROR: {'Error code': 429, 'Message': 'Unknown API error.', 'Data': 'Unknown API error.'}"
667b9d94-ba1c-4dc9-81b2-0c905cc8f7f1,,,"ERROR: {'Error code': 429, 'Message': 'Unknown API error.', 'Data': 'Unknown API error.'}"
6680d413-9d7c-4abe-8551-31ff0773554d,,,"ERROR: {'Error code': 429, 'Message': 'Unknown API error.', 'Data': 'Unknown API error.'}"
66823d60-d444-4c00-b8ad-ef8a5f0670b2,,,"ERROR: {'Error code': 429, 'Message': 'Unknown API error.', 'Data': 'Unknown API error.'}"
668a9c4b-23ec-4efd-8308-30b5788e35b6,,,"ERROR: {'Error code': 429, 'Message': 'Unknown API error.', 'Data': 'Unknown API error.'}"
66850686-b8a4-439e-992a-0e0f71686250,,,"ERROR: {'Error code': 429, 'Message': 'Unknown API error.', 'Data': 'Unknown API error.'}"
668b4ea2-6c41-4232-8d15-a5db16b33217,,,"ERROR: {'Error code': 429, 'Message': 'Unknown API error.', 'Data': 'Unknown API error.'}"
668d78ca-8052-4c7d-91cf-f5cb65b383c3,,,"ERROR: {'Error code': 429, 'Message': 'Unknown API error.', 'Data': 'Unknown API error.'}"
668f82bb-d802-435f-8174-efd3fcf7a64d,,,"ERROR: {'Error code': 429, 'Message': 'Unknown API error.', 'Data': 'Unknown API error.'}"
6691a54f-7754-4907-b033-454b3be740d8,,,"ERROR: {'Error code': 429, 'Message': 'Unknown API error.', 'Data': 'Unknown API error.'}"
66949c7f-8fc9-43c8-9f8f-37e0c05fa4cf,,,"ERROR: {'Error code': 429, 'Message': 'Unknown API error.', 'Data': 'Unknown API error.'}"
669d8737-3d65-4485-97eb-f8de58b1d22d,,,"ERROR: {'Error code': 429, 'Message': 'Unknown API error.', 'Data': 'Unknown API error.'}"
669ea890-9a63-4aa9-b8cc-f552f483713e,,,"ERROR: {'Error code': 429, 'Message': 'Unknown API error.', 'Data': 'Unknown API error.'}"
66a1e846-5a17-4d4a-9eed-06b76fc77519,,,"ERROR: {'Error code': 429, 'Message': 'Unknown API error.', 'Data': 'Unknown API error.'}"
66a44e6b-c0dc-4b1a-aa14-18c2f16c0a21,,,"ERROR: {'Error code': 429, 'Message': 'Unknown API error.', 'Data': 'Unknown API error.'}"
66a34235-e1fb-4bd0-b55f-c4e91cb6f0fd,,,"ERROR: {'Error code': 429, 'Message': 'Unknown API error.', 'Data': 'Unknown API error.'}"
66adb842-3c31-4e69-a22c-b07e3cc3d572,,,"ERROR: {'Error code': 429, 'Message': 'Unknown API error.', 'Data': 'Unknown API error.'}"
66a5e5b0-f52b-4308-92ae-62abe0ecace0,,,"ERROR: {'Error code': 429, 'Message': 'Unknown API error.', 'Data': 'Unknown API error.'}"
66ae52e8-329b-4c74-86d4-329b4ad52801,,,"ERROR: {'Error code': 429, 'Message': 'Unknown API error.', 'Data': 'Unknown API error.'}"
66af84a3-684e-4f12-9d97-f02e2143c4f4,,,"ERROR: {'Error code': 429, 'Message': 'Unknown API error.', 'Data': 'Unknown API error.'}"
6b4a0868-dccc-4f24-9010-1e3b2b2e2935,,,"ERROR: {'Error code': 429, 'Message': 'Unknown API error.', 'Data': 'Unknown API error.'}"
6b4b19aa-9f46-488f-821e-d021e3380e90,,,"ERROR: {'Error code': 429, 'Message': 'Unknown API error.', 'Data': 'Unknown API error.'}"
6b4bd9c2-95bd-4f19-a519-14db1c2e6ae8,,,"ERROR: {'Error code': 429, 'Message': 'Unknown API error.', 'Data': 'Unknown API error.'}"
6b5703e8-095a-4742-95c3-c848dd45e941,,,"ERROR: {'Error code': 429, 'Message': 'Unknown API error.', 'Data': 'Unknown API error.'}"
6b589ed9-1c9b-4e2e-b90e-bc3fb1a94f94,,,"ERROR: {'Error code': 429, 'Message': 'Unknown API error.', 'Data': 'Unknown API error.'}"
6b59486d-9468-4cbf-9328-2f70df6d4f33,,,"ERROR: {'Error code': 429, 'Message': 'Unknown API error.', 'Data': 'Unknown API error.'}"
6b5d244d-b44a-42ca-95a6-8284ba7610ec,,,"ERROR: {'Error code': 429, 'Message': 'Unknown API error.', 'Data': 'Unknown API error.'}"
6b5e5ca0-6776-4c9c-b156-fb3f2a0e7530,,,"ERROR: {'Error code': 429, 'Message': 'Unknown API error.', 'Data': 'Unknown API error.'}"
6b61cd17-0210-45e7-9361-b56b52124844,,,"ERROR: {'Error code': 429, 'Message': 'Unknown API error.', 'Data': 'Unknown API error.'}"
6b5f6204-cbbe-48ea-87f0-5d0c06221117,,,"ERROR: {'Error code': 429, 'Message': 'Unknown API error.', 'Data': 'Unknown API error.'}"
6b61f1db-987e-417c-b8d0-c9ec66b588b3,,,"ERROR: {'Error code': 429, 'Message': 'Unknown API error.', 'Data': 'Unknown API error.'}"
6b6298a5-70fb-45ec-946e-43b22f0ce583,,,"ERROR: {'Error code': 429, 'Message': 'Unknown API error.', 'Data': 'Unknown API error.'}"
6b6811e5-7a1a-4f80-b0de-104f8f2d75e4,,,"ERROR: {'Error code': 429, 'Message': 'Unknown API error.', 'Data': 'Unknown API error.'}"
6b66d5de-5049-4f1d-87c9-9b23cbfa8a36,,,"ERROR: {'Error code': 429, 'Message': 'Unknown API error.', 'Data': 'Unknown API error.'}"
6b6deb3c-8cf5-49a0-afec-bfa97d65a746,,,"ERROR: {'Error code': 429, 'Message': 'Unknown API error.', 'Data': 'Unknown API error.'}"
6b6a5fbb-08dc-4b61-a0eb-2e1665a5d9f7,,,"ERROR: {'Error code': 429, 'Message': 'Unknown API error.', 'Data': 'Unknown API error.'}"
6b72bd9e-789c-4a7f-9b63-988257d98405,,,"ERROR: {'Error code': 429, 'Message': 'Unknown API error.', 'Data': 'Unknown API error.'}"
6b727b9c-61d4-433e-9ead-f0e438b4b2c8,,,"ERROR: {'Error code': 429, 'Message': 'Unknown API error.', 'Data': 'Unknown API error.'}"
6b75fc01-0878-4289-a0aa-770bbad1aae1,,,"ERROR: {'Error code': 429, 'Message': 'Unknown API error.', 'Data': 'Unknown API error.'}"
6b74056e-a9bc-4fb4-ad6a-08e5df8e4fee,,,"ERROR: {'Error code': 429, 'Message': 'Unknown API error.', 'Data': 'Unknown API error.'}"
6b770d4e-b609-445e-a484-904928674afd,,,"ERROR: {'Error code': 429, 'Message': 'Unknown API error.', 'Data': 'Unknown API error.'}"
6b783e12-24bd-4653-b0d1-b0d6e85ab68d,,,"ERROR: {'Error code': 429, 'Message': 'Unknown API error.', 'Data': 'Unknown API error.'}"
6b7a0204-46d9-420e-8c3a-acb70ab42be6,,,"ERROR: {'Error code': 429, 'Message': 'Unknown API error.', 'Data': 'Unknown API error.'}"
6b79c5b1-d464-42cc-aea9-eb1b18117750,,,"ERROR: {'Error code': 429, 'Message': 'Unknown API error.', 'Data': 'Unknown API error.'}"
6b7c0828-3db0-4e51-a744-32d91b07a6b4,,,"ERROR: {'Error code': 429, 'Message': 'Unknown API error.', 'Data': 'Unknown API error.'}"
6b7dc573-3068-4c08-ab15-88ec266696f7,,,"ERROR: {'Error code': 429, 'Message': 'Unknown API error.', 'Data': 'Unknown API error.'}"
6b7e90fb-f568-41fd-abd4-565a9fd69703,,,"ERROR: {'Error code': 429, 'Message': 'Unknown API error.', 'Data': 'Unknown API error.'}"
6b82c099-8789-4a2b-a778-f053261510c6,,,"ERROR: {'Error code': 429, 'Message': 'Unknown API error.', 'Data': 'Unknown API error.'}"
6b83f2db-f8f3-4ee2-9087-28c39078e4bd,,,"ERROR: {'Error code': 429, 'Message': 'Unknown API error.', 'Data': 'Unknown API error.'}"
6b88f998-0923-4180-b5d6-112df87f1065,,,"ERROR: {'Error code': 429, 'Message': 'Unknown API error.', 'Data': 'Unknown API error.'}"
6b89d4ab-9a17-43a0-83a1-e3f3acb0612f,,,"ERROR: {'Error code': 429, 'Message': 'Unknown API error.', 'Data': 'Unknown API error.'}"
6b8f8e6e-beca-45a3-9f7f-5c91a418537e,,,"ERROR: {'Error code': 429, 'Message': 'Unknown API error.', 'Data': 'Unknown API error.'}"
6b91b1be-cd1b-4e7a-98f3-958b434ad79d,,,"ERROR: {'Error code': 429, 'Message': 'Unknown API error.', 'Data': 'Unknown API error.'}"
6b912497-5a22-4fc3-bc0c-20405e607cab,,,"ERROR: {'Error code': 429, 'Message': 'Unknown API error.', 'Data': 'Unknown API error.'}"
6b96ef56-daa2-47dd-8b2b-a800add54591,,,"ERROR: {'Error code': 429, 'Message': 'Unknown API error.', 'Data': 'Unknown API error.'}"
6b9648a8-24fe-4b5e-b2bf-d5909cb8e939,,,"ERROR: {'Error code': 429, 'Message': 'Unknown API error.', 'Data': 'Unknown API error.'}"
6ba13eb7-2257-45e6-8b6c-06a501afb861,,,"ERROR: {'Error code': 429, 'Message': 'Unknown API error.', 'Data': 'Unknown API error.'}"
6ba1448b-87f3-43ff-a6eb-631b452c4ee5,,,"ERROR: {'Error code': 429, 'Message': 'Unknown API error.', 'Data': 'Unknown API error.'}"
6ba55de0-3ed7-4270-a4db-68af83fe8e51,,,"ERROR: {'Error code': 429, 'Message': 'Unknown API error.', 'Data': 'Unknown API error.'}"
6ba79c04-d005-4d72-8594-a65f8c64f97d,,,"ERROR: {'Error code': 429, 'Message': 'Unknown API error.', 'Data': 'Unknown API error.'}"
6babb64d-f126-467b-a60e-6cc6b61cab96,,,"ERROR: {'Error code': 429, 'Message': 'Unknown API error.', 'Data': 'Unknown API error.'}"
6ba89acd-3ed6-438a-b932-6792cc5c73ab,,,"ERROR: {'Error code': 429, 'Message': 'Unknown API error.', 'Data': 'Unknown API error.'}"
6bae07d9-d707-4b1a-b388-698801bba28d,,,"ERROR: {'Error code': 429, 'Message': 'Unknown API error.', 'Data': 'Unknown API error.'}"
6bac600c-c23a-45d4-963f-014b1eb778f9,,,"ERROR: {'Error code': 429, 'Message': 'Unknown API error.', 'Data': 'Unknown API error.'}"
6bb224d2-1a26-44cc-a895-149309e3488a,,,"ERROR: {'Error code': 429, 'Message': 'Unknown API error.', 'Data': 'Unknown API error.'}"
6bb57744-6372-4004-94c3-29e92890a7ed,,,"ERROR: {'Error code': 429, 'Message': 'Unknown API error.', 'Data': 'Unknown API error.'}"
6bb82a1c-2636-40c1-bd8e-9260ff8e52cc,,,"ERROR: {'Error code': 429, 'Message': 'Unknown API error.', 'Data': 'Unknown API error.'}"
6bb8eb30-1e23-474f-a353-8ca1965de276,,,"ERROR: {'Error code': 429, 'Message': 'Unknown API error.', 'Data': 'Unknown API error.'}"
6bbd4dec-1dd6-4ced-a603-885cdd89cf6e,,,"ERROR: {'Error code': 429, 'Message': 'Unknown API error.', 'Data': 'Unknown API error.'}"
6bba6399-9729-4a8b-b7f8-4477cde32004,,,"ERROR: {'Error code': 429, 'Message': 'Unknown API error.', 'Data': 'Unknown API error.'}"
6bbe0f48-8675-4ffa-88f6-1e8171de8775,,,"ERROR: {'Error code': 429, 'Message': 'Unknown API error.', 'Data': 'Unknown API error.'}"
6bbf36e9-dad7-4b1b-9527-be22e4f9a5ed,,,"ERROR: {'Error code': 429, 'Message': 'Unknown API error.', 'Data': 'Unknown API error.'}"
6bc40035-f6fb-4bc9-91c3-d15a7b374fc9,,,"ERROR: {'Error code': 429, 'Message': 'Unknown API error.', 'Data': 'Unknown API error.'}"
7069f9cf-4c53-453f-bb64-4e7d7660cb5e,,,"ERROR: {'Error code': 429, 'Message': 'Unknown API error.', 'Data': 'Unknown API error.'}"
706d1752-f021-4add-9d1e-9c742da4320d,,,"ERROR: {'Error code': 429, 'Message': 'Unknown API error.', 'Data': 'Unknown API error.'}"
70782016-81d7-4880-a720-a7cea8136cc2,,,"ERROR: {'Error code': 429, 'Message': 'Unknown API error.', 'Data': 'Unknown API error.'}"
70799117-c71f-46dc-b3c7-a09e6b8a89f7,,,"ERROR: {'Error code': 429, 'Message': 'Unknown API error.', 'Data': 'Unknown API error.'}"
707a2e1f-a567-4693-b2ae-b45b1eaa4613,,,"ERROR: {'Error code': 429, 'Message': 'Unknown API error.', 'Data': 'Unknown API error.'}"
707e2fdf-3cad-48ce-b3a5-f6f72af53faa,,,"ERROR: {'Error code': 429, 'Message': 'Unknown API error.', 'Data': 'Unknown API error.'}"
707f407c-0036-49f7-adf7-15afc0281aa7,,,"ERROR: {'Error code': 429, 'Message': 'Unknown API error.', 'Data': 'Unknown API error.'}"
708310fb-05e6-4b4f-8bdf-5ff2575d2d40,,,"ERROR: {'Error code': 429, 'Message': 'Unknown API error.', 'Data': 'Unknown API error.'}"
70806678-b90e-42ab-8fa2-989b9f52fb7b,,,"ERROR: {'Error code': 429, 'Message': 'Unknown API error.', 'Data': 'Unknown API error.'}"
7084ab69-7449-4391-ad1e-a2c7c6b40698,,,"ERROR: {'Error code': 429, 'Message': 'Unknown API error.', 'Data': 'Unknown API error.'}"
70846400-f5f9-4647-a362-776faaf86475,,,"ERROR: {'Error code': 429, 'Message': 'Unknown API error.', 'Data': 'Unknown API error.'}"
7087195d-29dd-4123-9b59-b1bdb2121616,,,"ERROR: {'Error code': 429, 'Message': 'Unknown API error.', 'Data': 'Unknown API error.'}"
7087255a-63b0-49f7-a832-673d5feea34d,,,"ERROR: {'Error code': 429, 'Message': 'Unknown API error.', 'Data': 'Unknown API error.'}"
70876d24-7c34-4642-8305-6e825cbd3ff1,,,"ERROR: {'Error code': 429, 'Message': 'Unknown API error.', 'Data': 'Unknown API error.'}"
70894959-803e-457f-8b70-00b12e3e6367,,,"ERROR: {'Error code': 429, 'Message': 'Unknown API error.', 'Data': 'Unknown API error.'}"
708abf31-a2fd-44d0-a686-6aa6bc58c737,,,"ERROR: {'Error code': 429, 'Message': 'Unknown API error.', 'Data': 'Unknown API error.'}"
708a11ba-f53c-47c1-b615-a09f2b7f8981,,,"ERROR: {'Error code': 429, 'Message': 'Unknown API error.', 'Data': 'Unknown API error.'}"
708dc236-b85d-4e14-b107-6ca16a4c649e,,,"ERROR: {'Error code': 429, 'Message': 'Unknown API error.', 'Data': 'Unknown API error.'}"
708f0868-3706-4fe5-85fa-6954edcd9afd,,,"ERROR: {'Error code': 429, 'Message': 'Unknown API error.', 'Data': 'Unknown API error.'}"
708f0b6d-d331-4d64-87b3-15ad20c22760,,,"ERROR: {'Error code': 429, 'Message': 'Unknown API error.', 'Data': 'Unknown API error.'}"
708f7d65-6f0f-4a82-8758-ac9a7ea4140c,,,"ERROR: {'Error code': 429, 'Message': 'Unknown API error.', 'Data': 'Unknown API error.'}"
7091ad24-0d69-4990-aa10-4e2bb91a180a,,,"ERROR: {'Error code': 429, 'Message': 'Unknown API error.', 'Data': 'Unknown API error.'}"
70913912-31ce-47bc-86d3-a65cf07302b3,,,"ERROR: {'Error code': 429, 'Message': 'Unknown API error.', 'Data': 'Unknown API error.'}"
7096fc4c-9bc2-456e-b6f6-06a3cf5991f2,,,"ERROR: {'Error code': 429, 'Message': 'Unknown API error.', 'Data': 'Unknown API error.'}"
7093caa8-503b-467c-8a1d-62068d2e527a,,,"ERROR: {'Error code': 429, 'Message': 'Unknown API error.', 'Data': 'Unknown API error.'}"
709de0b8-29f0-492c-a80a-4d079e095a15,,,"ERROR: {'Error code': 429, 'Message': 'Unknown API error.', 'Data': 'Unknown API error.'}"
709ca4d9-b05e-4af3-b3a7-aed235f6e3b0,,,"ERROR: {'Error code': 429, 'Message': 'Unknown API error.', 'Data': 'Unknown API error.'}"
70a489b9-bd6b-4511-8adf-c3ba4e84e3fb,,,"ERROR: {'Error code': 429, 'Message': 'Unknown API error.', 'Data': 'Unknown API error.'}"
709f9b7b-bd36-4998-b27e-6921616da163,,,"ERROR: {'Error code': 429, 'Message': 'Unknown API error.', 'Data': 'Unknown API error.'}"
70a65360-ebd7-4f37-a1c9-1931cb232667,,,"ERROR: {'Error code': 429, 'Message': 'Unknown API error.', 'Data': 'Unknown API error.'}"
70a4c666-e6dd-417a-864d-75828177b8bc,,,"ERROR: {'Error code': 429, 'Message': 'Unknown API error.', 'Data': 'Unknown API error.'}"
70a6f725-d0b0-4508-ba76-1dc6865c8978,,,"ERROR: {'Error code': 429, 'Message': 'Unknown API error.', 'Data': 'Unknown API error.'}"
70a6a9a1-a45e-48b1-b71c-814acb1997e5,,,"ERROR: {'Error code': 429, 'Message': 'Unknown API error.', 'Data': 'Unknown API error.'}"
70a84e09-9149-4d5c-a984-ce8a8b9191dd,,,"ERROR: {'Error code': 429, 'Message': 'Unknown API error.', 'Data': 'Unknown API error.'}"
70b3553c-98dd-46c5-8696-141f222fc417,,,"ERROR: {'Error code': 429, 'Message': 'Unknown API error.', 'Data': 'Unknown API error.'}"
70b66b34-da95-4787-ae03-63496f8f4a1a,,,"ERROR: {'Error code': 429, 'Message': 'Unknown API error.', 'Data': 'Unknown API error.'}"
70b48cc6-add2-4dca-b4ba-78125346eeef,,,"ERROR: {'Error code': 429, 'Message': 'Unknown API error.', 'Data': 'Unknown API error.'}"
70bcad47-e9cc-44bd-be7a-aa48db1d1b46,,,"ERROR: {'Error code': 429, 'Message': 'Unknown API error.', 'Data': 'Unknown API error.'}"
70b90093-b8a0-4adb-8346-dac86f4ed74c,,,"ERROR: {'Error code': 429, 'Message': 'Unknown API error.', 'Data': 'Unknown API error.'}"
70cb1f77-d529-48d2-be90-faf5b85255ff,,,"ERROR: {'Error code': 429, 'Message': 'Unknown API error.', 'Data': 'Unknown API error.'}"
70c55a81-9a3e-49cd-ac74-c1a7c0f55099,,,"ERROR: {'Error code': 429, 'Message': 'Unknown API error.', 'Data': 'Unknown API error.'}"
70d072ca-7724-4870-8af3-0cadf79611a9,,,"ERROR: {'Error code': 429, 'Message': 'Unknown API error.', 'Data': 'Unknown API error.'}"
70d07500-a89d-4c37-9b31-36e7f1ef35c0,,,"ERROR: {'Error code': 429, 'Message': 'Unknown API error.', 'Data': 'Unknown API error.'}"
70d50018-8fa6-4219-85a8-f1758db3aaec,,,"ERROR: {'Error code': 429, 'Message': 'Unknown API error.', 'Data': 'Unknown API error.'}"
70d296fc-d666-401f-bf79-ac4fea0db84c,,,"ERROR: {'Error code': 429, 'Message': 'Unknown API error.', 'Data': 'Unknown API error.'}"
70d5d1e4-0b0c-4d25-8839-83d4d4b3f44a,,,"ERROR: {'Error code': 429, 'Message': 'Unknown API error.', 'Data': 'Unknown API error.'}"
70db1b27-33b5-4541-ab62-4f27930041a9,,,"ERROR: {'Error code': 429, 'Message': 'Unknown API error.', 'Data': 'Unknown API error.'}"
70db98ae-d22b-40f9-9730-4083844d04a5,,,"ERROR: {'Error code': 429, 'Message': 'Unknown API error.', 'Data': 'Unknown API error.'}"
70e0f578-2950-4691-bc20-4cf0187552de,,,"ERROR: {'Error code': 429, 'Message': 'Unknown API error.', 'Data': 'Unknown API error.'}"
70eb9df2-3eaa-4709-b9be-a8dc7801bb63,,,"ERROR: {'Error code': 429, 'Message': 'Unknown API error.', 'Data': 'Unknown API error.'}"
70ea0531-ae4a-4ec6-9e51-32a3befb7222,,,"ERROR: {'Error code': 429, 'Message': 'Unknown API error.', 'Data': 'Unknown API error.'}"
757fed1e-772d-476e-b01b-815e4ec89e9c,,,"ERROR: {'Error code': 429, 'Message': 'Unknown API error.', 'Data': 'Unknown API error.'}"
757dcc73-26b4-462b-b2db-f65c06e93c4a,,,"ERROR: {'Error code': 429, 'Message': 'Unknown API error.', 'Data': 'Unknown API error.'}"
75810f95-9b1a-4075-bd2b-35137be48d23,,,"ERROR: {'Error code': 429, 'Message': 'Unknown API error.', 'Data': 'Unknown API error.'}"
7582de8a-e2aa-428f-9284-6f78f6b4ed1a,,,"ERROR: {'Error code': 429, 'Message': 'Unknown API error.', 'Data': 'Unknown API error.'}"
7583c8ab-0e42-4645-8642-3fb4741bece5,,,"ERROR: {'Error code': 429, 'Message': 'Unknown API error.', 'Data': 'Unknown API error.'}"
7590217c-0204-4d8f-b043-c473aa7ae84d,,,"ERROR: {'Error code': 429, 'Message': 'Unknown API error.', 'Data': 'Unknown API error.'}"
7595e818-49a4-41c0-a7d4-8a47893e8a54,,,"ERROR: {'Error code': 429, 'Message': 'Unknown API error.', 'Data': 'Unknown API error.'}"
759b6a23-c10e-4934-a35b-891205d706fe,,,"ERROR: {'Error code': 429, 'Message': 'Unknown API error.', 'Data': 'Unknown API error.'}"
759bdcef-435e-4b51-a6e1-9e36be9e49dd,,,"ERROR: {'Error code': 429, 'Message': 'Unknown API error.', 'Data': 'Unknown API error.'}"
759c89b1-53f5-4cf7-91e1-ae99c3c48815,,,"ERROR: {'Error code': 429, 'Message': 'Unknown API error.', 'Data': 'Unknown API error.'}"
75a011f6-a0bb-40fa-ad26-73a68f31d94b,,,"ERROR: {'Error code': 429, 'Message': 'Unknown API error.', 'Data': 'Unknown API error.'}"
759d493b-291c-44a4-a88d-7aaa2c33398a,,,"ERROR: {'Error code': 429, 'Message': 'Unknown API error.', 'Data': 'Unknown API error.'}"
75a27339-486b-4ded-946b-4281733aaf47,,,"ERROR: {'Error code': 429, 'Message': 'Unknown API error.', 'Data': 'Unknown API error.'}"
75a02b85-17ff-42b3-a23d-a1a66cd64172,,,"ERROR: {'Error code': 429, 'Message': 'Unknown API error.', 'Data': 'Unknown API error.'}"
75a2ad3e-87d7-4ad7-b75a-a42580b6c9c3,,,"ERROR: {'Error code': 429, 'Message': 'Unknown API error.', 'Data': 'Unknown API error.'}"
75a60714-07de-4e15-a538-eb9f93414294,,,"ERROR: {'Error code': 429, 'Message': 'Unknown API error.', 'Data': 'Unknown API error.'}"
75a9a85d-415a-4f7a-bb80-35a9e634976e,,,"ERROR: {'Error code': 429, 'Message': 'Unknown API error.', 'Data': 'Unknown API error.'}"
75abb771-3330-45fd-918e-8243e27239c4,,,"ERROR: {'Error code': 429, 'Message': 'Unknown API error.', 'Data': 'Unknown API error.'}"
75ad21d8-c27c-4963-89b4-c26648d50649,,,"ERROR: {'Error code': 429, 'Message': 'Unknown API error.', 'Data': 'Unknown API error.'}"
75b09d54-266a-49df-8bea-025a828b7f71,,,"ERROR: {'Error code': 429, 'Message': 'Unknown API error.', 'Data': 'Unknown API error.'}"
75b48c7a-b34a-4480-b979-2bfceba856a9,,,"ERROR: {'Error code': 429, 'Message': 'Unknown API error.', 'Data': 'Unknown API error.'}"
75b3bf0f-6b21-4215-8c07-87de498923c3,,,"ERROR: {'Error code': 429, 'Message': 'Unknown API error.', 'Data': 'Unknown API error.'}"
75bd15f4-a980-4ab6-845e-190d3ae5f78f,,,"ERROR: {'Error code': 429, 'Message': 'Unknown API error.', 'Data': 'Unknown API error.'}"
75bbf859-ccdb-4620-861a-b3b2dfecd8c8,,,"ERROR: {'Error code': 429, 'Message': 'Unknown API error.', 'Data': 'Unknown API error.'}"
75bd5e57-3b82-4a00-b817-da1012ded97b,,,"ERROR: {'Error code': 429, 'Message': 'Unknown API error.', 'Data': 'Unknown API error.'}"
75be481f-2707-4e53-9e47-79068420dc80,,,"ERROR: {'Error code': 429, 'Message': 'Unknown API error.', 'Data': 'Unknown API error.'}"
75c09899-0fef-41fe-8a2e-992931700a8f,,,"ERROR: {'Error code': 429, 'Message': 'Unknown API error.', 'Data': 'Unknown API error.'}"
75c38c63-846b-4410-a246-7f3ef6a4d082,,,"ERROR: {'Error code': 429, 'Message': 'Unknown API error.', 'Data': 'Unknown API error.'}"
75c5024b-fa5f-423b-a191-41aa89b938f8,,,"ERROR: {'Error code': 429, 'Message': 'Unknown API error.', 'Data': 'Unknown API error.'}"
75c8d4a9-9f0e-49fe-8c75-86dd7ef38b23,,,"ERROR: {'Error code': 429, 'Message': 'Unknown API error.', 'Data': 'Unknown API error.'}"
75d07fe7-aa0b-4927-97b6-5e256695f67b,,,"ERROR: {'Error code': 429, 'Message': 'Unknown API error.', 'Data': 'Unknown API error.'}"
75d20855-155b-4989-b0de-774cbc1f9be8,,,"ERROR: {'Error code': 429, 'Message': 'Unknown API error.', 'Data': 'Unknown API error.'}"
75d6c672-b64d-4ce5-9516-fb48ed1ac174,,,"ERROR: {'Error code': 429, 'Message': 'Unknown API error.', 'Data': 'Unknown API error.'}"
75d81347-5643-4de0-bc19-d0e47584ce7a,,,"ERROR: {'Error code': 429, 'Message': 'Unknown API error.', 'Data': 'Unknown API error.'}"
75d821a9-b04e-4264-bd3b-ca295c3eab75,,,"ERROR: {'Error code': 429, 'Message': 'Unknown API error.', 'Data': 'Unknown API error.'}"
75db9e94-8374-4540-acff-23a2cef603b3,,,"ERROR: {'Error code': 429, 'Message': 'Unknown API error.', 'Data': 'Unknown API error.'}"
75ddb11c-3574-4136-894e-f6af40cbdb81,,,"ERROR: {'Error code': 429, 'Message': 'Unknown API error.', 'Data': 'Unknown API error.'}"
75e08af7-bba0-494a-b7be-6af964313a96,,,"ERROR: {'Error code': 429, 'Message': 'Unknown API error.', 'Data': 'Unknown API error.'}"
75e3d45b-a980-4cb0-8b0b-be5ea81ecf00,,,"ERROR: {'Error code': 429, 'Message': 'Unknown API error.', 'Data': 'Unknown API error.'}"
75e58ab4-e402-4e20-bf90-2c27cac636e7,,,"ERROR: {'Error code': 429, 'Message': 'Unknown API error.', 'Data': 'Unknown API error.'}"
75f061ad-4334-4537-bb1f-ed81e44eae8e,,,"ERROR: {'Error code': 429, 'Message': 'Unknown API error.', 'Data': 'Unknown API error.'}"
75ebedef-5cca-491f-85df-a6ff1ac1716f,,,"ERROR: {'Error code': 429, 'Message': 'Unknown API error.', 'Data': 'Unknown API error.'}"
75f96f50-c559-4f45-a733-6a9823751d07,,,"ERROR: {'Error code': 429, 'Message': 'Unknown API error.', 'Data': 'Unknown API error.'}"
75f7e3bf-3740-4c7f-9c97-cbcf5d1b46b4,,,"ERROR: {'Error code': 429, 'Message': 'Unknown API error.', 'Data': 'Unknown API error.'}"
75fb0c9e-5bb6-48eb-8364-f874c31275dc,,,"ERROR: {'Error code': 429, 'Message': 'Unknown API error.', 'Data': 'Unknown API error.'}"
76000480-90bf-405c-8ae0-ecad416b517f,,,"ERROR: {'Error code': 429, 'Message': 'Unknown API error.', 'Data': 'Unknown API error.'}"
7a8e948b-e443-45fb-8587-d559bc8c6f1f,,,"ERROR: {'Error code': 429, 'Message': 'Unknown API error.', 'Data': 'Unknown API error.'}"
760055e4-e2e5-4edf-8f06-14b36b3ed4d3,,,"ERROR: {'Error code': 429, 'Message': 'Unknown API error.', 'Data': 'Unknown API error.'}"
7a953754-7fee-4404-aa1b-202edb3722d4,,,"ERROR: {'Error code': 429, 'Message': 'Unknown API error.', 'Data': 'Unknown API error.'}"
7a8f8f76-0b79-4f89-a651-f80c83c35163,,,"ERROR: {'Error code': 429, 'Message': 'Unknown API error.', 'Data': 'Unknown API error.'}"
7a97718a-ce28-40b1-80d8-e29ba5c78ec9,,,"ERROR: {'Error code': 429, 'Message': 'Unknown API error.', 'Data': 'Unknown API error.'}"
7aa23b3f-cb79-43c0-9da7-e978e15467b4,,,"ERROR: {'Error code': 429, 'Message': 'Unknown API error.', 'Data': 'Unknown API error.'}"
7aa8bced-ccb3-4e3e-b813-632f7198b486,,,"ERROR: {'Error code': 429, 'Message': 'Unknown API error.', 'Data': 'Unknown API error.'}"
7aa85e1b-0e39-44fa-80fc-2141493399e2,,,"ERROR: {'Error code': 429, 'Message': 'Unknown API error.', 'Data': 'Unknown API error.'}"
7aaaf7e7-7c51-4792-a051-f47457ed8347,,,"ERROR: {'Error code': 429, 'Message': 'Unknown API error.', 'Data': 'Unknown API error.'}"
7ab1ae51-c063-4b7a-a3b2-26100786e9f2,,,"ERROR: {'Error code': 429, 'Message': 'Unknown API error.', 'Data': 'Unknown API error.'}"
7ab5ec45-8a79-4c52-9ce4-26c94d2edffb,,,"ERROR: {'Error code': 429, 'Message': 'Unknown API error.', 'Data': 'Unknown API error.'}"
7ab4857a-e9a8-45c0-aeb4-2a26f5be4de9,,,"ERROR: {'Error code': 429, 'Message': 'Unknown API error.', 'Data': 'Unknown API error.'}"
7ab8b470-0825-47f7-8744-c8c3e09b6de5,,,"ERROR: {'Error code': 429, 'Message': 'Unknown API error.', 'Data': 'Unknown API error.'}"
7ab9ab48-dd46-4be6-a8f0-c160daf2f806,,,"ERROR: {'Error code': 429, 'Message': 'Unknown API error.', 'Data': 'Unknown API error.'}"
7abc61d4-85f4-4e87-828c-9601cb7f88df,,,"ERROR: {'Error code': 429, 'Message': 'Unknown API error.', 'Data': 'Unknown API error.'}"
7ac23145-f302-45a8-ac50-c85ce2e8ac8f,,,"ERROR: {'Error code': 429, 'Message': 'Unknown API error.', 'Data': 'Unknown API error.'}"
7ac2dbfe-2384-4834-9874-6ff655762d3c,,,"ERROR: {'Error code': 429, 'Message': 'Unknown API error.', 'Data': 'Unknown API error.'}"
7ac5fb14-ddf6-498c-ba1b-aeaf87749b99,,,"ERROR: {'Error code': 429, 'Message': 'Unknown API error.', 'Data': 'Unknown API error.'}"
7ac8479d-f8b6-436f-acc4-5bf1007f2ad2,,,"ERROR: {'Error code': 429, 'Message': 'Unknown API error.', 'Data': 'Unknown API error.'}"
7acc9951-a96f-4b05-8e07-63ec1b887e34,,,"ERROR: {'Error code': 429, 'Message': 'Unknown API error.', 'Data': 'Unknown API error.'}"
7ad3c451-fb73-429b-91c7-5f5cd14a17d9,,,"ERROR: {'Error code': 429, 'Message': 'Unknown API error.', 'Data': 'Unknown API error.'}"
7ad46d9c-15f4-417e-98f2-f9534eda0c61,,,"ERROR: {'Error code': 429, 'Message': 'Unknown API error.', 'Data': 'Unknown API error.'}"
7ad6c193-3766-4410-a7ea-8dfd9ed922cf,,,"ERROR: {'Error code': 429, 'Message': 'Unknown API error.', 'Data': 'Unknown API error.'}"
7ad4e868-1741-43db-9ded-7788ba1b0b4b,,,"ERROR: {'Error code': 429, 'Message': 'Unknown API error.', 'Data': 'Unknown API error.'}"
7ad7d109-a453-4eb5-9334-540898455c25,,,"ERROR: {'Error code': 429, 'Message': 'Unknown API error.', 'Data': 'Unknown API error.'}"
7ad95e13-2a51-4b31-9573-4b56a6d54c0b,,,"ERROR: {'Error code': 429, 'Message': 'Unknown API error.', 'Data': 'Unknown API error.'}"
7ade9494-f84e-44eb-ba04-b5606adf7cc4,,,"ERROR: {'Error code': 429, 'Message': 'Unknown API error.', 'Data': 'Unknown API error.'}"
7adb0704-0c04-4c33-939c-fc55c94e6387,,,"ERROR: {'Error code': 429, 'Message': 'Unknown API error.', 'Data': 'Unknown API error.'}"
7adf7006-821a-414d-9729-fedc0ccf309f,,,"ERROR: {'Error code': 429, 'Message': 'Unknown API error.', 'Data': 'Unknown API error.'}"
7ae00353-3a6a-4dc2-8fbe-ab7927173ca2,,,"ERROR: {'Error code': 429, 'Message': 'Unknown API error.', 'Data': 'Unknown API error.'}"
7ae0c5cc-3cd3-48a9-ad3e-fc7cd40f2fc5,,,"ERROR: {'Error code': 429, 'Message': 'Unknown API error.', 'Data': 'Unknown API error.'}"
7ae052a6-f1be-4c9e-81bd-19c5acce6392,,,"ERROR: {'Error code': 429, 'Message': 'Unknown API error.', 'Data': 'Unknown API error.'}"
7aebdaa5-c0eb-46fe-bf42-5ab3fef826c4,,,"ERROR: {'Error code': 429, 'Message': 'Unknown API error.', 'Data': 'Unknown API error.'}"
7ae50ade-e9c8-413b-a85a-a5d7e767fbf4,,,"ERROR: {'Error code': 429, 'Message': 'Unknown API error.', 'Data': 'Unknown API error.'}"
7aed327c-b726-4283-ac65-d84f3dcc607b,,,"ERROR: {'Error code': 429, 'Message': 'Unknown API error.', 'Data': 'Unknown API error.'}"
7aed35f8-f82f-473a-9b23-038e520a81ee,,,"ERROR: {'Error code': 429, 'Message': 'Unknown API error.', 'Data': 'Unknown API error.'}"
7af15003-1782-43a5-9f6a-e55cb3bde5af,,,"ERROR: {'Error code': 429, 'Message': 'Unknown API error.', 'Data': 'Unknown API error.'}"
7af0c1b2-3bb1-4487-8353-6c910f057c6b,,,"ERROR: {'Error code': 429, 'Message': 'Unknown API error.', 'Data': 'Unknown API error.'}"
7af31e97-c034-465e-97c8-d0d0f14f0e39,,,"ERROR: {'Error code': 429, 'Message': 'Unknown API error.', 'Data': 'Unknown API error.'}"
7af44deb-a7b8-4c32-97df-4ebfa42515ff,,,"ERROR: {'Error code': 429, 'Message': 'Unknown API error.', 'Data': 'Unknown API error.'}"
7af4e4bc-837b-4148-a3b0-8eb3721ab9c1,,,"ERROR: {'Error code': 429, 'Message': 'Unknown API error.', 'Data': 'Unknown API error.'}"
7af4fb8a-91f9-421a-896b-200176042745,,,"ERROR: {'Error code': 429, 'Message': 'Unknown API error.', 'Data': 'Unknown API error.'}"
7af89b92-9c6f-4158-b257-1d2a90f3a2d4,,,"ERROR: {'Error code': 429, 'Message': 'Unknown API error.', 'Data': 'Unknown API error.'}"
7af5d302-4777-4d54-a942-4cef2d4f0878,,,"ERROR: {'Error code': 429, 'Message': 'Unknown API error.', 'Data': 'Unknown API error.'}"
7afcfda9-091d-4deb-bf3c-0c05c555c427,,,"ERROR: {'Error code': 429, 'Message': 'Unknown API error.', 'Data': 'Unknown API error.'}"
7afe1589-5726-4590-95a0-9d95f2b32fbf,,,"ERROR: {'Error code': 429, 'Message': 'Unknown API error.', 'Data': 'Unknown API error.'}"
7afe75c0-e351-473d-9c09-99935e42a6f0,,,"ERROR: {'Error code': 429, 'Message': 'Unknown API error.', 'Data': 'Unknown API error.'}"
7b033c2e-4546-4ffe-a252-09a96628e51b,,,"ERROR: {'Error code': 429, 'Message': 'Unknown API error.', 'Data': 'Unknown API error.'}"
7b037787-2e72-4d87-ad9e-63d665419433,,,"ERROR: {'Error code': 429, 'Message': 'Unknown API error.', 'Data': 'Unknown API error.'}"
7b041fce-62f7-4245-926f-31379354a10d,,,"ERROR: {'Error code': 429, 'Message': 'Unknown API error.', 'Data': 'Unknown API error.'}"
7b056323-eaf0-47fa-86e1-1e86bb40a275,,,"ERROR: {'Error code': 429, 'Message': 'Unknown API error.', 'Data': 'Unknown API error.'}"
7b05b4b2-b4cb-4b84-ac7f-79644f2a937d,,,"ERROR: {'Error code': 429, 'Message': 'Unknown API error.', 'Data': 'Unknown API error.'}"
7b061263-14d2-469f-b783-0ad87df17c01,,,"ERROR: {'Error code': 429, 'Message': 'Unknown API error.', 'Data': 'Unknown API error.'}"
7b0768d4-8ce0-478b-95f4-8215b82e4562,,,"ERROR: {'Error code': 429, 'Message': 'Unknown API error.', 'Data': 'Unknown API error.'}"
7facf0d9-814f-402b-9803-870c3510f44f,,,"ERROR: {'Error code': 429, 'Message': 'Unknown API error.', 'Data': 'Unknown API error.'}"
7fb148c8-6661-4e14-90e9-d4b473e8b1ad,,,"ERROR: {'Error code': 429, 'Message': 'Unknown API error.', 'Data': 'Unknown API error.'}"
7fb1a56e-ee90-4ff9-be3c-fc7a07a84049,,,"ERROR: {'Error code': 429, 'Message': 'Unknown API error.', 'Data': 'Unknown API error.'}"
7fb2d61b-67ee-42ab-9117-d7c676d1670f,,,"ERROR: {'Error code': 429, 'Message': 'Unknown API error.', 'Data': 'Unknown API error.'}"
7fb3a836-34bb-4ec3-ac5e-3389a2ae803f,,,"ERROR: {'Error code': 429, 'Message': 'Unknown API error.', 'Data': 'Unknown API error.'}"
7fb64e5d-7451-42c2-a1e0-ef0a625efb43,,,"ERROR: {'Error code': 429, 'Message': 'Unknown API error.', 'Data': 'Unknown API error.'}"
7fb78d7c-a01b-4447-b10e-9832ae01e175,,,"ERROR: {'Error code': 429, 'Message': 'Unknown API error.', 'Data': 'Unknown API error.'}"
7fb7e619-a495-4df5-8de7-3a6679fd8c54,,,"ERROR: {'Error code': 429, 'Message': 'Unknown API error.', 'Data': 'Unknown API error.'}"
7fc2705b-3df0-46c4-b516-af001117de8b,,,"ERROR: {'Error code': 429, 'Message': 'Unknown API error.', 'Data': 'Unknown API error.'}"
7fc42f51-f4f8-41f3-b8a3-e40bb10f1e09,,,"ERROR: {'Error code': 429, 'Message': 'Unknown API error.', 'Data': 'Unknown API error.'}"
7fc49e1e-ac44-4525-8084-905f9a3497e0,,,"ERROR: {'Error code': 429, 'Message': 'Unknown API error.', 'Data': 'Unknown API error.'}"
7fc7c421-7963-46da-a8b6-f4d074d3b475,,,"ERROR: {'Error code': 429, 'Message': 'Unknown API error.', 'Data': 'Unknown API error.'}"
7fca7af7-2014-4f8e-905f-1e07373c2b93,,,"ERROR: {'Error code': 429, 'Message': 'Unknown API error.', 'Data': 'Unknown API error.'}"
7fcb2c74-d16a-46b7-9900-6c24a0c4b475,,,"ERROR: {'Error code': 429, 'Message': 'Unknown API error.', 'Data': 'Unknown API error.'}"
7fcdb968-bd82-4d15-bd49-858de89980ff,,,"ERROR: {'Error code': 429, 'Message': 'Unknown API error.', 'Data': 'Unknown API error.'}"
7fd2693e-575b-435e-9087-aa4e870c4212,,,"ERROR: {'Error code': 429, 'Message': 'Unknown API error.', 'Data': 'Unknown API error.'}"
7fd27c7a-83cb-412f-8371-0576edb45a4b,,,"ERROR: {'Error code': 429, 'Message': 'Unknown API error.', 'Data': 'Unknown API error.'}"
7fd4de96-2f74-4abb-9841-fd3f082204f6,,,"ERROR: {'Error code': 429, 'Message': 'Unknown API error.', 'Data': 'Unknown API error.'}"
7fd59867-97d0-49f0-806f-a9edbfd8ad39,,,"ERROR: {'Error code': 429, 'Message': 'Unknown API error.', 'Data': 'Unknown API error.'}"
7fd82a45-890b-4116-a5aa-1d2f77e51ec7,,,"ERROR: {'Error code': 429, 'Message': 'Unknown API error.', 'Data': 'Unknown API error.'}"
7fd93880-60a0-4aaa-ac81-776bc2b384a4,,,"ERROR: {'Error code': 429, 'Message': 'Unknown API error.', 'Data': 'Unknown API error.'}"
7fdadf42-321f-4f4d-9fb9-be0aef90b4a2,,,"ERROR: {'Error code': 429, 'Message': 'Unknown API error.', 'Data': 'Unknown API error.'}"
7fdc1b27-cd33-4309-9d7d-928f7fbf5c21,,,"ERROR: {'Error code': 429, 'Message': 'Unknown API error.', 'Data': 'Unknown API error.'}"
7fded6fe-050f-4124-b31c-af3c36104255,,,"ERROR: {'Error code': 429, 'Message': 'Unknown API error.', 'Data': 'Unknown API error.'}"
7fe2692d-38a4-44ec-963e-b177ffa15071,,,"ERROR: {'Error code': 429, 'Message': 'Unknown API error.', 'Data': 'Unknown API error.'}"
7fe574a2-5578-48c9-b740-2cd56a1cdcf5,,,"ERROR: {'Error code': 429, 'Message': 'Unknown API error.', 'Data': 'Unknown API error.'}"
7fedf20e-5b99-42fc-8c4f-f65127c3f75b,,,"ERROR: {'Error code': 429, 'Message': 'Unknown API error.', 'Data': 'Unknown API error.'}"
7fee277e-0750-4e51-abc9-04be11c1db1e,,,"ERROR: {'Error code': 429, 'Message': 'Unknown API error.', 'Data': 'Unknown API error.'}"
7fef75ca-ae00-440e-bf3f-1f951ce27c63,,,"ERROR: {'Error code': 429, 'Message': 'Unknown API error.', 'Data': 'Unknown API error.'}"
7fefb063-6e68-4f5e-9f78-76e58e463761,,,"ERROR: {'Error code': 429, 'Message': 'Unknown API error.', 'Data': 'Unknown API error.'}"
7ff00a56-2d82-4ab9-a2dd-10490c93e339,,,"ERROR: {'Error code': 429, 'Message': 'Unknown API error.', 'Data': 'Unknown API error.'}"
7ff0d792-f1dd-4452-a07a-593bca4203cd,,,"ERROR: {'Error code': 429, 'Message': 'Unknown API error.', 'Data': 'Unknown API error.'}"
7ff2e724-d292-4b2e-abb0-2e8667f0197b,,,"ERROR: {'Error code': 429, 'Message': 'Unknown API error.', 'Data': 'Unknown API error.'}"
7ffb017c-a84c-4b16-a8a8-9525098e563a,,,"ERROR: {'Error code': 429, 'Message': 'Unknown API error.', 'Data': 'Unknown API error.'}"
7ffbad01-53da-4fcb-b6ad-09ddccf7a145,,,"ERROR: {'Error code': 429, 'Message': 'Unknown API error.', 'Data': 'Unknown API error.'}"
7ffcc85c-129b-41a6-a73c-21e6456fd036,,,"ERROR: {'Error code': 429, 'Message': 'Unknown API error.', 'Data': 'Unknown API error.'}"
7ffe855a-8522-4ca7-8736-ec92f7e2bdb9,,,"ERROR: {'Error code': 429, 'Message': 'Unknown API error.', 'Data': 'Unknown API error.'}"
8004c5e1-258d-4aad-b9b9-82291a2d37ed,,,"ERROR: {'Error code': 429, 'Message': 'Unknown API error.', 'Data': 'Unknown API error.'}"
80054607-aa22-41c7-ba05-6709bd3ccaff,,,"ERROR: {'Error code': 429, 'Message': 'Unknown API error.', 'Data': 'Unknown API error.'}"
80060fac-97f2-4256-9266-c076f7dab993,,,"ERROR: {'Error code': 429, 'Message': 'Unknown API error.', 'Data': 'Unknown API error.'}"
80096af4-997d-4f65-9fef-551c43a80379,,,"ERROR: {'Error code': 429, 'Message': 'Unknown API error.', 'Data': 'Unknown API error.'}"
800de56f-9532-4cbe-a8df-5663c763044d,,,"ERROR: {'Error code': 429, 'Message': 'Unknown API error.', 'Data': 'Unknown API error.'}"
800ee568-0927-4f28-adcd-64c34b72f038,,,"ERROR: {'Error code': 429, 'Message': 'Unknown API error.', 'Data': 'Unknown API error.'}"
800f3269-4432-4415-8a62-77c475eb4224,,,"ERROR: {'Error code': 429, 'Message': 'Unknown API error.', 'Data': 'Unknown API error.'}"
800f4ce3-ee7e-4a93-ac59-ef57c8689c72,,,"ERROR: {'Error code': 429, 'Message': 'Unknown API error.', 'Data': 'Unknown API error.'}"
80115e3c-3d5c-4533-8947-d1ca61619d53,,,"ERROR: {'Error code': 429, 'Message': 'Unknown API error.', 'Data': 'Unknown API error.'}"
80158132-adfb-4527-bc43-45f3876dbf9d,,,"ERROR: {'Error code': 429, 'Message': 'Unknown API error.', 'Data': 'Unknown API error.'}"
801960aa-3b21-4292-a43c-5a5b61077d41,,,"ERROR: {'Error code': 429, 'Message': 'Unknown API error.', 'Data': 'Unknown API error.'}"
801a8bb2-2ef0-4411-a784-63712d706a05,,,"ERROR: {'Error code': 429, 'Message': 'Unknown API error.', 'Data': 'Unknown API error.'}"
801a98a3-7d8d-4f64-b700-20d120a4587d,,,"ERROR: {'Error code': 429, 'Message': 'Unknown API error.', 'Data': 'Unknown API error.'}"
801ceafa-afdd-47b2-90ab-51e66c48690a,,,"ERROR: {'Error code': 429, 'Message': 'Unknown API error.', 'Data': 'Unknown API error.'}"
801d9dad-d9af-44c3-ad26-5bf2e4f5bc82,,,"ERROR: {'Error code': 429, 'Message': 'Unknown API error.', 'Data': 'Unknown API error.'}"
80222a59-f0f3-41f9-89b7-5c3a522062dd,,,"ERROR: {'Error code': 429, 'Message': 'Unknown API error.', 'Data': 'Unknown API error.'}"
802a3d94-3b13-4430-8bee-90a8ec811286,,,"ERROR: {'Error code': 429, 'Message': 'Unknown API error.', 'Data': 'Unknown API error.'}"
802ad095-cba1-44fc-b096-6649cf0c6508,,,"ERROR: {'Error code': 429, 'Message': 'Unknown API error.', 'Data': 'Unknown API error.'}"
84c6d88d-3060-429f-a794-59c05b59be94,,,"ERROR: {'Error code': 429, 'Message': 'Unknown API error.', 'Data': 'Unknown API error.'}"
84c91708-ac86-4e2e-9b71-1bb39cb14247,,,"ERROR: {'Error code': 429, 'Message': 'Unknown API error.', 'Data': 'Unknown API error.'}"
84ccc74d-d7e3-4144-9d6b-11b4ff401275,,,"ERROR: {'Error code': 429, 'Message': 'Unknown API error.', 'Data': 'Unknown API error.'}"
84d1231d-cf9f-4c6a-b26b-d49d8ec1e5a6,,,"ERROR: {'Error code': 429, 'Message': 'Unknown API error.', 'Data': 'Unknown API error.'}"
84d3656e-a8f0-4ea0-b11b-5b4c2129daf8,,,"ERROR: {'Error code': 429, 'Message': 'Unknown API error.', 'Data': 'Unknown API error.'}"
84db1c0a-1765-4715-90ef-afdc845475c0,,,"ERROR: {'Error code': 429, 'Message': 'Unknown API error.', 'Data': 'Unknown API error.'}"
84db490c-9756-425b-ace1-4e38b146809c,,,"ERROR: {'Error code': 429, 'Message': 'Unknown API error.', 'Data': 'Unknown API error.'}"
84dc49df-3a7e-4cad-a3b2-3358dd85efdc,,,"ERROR: {'Error code': 429, 'Message': 'Unknown API error.', 'Data': 'Unknown API error.'}"
84ddd764-61e3-406d-ac1c-02658c82723a,,,"ERROR: {'Error code': 429, 'Message': 'Unknown API error.', 'Data': 'Unknown API error.'}"
84dee059-5712-4f54-a0fb-b088d2096c71,,,"ERROR: {'Error code': 429, 'Message': 'Unknown API error.', 'Data': 'Unknown API error.'}"
84e0a55a-94de-4b0d-a9f1-6e987f157a7d,,,"ERROR: {'Error code': 429, 'Message': 'Unknown API error.', 'Data': 'Unknown API error.'}"
84f2e962-dd50-49b2-a1c7-263ecd844981,,,"ERROR: {'Error code': 429, 'Message': 'Unknown API error.', 'Data': 'Unknown API error.'}"
84f46abb-af41-48fc-93b2-75c516080c40,,,"ERROR: {'Error code': 429, 'Message': 'Unknown API error.', 'Data': 'Unknown API error.'}"
84f7388b-7c53-494a-94f1-737fc494cf4a,,,"ERROR: {'Error code': 429, 'Message': 'Unknown API error.', 'Data': 'Unknown API error.'}"
8501216c-18ea-455c-9968-384c55e32fce,,,"ERROR: {'Error code': 429, 'Message': 'Unknown API error.', 'Data': 'Unknown API error.'}"
85020f82-19ab-4ff6-9aba-6cb4bd56e229,,,"ERROR: {'Error code': 429, 'Message': 'Unknown API error.', 'Data': 'Unknown API error.'}"
8502fd21-93af-4eed-9999-cbc7f7141f69,,,"ERROR: {'Error code': 429, 'Message': 'Unknown API error.', 'Data': 'Unknown API error.'}"
8503ce3b-aab3-4c81-be81-2eb5cfa0e394,,,"ERROR: {'Error code': 429, 'Message': 'Unknown API error.', 'Data': 'Unknown API error.'}"
8504d779-e452-4e51-bfa3-6832f460780e,,,"ERROR: {'Error code': 429, 'Message': 'Unknown API error.', 'Data': 'Unknown API error.'}"
8505684a-8bfe-4798-82e8-db4f898112ed,,,"ERROR: {'Error code': 429, 'Message': 'Unknown API error.', 'Data': 'Unknown API error.'}"
850817ce-7729-455c-8656-ccf34877baa8,,,"ERROR: {'Error code': 429, 'Message': 'Unknown API error.', 'Data': 'Unknown API error.'}"
8509609d-e8be-41c1-9f9f-30f515adee9b,,,"ERROR: {'Error code': 429, 'Message': 'Unknown API error.', 'Data': 'Unknown API error.'}"
850a8fbc-eb53-4c66-ac86-e93209ef1094,,,"ERROR: {'Error code': 429, 'Message': 'Unknown API error.', 'Data': 'Unknown API error.'}"
850ab331-2c8f-4a3a-9744-a5c6433d9a83,,,"ERROR: {'Error code': 429, 'Message': 'Unknown API error.', 'Data': 'Unknown API error.'}"
850ad02f-8c78-4643-9482-85e72410d1a1,,,"ERROR: {'Error code': 429, 'Message': 'Unknown API error.', 'Data': 'Unknown API error.'}"
850d835a-6315-4c61-8dd5-f8938f3996a1,,,"ERROR: {'Error code': 429, 'Message': 'Unknown API error.', 'Data': 'Unknown API error.'}"
850f661a-b607-4f61-ae5d-f9dd907f648b,,,"ERROR: {'Error code': 429, 'Message': 'Unknown API error.', 'Data': 'Unknown API error.'}"
851d1559-b551-4bcc-a593-6a8f2bf53d05,,,"ERROR: {'Error code': 429, 'Message': 'Unknown API error.', 'Data': 'Unknown API error.'}"
85220bec-7842-49b5-bea7-ee952088d340,,,"ERROR: {'Error code': 429, 'Message': 'Unknown API error.', 'Data': 'Unknown API error.'}"
8525bc54-b349-4193-bb50-519dd73079a2,,,"ERROR: {'Error code': 429, 'Message': 'Unknown API error.', 'Data': 'Unknown API error.'}"
8528162b-87b7-48d6-bb8c-225331f767c4,,,"ERROR: {'Error code': 429, 'Message': 'Unknown API error.', 'Data': 'Unknown API error.'}"
8529ec06-2b4c-4c76-887f-28f83f7d5348,,,"ERROR: {'Error code': 429, 'Message': 'Unknown API error.', 'Data': 'Unknown API error.'}"
853007c6-5bbd-43f1-9b16-a1495386191a,,,"ERROR: {'Error code': 429, 'Message': 'Unknown API error.', 'Data': 'Unknown API error.'}"
853159d7-be66-4b5f-bf84-d8c416a92dcd,,,"ERROR: {'Error code': 429, 'Message': 'Unknown API error.', 'Data': 'Unknown API error.'}"
853336fd-78cf-413e-950c-b6198b662890,,,"ERROR: {'Error code': 429, 'Message': 'Unknown API error.', 'Data': 'Unknown API error.'}"
853788a2-f890-470d-ae6d-c597fabc7873,,,"ERROR: {'Error code': 429, 'Message': 'Unknown API error.', 'Data': 'Unknown API error.'}"
853bac97-8459-46f0-8143-235fd469f144,,,"ERROR: {'Error code': 429, 'Message': 'Unknown API error.', 'Data': 'Unknown API error.'}"
853fc8dd-43e0-46c8-b908-4fa617bbe2a3,,,"ERROR: {'Error code': 429, 'Message': 'Unknown API error.', 'Data': 'Unknown API error.'}"
8541155b-09d3-4551-a212-f19ffd16aff8,,,"ERROR: {'Error code': 429, 'Message': 'Unknown API error.', 'Data': 'Unknown API error.'}"
85462df7-d89d-4268-8dab-ad48deb8585d,,,"ERROR: {'Error code': 429, 'Message': 'Unknown API error.', 'Data': 'Unknown API error.'}"
85478881-4e0b-4ba1-8f07-af3b478d9832,,,"ERROR: {'Error code': 429, 'Message': 'Unknown API error.', 'Data': 'Unknown API error.'}"
854b144d-7a27-4df4-8f8b-788234927712,,,"ERROR: {'Error code': 429, 'Message': 'Unknown API error.', 'Data': 'Unknown API error.'}"
854bbd76-a1b4-4fd7-a10f-5143b1893796,,,"ERROR: {'Error code': 429, 'Message': 'Unknown API error.', 'Data': 'Unknown API error.'}"
89ee6a12-6e38-45c6-becf-83a7007d44ea,,,"ERROR: {'Error code': 429, 'Message': 'Unknown API error.', 'Data': 'Unknown API error.'}"
89f53c28-1b0d-4292-bb92-296c6b48974f,,,"ERROR: {'Error code': 429, 'Message': 'Unknown API error.', 'Data': 'Unknown API error.'}"
89f76639-9ef5-4dbe-b4ad-934c05196b45,,,"ERROR: {'Error code': 429, 'Message': 'Unknown API error.', 'Data': 'Unknown API error.'}"
89fa0b2e-d3ca-44c0-8775-610855c8a240,,,"ERROR: {'Error code': 429, 'Message': 'Unknown API error.', 'Data': 'Unknown API error.'}"
89faf71a-a2d8-4ca3-a91e-b136205005d4,,,"ERROR: {'Error code': 429, 'Message': 'Unknown API error.', 'Data': 'Unknown API error.'}"
89fcb3a8-f72d-4199-9a49-f8dfea11b013,,,"ERROR: {'Error code': 429, 'Message': 'Unknown API error.', 'Data': 'Unknown API error.'}"
8a0166d6-f9e9-499a-b2cb-2dcd50877f6d,,,"ERROR: {'Error code': 429, 'Message': 'Unknown API error.', 'Data': 'Unknown API error.'}"
8a036594-cd85-403d-9849-0a4e4a15d918,,,"ERROR: {'Error code': 429, 'Message': 'Unknown API error.', 'Data': 'Unknown API error.'}"
8a03765a-fc11-437f-81c6-47e420052419,,,"ERROR: {'Error code': 429, 'Message': 'Unknown API error.', 'Data': 'Unknown API error.'}"
8a053d64-a597-4cc7-ae00-6bc33c06c9c1,,,"ERROR: {'Error code': 429, 'Message': 'Unknown API error.', 'Data': 'Unknown API error.'}"
8a07a102-562e-49b2-aa46-06fa2b2dc4ce,,,"ERROR: {'Error code': 429, 'Message': 'Unknown API error.', 'Data': 'Unknown API error.'}"
8a09696f-defe-4381-a3fa-8b7190ef7356,,,"ERROR: {'Error code': 429, 'Message': 'Unknown API error.', 'Data': 'Unknown API error.'}"
8a0a261c-13fa-4e4f-ba15-fc83add34e90,,,"ERROR: {'Error code': 429, 'Message': 'Unknown API error.', 'Data': 'Unknown API error.'}"
8a0c90e1-0dbf-4264-af50-52e3e28944c2,,,"ERROR: {'Error code': 429, 'Message': 'Unknown API error.', 'Data': 'Unknown API error.'}"
8a0eeb67-4734-454b-9abb-fb91a3bbf21d,,,"ERROR: {'Error code': 429, 'Message': 'Unknown API error.', 'Data': 'Unknown API error.'}"
8a0fc50d-216d-423a-beba-023c1020119a,,,"ERROR: {'Error code': 429, 'Message': 'Unknown API error.', 'Data': 'Unknown API error.'}"
8a115eb1-f56d-4ec1-967a-565c25991271,,,"ERROR: {'Error code': 429, 'Message': 'Unknown API error.', 'Data': 'Unknown API error.'}"
8a11624b-e33c-468a-94d8-f1fd77aa0016,,,"ERROR: {'Error code': 429, 'Message': 'Unknown API error.', 'Data': 'Unknown API error.'}"
8a11fadb-92dd-47d8-8aca-4b0b1c7790ec,,,"ERROR: {'Error code': 429, 'Message': 'Unknown API error.', 'Data': 'Unknown API error.'}"
8a120a8f-a01b-45b9-8622-d67f4b8a58ab,,,"ERROR: {'Error code': 429, 'Message': 'Unknown API error.', 'Data': 'Unknown API error.'}"
8a1490aa-ed0d-48ba-8dfd-605219f31b99,,,"ERROR: {'Error code': 429, 'Message': 'Unknown API error.', 'Data': 'Unknown API error.'}"
8a1545a9-5d49-4b22-b74c-ef0dc0dace80,,,"ERROR: {'Error code': 429, 'Message': 'Unknown API error.', 'Data': 'Unknown API error.'}"
8a172038-854f-4568-a1c4-93e45d6d8f3f,,,"ERROR: {'Error code': 429, 'Message': 'Unknown API error.', 'Data': 'Unknown API error.'}"
8a1722c4-e528-40e4-91c1-094f616da1c8,,,"ERROR: {'Error code': 429, 'Message': 'Unknown API error.', 'Data': 'Unknown API error.'}"
8a17521f-50f7-4129-99f8-09a622660aa5,,,"ERROR: {'Error code': 429, 'Message': 'Unknown API error.', 'Data': 'Unknown API error.'}"
8a1791da-54c4-4121-a288-f7430823a9d7,,,"ERROR: {'Error code': 429, 'Message': 'Unknown API error.', 'Data': 'Unknown API error.'}"
8a18c41d-e8f8-45e3-8d88-d25ef5126fb9,,,"ERROR: {'Error code': 429, 'Message': 'Unknown API error.', 'Data': 'Unknown API error.'}"
8a1d3b39-6646-4fa1-9758-655cea2a4116,,,"ERROR: {'Error code': 429, 'Message': 'Unknown API error.', 'Data': 'Unknown API error.'}"
8a1f1d8a-dc97-445f-89b5-6dfa30244f5f,,,"ERROR: {'Error code': 429, 'Message': 'Unknown API error.', 'Data': 'Unknown API error.'}"
8a203f90-a00e-4440-b458-57b5ea7ea727,,,"ERROR: {'Error code': 429, 'Message': 'Unknown API error.', 'Data': 'Unknown API error.'}"
8a207268-6f60-4081-a4dd-6d365fe3adb5,,,"ERROR: {'Error code': 429, 'Message': 'Unknown API error.', 'Data': 'Unknown API error.'}"
8a225582-87a1-4394-b2ad-c18c008b0389,,,"ERROR: {'Error code': 429, 'Message': 'Unknown API error.', 'Data': 'Unknown API error.'}"
8a23e2fd-d40d-46d0-97d1-8a7ee467676f,,,"ERROR: {'Error code': 429, 'Message': 'Unknown API error.', 'Data': 'Unknown API error.'}"
8a261728-6381-4c86-ac7c-6094703ed1d9,,,"ERROR: {'Error code': 429, 'Message': 'Unknown API error.', 'Data': 'Unknown API error.'}"
8a276c12-1fd1-4c2d-b7b7-1dcb3c814094,,,"ERROR: {'Error code': 429, 'Message': 'Unknown API error.', 'Data': 'Unknown API error.'}"
8a276d92-e5d1-47e6-a7af-00050a66280a,,,"ERROR: {'Error code': 429, 'Message': 'Unknown API error.', 'Data': 'Unknown API error.'}"
8a27b0a9-927f-4ff5-855f-5194f66cce7e,,,"ERROR: {'Error code': 429, 'Message': 'Unknown API error.', 'Data': 'Unknown API error.'}"
8a312887-5d8e-4521-a3bb-f5e34cd52c67,,,"ERROR: {'Error code': 429, 'Message': 'Unknown API error.', 'Data': 'Unknown API error.'}"
8a31484f-46b0-4d9a-8754-f1bdd48db6b7,,,"ERROR: {'Error code': 429, 'Message': 'Unknown API error.', 'Data': 'Unknown API error.'}"
8a336cee-1fe2-4f08-8d8c-b1c8b624b7c1,,,"ERROR: {'Error code': 429, 'Message': 'Unknown API error.', 'Data': 'Unknown API error.'}"
8a3458db-6382-4b19-882a-8b6b85d75f50,,,"ERROR: {'Error code': 429, 'Message': 'Unknown API error.', 'Data': 'Unknown API error.'}"
8a3655ea-8281-4baf-9af3-b8140ea30902,,,"ERROR: {'Error code': 429, 'Message': 'Unknown API error.', 'Data': 'Unknown API error.'}"
8a38e167-a42e-4057-a8a6-ea99b196445d,,,"ERROR: {'Error code': 429, 'Message': 'Unknown API error.', 'Data': 'Unknown API error.'}"
8a3b04dd-3185-422c-99ea-51a0d565c9e2,,,"ERROR: {'Error code': 429, 'Message': 'Unknown API error.', 'Data': 'Unknown API error.'}"
8a3b76d2-2b92-43a8-8351-a7fe3d57117a,,,"ERROR: {'Error code': 429, 'Message': 'Unknown API error.', 'Data': 'Unknown API error.'}"
8a3bd698-15b6-4ead-87b7-1b35043961c1,,,"ERROR: {'Error code': 429, 'Message': 'Unknown API error.', 'Data': 'Unknown API error.'}"
8a3e03f9-cb80-4dbe-98b1-92f80c8670e4,,,"ERROR: {'Error code': 429, 'Message': 'Unknown API error.', 'Data': 'Unknown API error.'}"
8a40089a-0b13-45c3-928c-a51d6d818170,,,"ERROR: {'Error code': 429, 'Message': 'Unknown API error.', 'Data': 'Unknown API error.'}"
8a4254da-ce22-4611-8b83-78fbb3b0f8c8,,,"ERROR: {'Error code': 429, 'Message': 'Unknown API error.', 'Data': 'Unknown API error.'}"
8a454f28-9dff-4f50-8945-119b590e0eb9,,,"ERROR: {'Error code': 429, 'Message': 'Unknown API error.', 'Data': 'Unknown API error.'}"
8a49039c-520f-43e4-b8a3-a76f44c46c9a,,,"ERROR: {'Error code': 429, 'Message': 'Unknown API error.', 'Data': 'Unknown API error.'}"
8a4b5373-7e77-4f75-a40b-12331c89b0b8,,,"ERROR: {'Error code': 429, 'Message': 'Unknown API error.', 'Data': 'Unknown API error.'}"
8a4c5b64-2a4d-4fbb-80c1-a3fb83a31a44,,,"ERROR: {'Error code': 429, 'Message': 'Unknown API error.', 'Data': 'Unknown API error.'}"
8a4d4d5f-9ef4-4390-a8f4-7ff1b82428a6,,,"ERROR: {'Error code': 429, 'Message': 'Unknown API error.', 'Data': 'Unknown API error.'}"
8a4ebed9-0490-4eb1-8889-35b3374a831a,,,"ERROR: {'Error code': 429, 'Message': 'Unknown API error.', 'Data': 'Unknown API error.'}"
8a5652d6-af16-4621-812e-01e14392a75e,,,"ERROR: {'Error code': 429, 'Message': 'Unknown API error.', 'Data': 'Unknown API error.'}"
8a57e112-8fc5-441b-a653-1140ac14a800,,,"ERROR: {'Error code': 429, 'Message': 'Unknown API error.', 'Data': 'Unknown API error.'}"
8a5967b9-23b8-4658-9bfc-8299aa0ffdd3,,,"ERROR: {'Error code': 429, 'Message': 'Unknown API error.', 'Data': 'Unknown API error.'}"
8a5a88c0-7754-4a5c-bb0f-fbfe2f8ebb9e,,,"ERROR: {'Error code': 429, 'Message': 'Unknown API error.', 'Data': 'Unknown API error.'}"
8a5af80e-6afd-4cc6-b4e9-cc1da373bc8f,,,"ERROR: {'Error code': 429, 'Message': 'Unknown API error.', 'Data': 'Unknown API error.'}"
8a60bf4a-a97a-45ca-82f8-eb21aa7b2a21,,,"ERROR: {'Error code': 429, 'Message': 'Unknown API error.', 'Data': 'Unknown API error.'}"
8a66a299-fcbb-4a16-ba76-14b076b3802f,,,"ERROR: {'Error code': 429, 'Message': 'Unknown API error.', 'Data': 'Unknown API error.'}"
8a686e94-ce2b-41b7-8005-820ed500d3e2,,,"ERROR: {'Error code': 429, 'Message': 'Unknown API error.', 'Data': 'Unknown API error.'}"
8a68bc69-aea2-46ac-aeb0-31b94cd3387d,,,"ERROR: {'Error code': 429, 'Message': 'Unknown API error.', 'Data': 'Unknown API error.'}"
8a6a1fb5-9460-4306-bc71-6f1539c944a4,,,"ERROR: {'Error code': 429, 'Message': 'Unknown API error.', 'Data': 'Unknown API error.'}"
8a6a397b-5e91-47f7-9910-ba7780b19d49,,,"ERROR: {'Error code': 429, 'Message': 'Unknown API error.', 'Data': 'Unknown API error.'}"
8a6a4c14-1d65-4c8a-949b-0e30cfcfebf3,,,"ERROR: {'Error code': 429, 'Message': 'Unknown API error.', 'Data': 'Unknown API error.'}"
8a6b4115-e62e-495a-b44d-86ea7cd01890,,,"ERROR: {'Error code': 429, 'Message': 'Unknown API error.', 'Data': 'Unknown API error.'}"
8a6b6c36-dabd-4b6b-891b-eebf697c12fb,,,"ERROR: {'Error code': 429, 'Message': 'Unknown API error.', 'Data': 'Unknown API error.'}"
8f037829-865a-4c4d-bea2-8f4066db4e7f,,,"ERROR: {'Error code': 429, 'Message': 'Unknown API error.', 'Data': 'Unknown API error.'}"
8f040d3d-40a2-45f0-9223-5097782c6e35,,,"ERROR: {'Error code': 429, 'Message': 'Unknown API error.', 'Data': 'Unknown API error.'}"
8f0411fc-b497-496a-b40f-2409925443a4,,,"ERROR: {'Error code': 429, 'Message': 'Unknown API error.', 'Data': 'Unknown API error.'}"
8f0aac89-72e8-4aa0-86d9-43c23eccdc68,,,"ERROR: {'Error code': 429, 'Message': 'Unknown API error.', 'Data': 'Unknown API error.'}"
8f0acce4-759d-4b7f-95bd-de2e46ce6b49,,,"ERROR: {'Error code': 429, 'Message': 'Unknown API error.', 'Data': 'Unknown API error.'}"
8f0dff78-adce-474f-a6a5-465f8c17163c,,,"ERROR: {'Error code': 429, 'Message': 'Unknown API error.', 'Data': 'Unknown API error.'}"
8f0edc65-4e38-4f5b-99b7-58489807d542,,,"ERROR: {'Error code': 429, 'Message': 'Unknown API error.', 'Data': 'Unknown API error.'}"
8f1390e0-4196-4833-847b-b335d43bcfc9,,,"ERROR: {'Error code': 429, 'Message': 'Unknown API error.', 'Data': 'Unknown API error.'}"
8f156832-1cb6-49e8-a3d4-b5bf27fc0ba1,,,"ERROR: {'Error code': 429, 'Message': 'Unknown API error.', 'Data': 'Unknown API error.'}"
8f1605cc-f4b7-47b0-8989-16c0f73484fb,,,"ERROR: {'Error code': 429, 'Message': 'Unknown API error.', 'Data': 'Unknown API error.'}"
8f163e55-9d1d-4a12-9be8-f18af0c18c2f,,,"ERROR: {'Error code': 429, 'Message': 'Unknown API error.', 'Data': 'Unknown API error.'}"
8f1c4082-1459-48e0-a4c3-bb5f52e05094,,,"ERROR: {'Error code': 429, 'Message': 'Unknown API error.', 'Data': 'Unknown API error.'}"
8f1cdc54-86e8-454c-95db-892ec8e0920e,,,"ERROR: {'Error code': 429, 'Message': 'Unknown API error.', 'Data': 'Unknown API error.'}"
8f1e2368-fa87-4651-ae14-fbf9abeee066,,,"ERROR: {'Error code': 429, 'Message': 'Unknown API error.', 'Data': 'Unknown API error.'}"
8f1e7c7b-64a2-4be8-8521-39d3f7c3bac0,,,"ERROR: {'Error code': 429, 'Message': 'Unknown API error.', 'Data': 'Unknown API error.'}"
8f1f590d-f80d-41af-be9d-113c8722b253,,,"ERROR: {'Error code': 429, 'Message': 'Unknown API error.', 'Data': 'Unknown API error.'}"
8f226831-fe28-4123-9613-baa7e0354743,,,"ERROR: {'Error code': 429, 'Message': 'Unknown API error.', 'Data': 'Unknown API error.'}"
8f296a2b-14a2-4cc4-a453-53b7270fc61e,,,"ERROR: {'Error code': 429, 'Message': 'Unknown API error.', 'Data': 'Unknown API error.'}"
8f2a5652-348f-4e3a-a284-5bb82e1d9529,,,"ERROR: {'Error code': 429, 'Message': 'Unknown API error.', 'Data': 'Unknown API error.'}"
8f37179a-196a-4ddf-a8d0-fa2a6c6973ee,,,"ERROR: {'Error code': 429, 'Message': 'Unknown API error.', 'Data': 'Unknown API error.'}"
8f3944a2-a41d-40dc-a9db-0952af1ac91e,,,"ERROR: {'Error code': 429, 'Message': 'Unknown API error.', 'Data': 'Unknown API error.'}"
8f3a6524-a3db-47c5-9116-4ab020f057bd,,,"ERROR: {'Error code': 429, 'Message': 'Unknown API error.', 'Data': 'Unknown API error.'}"
8f3e90d3-1a4a-4956-8b01-4799c60780a4,,,"ERROR: {'Error code': 429, 'Message': 'Unknown API error.', 'Data': 'Unknown API error.'}"
8f3f17c5-d7d0-461c-af17-2dc121edd66f,,,"ERROR: {'Error code': 429, 'Message': 'Unknown API error.', 'Data': 'Unknown API error.'}"
8f4110e7-eae5-401a-9262-4ec04abf9507,,,"ERROR: {'Error code': 429, 'Message': 'Unknown API error.', 'Data': 'Unknown API error.'}"
8f44ac1b-bd5d-4d3d-b608-8e50ba1fc7c7,,,"ERROR: {'Error code': 429, 'Message': 'Unknown API error.', 'Data': 'Unknown API error.'}"
8f454541-6622-4c1f-ba56-10af7861c880,,,"ERROR: {'Error code': 429, 'Message': 'Unknown API error.', 'Data': 'Unknown API error.'}"
8f46304a-d4ff-4ebf-8327-8349c941f6db,,,"ERROR: {'Error code': 429, 'Message': 'Unknown API error.', 'Data': 'Unknown API error.'}"
8f47cf16-52ea-48d3-9d9c-eedc5e6971d8,,,"ERROR: {'Error code': 429, 'Message': 'Unknown API error.', 'Data': 'Unknown API error.'}"
8f4aa6c6-a6aa-4ab3-a23b-36ec98ac6d65,,,"ERROR: {'Error code': 429, 'Message': 'Unknown API error.', 'Data': 'Unknown API error.'}"
8f4b4616-7a62-4f34-8d1c-278fd3104c43,,,"ERROR: {'Error code': 429, 'Message': 'Unknown API error.', 'Data': 'Unknown API error.'}"
8f4c5b78-8787-4fd9-89dd-b8e36fb9e98e,,,"ERROR: {'Error code': 429, 'Message': 'Unknown API error.', 'Data': 'Unknown API error.'}"
8f4f93bd-e690-4cd1-98ea-1e6c04073cd9,,,"ERROR: {'Error code': 429, 'Message': 'Unknown API error.', 'Data': 'Unknown API error.'}"
8f4f0bf1-b622-41a5-8006-409191351192,,,"ERROR: {'Error code': 429, 'Message': 'Unknown API error.', 'Data': 'Unknown API error.'}"
8f542e44-7968-42a2-b132-88afaad662b2,,,"ERROR: {'Error code': 429, 'Message': 'Unknown API error.', 'Data': 'Unknown API error.'}"
8f4fcb8a-716f-4c8f-a342-ac6cd13cc2ca,,,"ERROR: {'Error code': 429, 'Message': 'Unknown API error.', 'Data': 'Unknown API error.'}"
8f56233b-3d19-402c-8792-c1da48906a28,,,"ERROR: {'Error code': 429, 'Message': 'Unknown API error.', 'Data': 'Unknown API error.'}"
8f565f60-dbcb-42eb-aaaf-a07f8a857167,,,"ERROR: {'Error code': 429, 'Message': 'Unknown API error.', 'Data': 'Unknown API error.'}"
8f622489-d374-4316-b352-eacbbef10522,,,"ERROR: {'Error code': 429, 'Message': 'Unknown API error.', 'Data': 'Unknown API error.'}"
8f59eda0-3beb-424f-b370-894ce36f1b9f,,,"ERROR: {'Error code': 429, 'Message': 'Unknown API error.', 'Data': 'Unknown API error.'}"
8f63306c-0e38-4d19-9ed7-cd13086523a3,,,"ERROR: {'Error code': 429, 'Message': 'Unknown API error.', 'Data': 'Unknown API error.'}"
8f6461a2-3b49-46e4-8ae6-85ef90cb7947,,,"ERROR: {'Error code': 429, 'Message': 'Unknown API error.', 'Data': 'Unknown API error.'}"
8f6cbd0e-09ef-43d0-8800-bf2afd6f30e1,,,"ERROR: {'Error code': 429, 'Message': 'Unknown API error.', 'Data': 'Unknown API error.'}"
8f677575-1aa2-4aeb-8b78-9a320c8770fb,,,"ERROR: {'Error code': 429, 'Message': 'Unknown API error.', 'Data': 'Unknown API error.'}"
8f6e02e1-e79d-40bc-93a3-ac7884b9c9b1,,,"ERROR: {'Error code': 429, 'Message': 'Unknown API error.', 'Data': 'Unknown API error.'}"
8f6d91d6-bb93-4f12-ae3b-48a0fc532794,,,"ERROR: {'Error code': 429, 'Message': 'Unknown API error.', 'Data': 'Unknown API error.'}"
8f70473f-5bc3-4e9a-be20-4e51b6bb92bf,,,"ERROR: {'Error code': 429, 'Message': 'Unknown API error.', 'Data': 'Unknown API error.'}"
8f71b0c6-4069-497e-812a-7a8e1e57d84b,,,"ERROR: {'Error code': 429, 'Message': 'Unknown API error.', 'Data': 'Unknown API error.'}"
8f75d777-2ab3-4eaf-aa3e-24310a63ce14,,,"ERROR: {'Error code': 429, 'Message': 'Unknown API error.', 'Data': 'Unknown API error.'}"
8f7a12b6-4a3f-49fe-b01c-7cc609465d1a,,,"ERROR: {'Error code': 429, 'Message': 'Unknown API error.', 'Data': 'Unknown API error.'}"
8f7d9859-bf21-42f1-894c-80ee4df1f06e,,,"ERROR: {'Error code': 429, 'Message': 'Unknown API error.', 'Data': 'Unknown API error.'}"
8f803015-16db-4e24-a866-c907b328968f,,,"ERROR: {'Error code': 429, 'Message': 'Unknown API error.', 'Data': 'Unknown API error.'}"
8f81a4bc-94bc-4a7e-8801-37cd4d82b321,,,"ERROR: {'Error code': 429, 'Message': 'Unknown API error.', 'Data': 'Unknown API error.'}"
8f7bed1d-0e4a-44be-8f77-1127a5bd1354,,,"ERROR: {'Error code': 429, 'Message': 'Unknown API error.', 'Data': 'Unknown API error.'}"
8f832630-40c8-4b07-b682-f843fcb9fee3,,,"ERROR: {'Error code': 429, 'Message': 'Unknown API error.', 'Data': 'Unknown API error.'}"
8f8526c3-95bf-4d8b-9b63-36ab4876b16d,,,"ERROR: {'Error code': 429, 'Message': 'Unknown API error.', 'Data': 'Unknown API error.'}"
8f86a8d8-6a75-43a6-9730-98cf37ba6562,,,"ERROR: {'Error code': 429, 'Message': 'Unknown API error.', 'Data': 'Unknown API error.'}"
943cfe74-9d9e-4779-9ab2-17b618ee6fa0,,,"ERROR: {'Error code': 429, 'Message': 'Unknown API error.', 'Data': 'Unknown API error.'}"
943f1052-ab71-46f4-a491-167334b93deb,,,"ERROR: {'Error code': 429, 'Message': 'Unknown API error.', 'Data': 'Unknown API error.'}"
9441a603-3f22-4d94-bf78-3a572f7d5b1d,,,"ERROR: {'Error code': 429, 'Message': 'Unknown API error.', 'Data': 'Unknown API error.'}"
9441dca4-1b29-4062-8079-84a7228437bc,,,"ERROR: {'Error code': 429, 'Message': 'Unknown API error.', 'Data': 'Unknown API error.'}"
944287dc-ae07-4522-bc8c-f0c7fd33b1c8,,,"ERROR: {'Error code': 429, 'Message': 'Unknown API error.', 'Data': 'Unknown API error.'}"
94443b4f-b216-445c-a944-f59cd572bd8a,,,"ERROR: {'Error code': 429, 'Message': 'Unknown API error.', 'Data': 'Unknown API error.'}"
94470a9f-46ff-441e-b73e-86588656eac1,,,"ERROR: {'Error code': 429, 'Message': 'Unknown API error.', 'Data': 'Unknown API error.'}"
9447228e-98eb-4e40-bcb1-92085d5d9b0d,,,"ERROR: {'Error code': 429, 'Message': 'Unknown API error.', 'Data': 'Unknown API error.'}"
9447f3ce-c863-4f4e-9eed-f03ce005bb7f,,,"ERROR: {'Error code': 429, 'Message': 'Unknown API error.', 'Data': 'Unknown API error.'}"
94480b7a-5ff3-467c-ac9a-9aa0ea055e9c,,,"ERROR: {'Error code': 429, 'Message': 'Unknown API error.', 'Data': 'Unknown API error.'}"
944b92b8-5db0-466a-afca-6d364bb59da3,,,"ERROR: {'Error code': 429, 'Message': 'Unknown API error.', 'Data': 'Unknown API error.'}"
9452d34f-6624-4225-ab39-60d93332318c,,,"ERROR: {'Error code': 429, 'Message': 'Unknown API error.', 'Data': 'Unknown API error.'}"
945300be-682b-4c4e-8046-5f5b949602b2,,,"ERROR: {'Error code': 429, 'Message': 'Unknown API error.', 'Data': 'Unknown API error.'}"
94553553-b507-40b8-887f-f2d473e181b2,,,"ERROR: {'Error code': 429, 'Message': 'Unknown API error.', 'Data': 'Unknown API error.'}"
94586b46-ad25-4c64-a485-e922622a7f06,,,"ERROR: {'Error code': 429, 'Message': 'Unknown API error.', 'Data': 'Unknown API error.'}"
945a3e28-a9ff-48ef-8fa6-0aebddf86622,,,"ERROR: {'Error code': 429, 'Message': 'Unknown API error.', 'Data': 'Unknown API error.'}"
945f446d-1a7f-4d31-9cd7-3bc7ad4bf2c2,,,"ERROR: {'Error code': 429, 'Message': 'Unknown API error.', 'Data': 'Unknown API error.'}"
946553ef-31f7-4f93-b325-8fb43f9a2ff4,,,"ERROR: {'Error code': 429, 'Message': 'Unknown API error.', 'Data': 'Unknown API error.'}"
9460848f-2940-4f18-b815-5a3f67af41a6,,,"ERROR: {'Error code': 429, 'Message': 'Unknown API error.', 'Data': 'Unknown API error.'}"
94690c98-a6bd-44b6-945c-799dcb6418bb,,,"ERROR: {'Error code': 429, 'Message': 'Unknown API error.', 'Data': 'Unknown API error.'}"
946832a3-c3b0-4112-907e-d70cb5c35e0a,,,"ERROR: {'Error code': 429, 'Message': 'Unknown API error.', 'Data': 'Unknown API error.'}"
946c54cd-01a8-4451-8bd3-ef419fd44b03,,,"ERROR: {'Error code': 429, 'Message': 'Unknown API error.', 'Data': 'Unknown API error.'}"
946a4392-911b-4e13-8d45-7b3d49d184ec,,,"ERROR: {'Error code': 429, 'Message': 'Unknown API error.', 'Data': 'Unknown API error.'}"
94728659-9f86-41a8-9170-ccf2a97e9b58,,,"ERROR: {'Error code': 429, 'Message': 'Unknown API error.', 'Data': 'Unknown API error.'}"
946d772e-04f6-4420-bcb6-50aa6c2d2d4d,,,"ERROR: {'Error code': 429, 'Message': 'Unknown API error.', 'Data': 'Unknown API error.'}"
94766b22-b7ef-4ecf-a238-e7445a45ab51,,,"ERROR: {'Error code': 429, 'Message': 'Unknown API error.', 'Data': 'Unknown API error.'}"
94742d79-33fd-434b-a30d-3adbd2800c76,,,"ERROR: {'Error code': 429, 'Message': 'Unknown API error.', 'Data': 'Unknown API error.'}"
947d4003-26be-47c1-b2a6-a0fa8eaa9338,,,"ERROR: {'Error code': 429, 'Message': 'Unknown API error.', 'Data': 'Unknown API error.'}"
947dc3aa-5027-47d8-afba-b02ee13eac5f,,,"ERROR: {'Error code': 429, 'Message': 'Unknown API error.', 'Data': 'Unknown API error.'}"
947df85a-e2fb-4b88-921d-3352dc48e4cf,,,"ERROR: {'Error code': 429, 'Message': 'Unknown API error.', 'Data': 'Unknown API error.'}"
947fd0e4-f7a1-4203-a824-ae66ad272fca,,,"ERROR: {'Error code': 429, 'Message': 'Unknown API error.', 'Data': 'Unknown API error.'}"
9482ccf2-459b-41ce-abf5-1676d00b88c0,,,"ERROR: {'Error code': 429, 'Message': 'Unknown API error.', 'Data': 'Unknown API error.'}"
94838e52-b8b3-4069-9266-27bfda9a01f5,,,"ERROR: {'Error code': 429, 'Message': 'Unknown API error.', 'Data': 'Unknown API error.'}"
94881adb-6911-4b94-99a5-10d46fcca63c,,,"ERROR: {'Error code': 429, 'Message': 'Unknown API error.', 'Data': 'Unknown API error.'}"
94849431-14c4-4d0b-b081-053b7f92d27f,,,"ERROR: {'Error code': 429, 'Message': 'Unknown API error.', 'Data': 'Unknown API error.'}"
94958814-ed38-4db3-aed7-64bc31e480f5,,,"ERROR: {'Error code': 429, 'Message': 'Unknown API error.', 'Data': 'Unknown API error.'}"
9492bde9-46b8-4c77-92b0-728fe8dbe62a,,,"ERROR: {'Error code': 429, 'Message': 'Unknown API error.', 'Data': 'Unknown API error.'}"
949bc5ce-da8f-4dee-9b76-100f7e88b7f4,,,"ERROR: {'Error code': 429, 'Message': 'Unknown API error.', 'Data': 'Unknown API error.'}"
949c64ae-abd2-4ebd-8355-27f03a7337f6,,,"ERROR: {'Error code': 429, 'Message': 'Unknown API error.', 'Data': 'Unknown API error.'}"
94a02ad7-c6c6-4928-b0ff-a5da7d5488e1,,,"ERROR: {'Error code': 429, 'Message': 'Unknown API error.', 'Data': 'Unknown API error.'}"
94a1029d-876f-4d65-ae5d-f094f4b005ab,,,"ERROR: {'Error code': 429, 'Message': 'Unknown API error.', 'Data': 'Unknown API error.'}"
94a2272b-09bf-40d8-b628-2731b5a7e167,,,"ERROR: {'Error code': 429, 'Message': 'Unknown API error.', 'Data': 'Unknown API error.'}"
94a7ba4a-9eb0-481b-a329-bb3cfe1f0c8e,,,"ERROR: {'Error code': 429, 'Message': 'Unknown API error.', 'Data': 'Unknown API error.'}"
94a9b5b9-d015-4197-be2b-9f821e525b72,,,"ERROR: {'Error code': 429, 'Message': 'Unknown API error.', 'Data': 'Unknown API error.'}"
94ab3a6e-65a0-431e-917f-8ea1fd11f210,,,"ERROR: {'Error code': 429, 'Message': 'Unknown API error.', 'Data': 'Unknown API error.'}"
94ae9b91-f7b6-434f-be85-fc21cf420e91,,,"ERROR: {'Error code': 429, 'Message': 'Unknown API error.', 'Data': 'Unknown API error.'}"
94acc0b6-74fe-4fef-94a2-f6d94144e0fa,,,"ERROR: {'Error code': 429, 'Message': 'Unknown API error.', 'Data': 'Unknown API error.'}"
94af1567-c271-46e1-8788-c52bf30de7cb,,,"ERROR: {'Error code': 429, 'Message': 'Unknown API error.', 'Data': 'Unknown API error.'}"
94af4266-0338-481c-bde9-51a8fbf5becd,,,"ERROR: {'Error code': 429, 'Message': 'Unknown API error.', 'Data': 'Unknown API error.'}"
94b3f22b-11f5-46ba-9835-c9d69c035c61,,,"ERROR: {'Error code': 429, 'Message': 'Unknown API error.', 'Data': 'Unknown API error.'}"
94b2b208-7c35-4135-80b5-b2610fa1de02,,,"ERROR: {'Error code': 429, 'Message': 'Unknown API error.', 'Data': 'Unknown API error.'}"
94b6975a-6e76-4a53-9ac8-e8c164215fba,,,"ERROR: {'Error code': 429, 'Message': 'Unknown API error.', 'Data': 'Unknown API error.'}"
94b41fbc-6bb3-4b4c-a66a-da300b6e18f5,,,"ERROR: {'Error code': 429, 'Message': 'Unknown API error.', 'Data': 'Unknown API error.'}"
9957449c-808a-4426-bbe8-8420d7f954bb,,,"ERROR: {'Error code': 429, 'Message': 'Unknown API error.', 'Data': 'Unknown API error.'}"
9953b51e-7828-4d47-9ac2-a1ae8d0a23f6,,,"ERROR: {'Error code': 429, 'Message': 'Unknown API error.', 'Data': 'Unknown API error.'}"
99577f6b-6f7e-4b0b-99fe-6c738ab5cedc,,,"ERROR: {'Error code': 429, 'Message': 'Unknown API error.', 'Data': 'Unknown API error.'}"
9958d9d2-4d2a-4e9b-adf5-7a02b089f727,,,"ERROR: {'Error code': 429, 'Message': 'Unknown API error.', 'Data': 'Unknown API error.'}"
995a24bf-65c6-4a85-96ff-8d272aa96fe3,,,"ERROR: {'Error code': 429, 'Message': 'Unknown API error.', 'Data': 'Unknown API error.'}"
995b9099-484c-4a5d-9aaa-aa6e1a0bb157,,,"ERROR: {'Error code': 429, 'Message': 'Unknown API error.', 'Data': 'Unknown API error.'}"
995e497b-9aba-4eda-aa0d-fbedcff1445e,,,"ERROR: {'Error code': 429, 'Message': 'Unknown API error.', 'Data': 'Unknown API error.'}"
995ec848-9a2d-48bf-b0b3-a119929b555b,,,"ERROR: {'Error code': 429, 'Message': 'Unknown API error.', 'Data': 'Unknown API error.'}"
995f39a0-fc28-4ae5-b1c1-3f18f505a341,,,"ERROR: {'Error code': 429, 'Message': 'Unknown API error.', 'Data': 'Unknown API error.'}"
995f2617-5c10-4e16-a85d-54e49c4655e9,,,"ERROR: {'Error code': 429, 'Message': 'Unknown API error.', 'Data': 'Unknown API error.'}"
9962f677-a66c-4d4c-a4d3-966f661ecb06,,,"ERROR: {'Error code': 429, 'Message': 'Unknown API error.', 'Data': 'Unknown API error.'}"
9961b2cf-87d5-49dd-879d-d052f74a0716,,,"ERROR: {'Error code': 429, 'Message': 'Unknown API error.', 'Data': 'Unknown API error.'}"
996657e9-0e63-4366-9583-67f8f6f29329,,,"ERROR: {'Error code': 429, 'Message': 'Unknown API error.', 'Data': 'Unknown API error.'}"
9964bdaf-aeb1-48fc-9046-5c1976cf5f2c,,,"ERROR: {'Error code': 429, 'Message': 'Unknown API error.', 'Data': 'Unknown API error.'}"
99666aa9-9357-4de0-9f5e-ca4fc699c16f,,,"ERROR: {'Error code': 429, 'Message': 'Unknown API error.', 'Data': 'Unknown API error.'}"
99687a54-b492-48f4-9c66-ed4e084bbf74,,,"ERROR: {'Error code': 429, 'Message': 'Unknown API error.', 'Data': 'Unknown API error.'}"
996ade50-a259-4f91-b8f0-c2c5189e0aa4,,,"ERROR: {'Error code': 429, 'Message': 'Unknown API error.', 'Data': 'Unknown API error.'}"
9968bb21-4a68-49bf-9490-46cfaffb9459,,,"ERROR: {'Error code': 429, 'Message': 'Unknown API error.', 'Data': 'Unknown API error.'}"
996c54be-15c2-44ed-8254-7f56b6c74bd7,,,"ERROR: {'Error code': 429, 'Message': 'Unknown API error.', 'Data': 'Unknown API error.'}"
99722bda-d2ee-48bb-8257-df4db958c81d,,,"ERROR: {'Error code': 429, 'Message': 'Unknown API error.', 'Data': 'Unknown API error.'}"
99727eb2-3b21-4b79-9348-0ca5b68a47b7,,,"ERROR: {'Error code': 429, 'Message': 'Unknown API error.', 'Data': 'Unknown API error.'}"
9973ea65-ab8a-401c-a44e-bfd18c883cb4,,,"ERROR: {'Error code': 429, 'Message': 'Unknown API error.', 'Data': 'Unknown API error.'}"
9977a5fe-5509-409a-be26-7f94baaa503f,,,"ERROR: {'Error code': 429, 'Message': 'Unknown API error.', 'Data': 'Unknown API error.'}"
997b8550-e707-4f1e-8589-42dfe099bf0b,,,"ERROR: {'Error code': 429, 'Message': 'Unknown API error.', 'Data': 'Unknown API error.'}"
99803592-0435-444c-9239-466435b93fcf,,,"ERROR: {'Error code': 429, 'Message': 'Unknown API error.', 'Data': 'Unknown API error.'}"
9984a185-56c0-40ec-a6df-06f5d7bcaded,,,"ERROR: {'Error code': 429, 'Message': 'Unknown API error.', 'Data': 'Unknown API error.'}"
99880622-c497-4b8f-8de8-4453d6264022,,,"ERROR: {'Error code': 429, 'Message': 'Unknown API error.', 'Data': 'Unknown API error.'}"
998e6cdb-f854-46a8-952f-01c1e814192c,,,"ERROR: {'Error code': 429, 'Message': 'Unknown API error.', 'Data': 'Unknown API error.'}"
9992582e-327d-4a54-adc7-347e7512c9de,,,"ERROR: {'Error code': 429, 'Message': 'Unknown API error.', 'Data': 'Unknown API error.'}"
999582f2-0705-48eb-91e1-0d51a728219a,,,"ERROR: {'Error code': 429, 'Message': 'Unknown API error.', 'Data': 'Unknown API error.'}"
999e7fa7-871e-4096-b279-2c1035b172bb,,,"ERROR: {'Error code': 429, 'Message': 'Unknown API error.', 'Data': 'Unknown API error.'}"
99a10583-8225-4013-a334-bf2693db1ef1,,,"ERROR: {'Error code': 429, 'Message': 'Unknown API error.', 'Data': 'Unknown API error.'}"
99a1f2a2-f04e-4ba1-91d2-c0eb533a6f14,,,"ERROR: {'Error code': 429, 'Message': 'Unknown API error.', 'Data': 'Unknown API error.'}"
99a1199e-fb9b-440b-a8f4-c114a7f6e413,,,"ERROR: {'Error code': 429, 'Message': 'Unknown API error.', 'Data': 'Unknown API error.'}"
99a34eaa-60d7-49d0-b98b-49741c98b518,,,"ERROR: {'Error code': 429, 'Message': 'Unknown API error.', 'Data': 'Unknown API error.'}"
99a1f67b-8e42-48e0-9751-104dcd0302f6,,,"ERROR: {'Error code': 429, 'Message': 'Unknown API error.', 'Data': 'Unknown API error.'}"
99a35b73-fb0f-4370-bf11-779b45c71f9e,,,"ERROR: {'Error code': 429, 'Message': 'Unknown API error.', 'Data': 'Unknown API error.'}"
99a42fc8-3e19-4fca-a584-56f09c68bde7,,,"ERROR: {'Error code': 429, 'Message': 'Unknown API error.', 'Data': 'Unknown API error.'}"
99a959e9-359b-41f4-997d-2ff7347aa720,,,"ERROR: {'Error code': 429, 'Message': 'Unknown API error.', 'Data': 'Unknown API error.'}"
99b0176e-9413-44c3-af23-3a01bb16b88d,,,"ERROR: {'Error code': 429, 'Message': 'Unknown API error.', 'Data': 'Unknown API error.'}"
99b46eb8-f65f-4f8f-b7d7-96b8607f34ca,,,"ERROR: {'Error code': 429, 'Message': 'Unknown API error.', 'Data': 'Unknown API error.'}"
99b48d0e-12f5-4e6d-b7e6-2c7b2fef989a,,,"ERROR: {'Error code': 429, 'Message': 'Unknown API error.', 'Data': 'Unknown API error.'}"
99b509c0-9c7a-457e-bd05-d86c1b4c9044,,,"ERROR: {'Error code': 429, 'Message': 'Unknown API error.', 'Data': 'Unknown API error.'}"
99b64806-9489-49e9-b50d-bc977caed07a,,,"ERROR: {'Error code': 429, 'Message': 'Unknown API error.', 'Data': 'Unknown API error.'}"
99b6e50a-d531-4309-9c11-e5ba1861621d,,,"ERROR: {'Error code': 429, 'Message': 'Unknown API error.', 'Data': 'Unknown API error.'}"
99b87fd7-67de-4821-8998-232effabfa07,,,"ERROR: {'Error code': 429, 'Message': 'Unknown API error.', 'Data': 'Unknown API error.'}"
99b9f8a7-c1e7-4b2b-991e-eee821e2bb0c,,,"ERROR: {'Error code': 429, 'Message': 'Unknown API error.', 'Data': 'Unknown API error.'}"
99bc4df5-9bf8-44c1-a1c9-f70842f61f8a,,,"ERROR: {'Error code': 429, 'Message': 'Unknown API error.', 'Data': 'Unknown API error.'}"
99c29f1c-ff57-4df3-bfd6-4e71be2c225f,,,"ERROR: {'Error code': 429, 'Message': 'Unknown API error.', 'Data': 'Unknown API error.'}"
99be67c6-7328-48f3-ba56-3ac20ebb4912,,,"ERROR: {'Error code': 429, 'Message': 'Unknown API error.', 'Data': 'Unknown API error.'}"
99c611b2-6564-453d-94fc-5f4bb74a1378,,,"ERROR: {'Error code': 429, 'Message': 'Unknown API error.', 'Data': 'Unknown API error.'}"
99c55cc5-2d4b-41f9-a7f5-7af054ec0d0a,,,"ERROR: {'Error code': 429, 'Message': 'Unknown API error.', 'Data': 'Unknown API error.'}"
99c6d4bb-7a99-48e9-94d5-dc42a866dbd4,,,"ERROR: {'Error code': 429, 'Message': 'Unknown API error.', 'Data': 'Unknown API error.'}"
99c74942-1400-4d98-aee7-14b211ba875f,,,"ERROR: {'Error code': 429, 'Message': 'Unknown API error.', 'Data': 'Unknown API error.'}"
99cb370d-497e-4610-bd8e-1c4b47cb80e4,,,"ERROR: {'Error code': 429, 'Message': 'Unknown API error.', 'Data': 'Unknown API error.'}"
99c8fba2-57ea-40b9-9c4e-43f142fd403e,,,"ERROR: {'Error code': 429, 'Message': 'Unknown API error.', 'Data': 'Unknown API error.'}"
9e7a1c71-a38c-46bb-9803-804934c264f8,,,"ERROR: {'Error code': 429, 'Message': 'Unknown API error.', 'Data': 'Unknown API error.'}"
9e7947fb-9276-4862-b7fa-4b08e30db507,,,"ERROR: {'Error code': 429, 'Message': 'Unknown API error.', 'Data': 'Unknown API error.'}"
9e7a3852-8657-41e4-a88b-8c17de7fbe27,,,"ERROR: {'Error code': 429, 'Message': 'Unknown API error.', 'Data': 'Unknown API error.'}"
9e7f4fd1-be86-4a6b-93e6-34b3c211a6e4,,,"ERROR: {'Error code': 429, 'Message': 'Unknown API error.', 'Data': 'Unknown API error.'}"
9e826077-173e-491d-8a83-7b8f0ba4c5c5,,,"ERROR: {'Error code': 429, 'Message': 'Unknown API error.', 'Data': 'Unknown API error.'}"
9e8761b5-bfdd-4a5e-a6bd-4387557350df,,,"ERROR: {'Error code': 429, 'Message': 'Unknown API error.', 'Data': 'Unknown API error.'}"
9e8972aa-1633-4d68-937a-4ed0485d1e76,,,"ERROR: {'Error code': 429, 'Message': 'Unknown API error.', 'Data': 'Unknown API error.'}"
9e8e37e9-0aaa-43ec-8523-21a8c50caa3b,,,"ERROR: {'Error code': 429, 'Message': 'Unknown API error.', 'Data': 'Unknown API error.'}"
9e9705f9-a91f-4c08-9fbb-a1809980f77c,,,"ERROR: {'Error code': 429, 'Message': 'Unknown API error.', 'Data': 'Unknown API error.'}"
9e977b54-9cdf-4c13-86d3-9b111bc3117d,,,"ERROR: {'Error code': 429, 'Message': 'Unknown API error.', 'Data': 'Unknown API error.'}"
9e9a14db-bf68-4e86-a8e6-20ebe3ac1688,,,"ERROR: {'Error code': 429, 'Message': 'Unknown API error.', 'Data': 'Unknown API error.'}"
9e9aa278-b198-4d4e-8f32-3cdd491dd932,,,"ERROR: {'Error code': 429, 'Message': 'Unknown API error.', 'Data': 'Unknown API error.'}"
9e9c17c0-ce86-4f97-a842-85f3a9b23dc3,,,"ERROR: {'Error code': 429, 'Message': 'Unknown API error.', 'Data': 'Unknown API error.'}"
9e9f8a75-b5e4-41e7-98c8-52ac85b7d546,,,"ERROR: {'Error code': 429, 'Message': 'Unknown API error.', 'Data': 'Unknown API error.'}"
9ea0f43b-4f45-4020-8cb0-c317c2446bcb,,,"ERROR: {'Error code': 429, 'Message': 'Unknown API error.', 'Data': 'Unknown API error.'}"
9ea20e4d-eaff-49f5-ab41-81368adcf1bf,,,"ERROR: {'Error code': 429, 'Message': 'Unknown API error.', 'Data': 'Unknown API error.'}"
9ea22ec3-3b37-4c49-b81d-8c2ea757f86f,,,"ERROR: {'Error code': 429, 'Message': 'Unknown API error.', 'Data': 'Unknown API error.'}"
9ea90f62-d1a8-45b9-ad31-6ef59ff4124e,,,"ERROR: {'Error code': 429, 'Message': 'Unknown API error.', 'Data': 'Unknown API error.'}"
9eab9424-bdc4-4db3-b378-c8dd85c09e6a,,,"ERROR: {'Error code': 429, 'Message': 'Unknown API error.', 'Data': 'Unknown API error.'}"
9eaf2000-7a24-4642-8d4c-8158635ff5e4,,,"ERROR: {'Error code': 429, 'Message': 'Unknown API error.', 'Data': 'Unknown API error.'}"
9ebaae45-f145-49ba-a227-eee7555ea9c9,,,"ERROR: {'Error code': 429, 'Message': 'Unknown API error.', 'Data': 'Unknown API error.'}"
9eb4bb9f-1b3b-4b82-bcd1-eb255a96e105,,,"ERROR: {'Error code': 429, 'Message': 'Unknown API error.', 'Data': 'Unknown API error.'}"
9ebe89f2-48d6-44e2-acb5-3020a2511e8d,,,"ERROR: {'Error code': 429, 'Message': 'Unknown API error.', 'Data': 'Unknown API error.'}"
9ebbb7ef-3fb6-45e5-b157-b82a3d279e23,,,"ERROR: {'Error code': 429, 'Message': 'Unknown API error.', 'Data': 'Unknown API error.'}"
9ebf82d8-8355-44f5-a226-25e9a246faeb,,,"ERROR: {'Error code': 429, 'Message': 'Unknown API error.', 'Data': 'Unknown API error.'}"
9ebe8c38-77b3-4ebd-a041-ee4cdc8c53c5,,,"ERROR: {'Error code': 429, 'Message': 'Unknown API error.', 'Data': 'Unknown API error.'}"
9ebfd171-9b19-440d-aa09-fec96f021562,,,"ERROR: {'Error code': 429, 'Message': 'Unknown API error.', 'Data': 'Unknown API error.'}"
9ec0b639-fad0-4a7e-aee0-1de31d27652e,,,"ERROR: {'Error code': 429, 'Message': 'Unknown API error.', 'Data': 'Unknown API error.'}"
9ec39097-fa3f-49f9-968d-5ca6aceeec34,,,"ERROR: {'Error code': 429, 'Message': 'Unknown API error.', 'Data': 'Unknown API error.'}"
9ec72bf7-8e77-46dc-897f-983a248da89d,,,"ERROR: {'Error code': 429, 'Message': 'Unknown API error.', 'Data': 'Unknown API error.'}"
9ecc4e01-6435-44bf-9611-9a509af785d4,,,"ERROR: {'Error code': 429, 'Message': 'Unknown API error.', 'Data': 'Unknown API error.'}"
9ecb4762-b873-4573-a7bb-c390547ec455,,,"ERROR: {'Error code': 429, 'Message': 'Unknown API error.', 'Data': 'Unknown API error.'}"
9ed08b49-9538-4323-9e2e-a3ba9dff0252,,,"ERROR: {'Error code': 429, 'Message': 'Unknown API error.', 'Data': 'Unknown API error.'}"
9ed3bedc-3f05-4439-bd09-9640c6b00162,,,"ERROR: {'Error code': 429, 'Message': 'Unknown API error.', 'Data': 'Unknown API error.'}"
9ed3f612-ee26-4fb3-b6df-b22150fa6f7d,,,"ERROR: {'Error code': 429, 'Message': 'Unknown API error.', 'Data': 'Unknown API error.'}"
9ed6faaa-af12-4314-9b9d-bc59f4381da6,,,"ERROR: {'Error code': 429, 'Message': 'Unknown API error.', 'Data': 'Unknown API error.'}"
9ed70f0f-b0c2-4de9-bc3b-404fe37bdd52,,,"ERROR: {'Error code': 429, 'Message': 'Unknown API error.', 'Data': 'Unknown API error.'}"
9ed7259a-4827-46ca-8805-3a5767c7dc6b,,,"ERROR: {'Error code': 429, 'Message': 'Unknown API error.', 'Data': 'Unknown API error.'}"
9edf3570-7245-4f2d-8e15-42903f5c68b9,,,"ERROR: {'Error code': 429, 'Message': 'Unknown API error.', 'Data': 'Unknown API error.'}"
9ed73082-9254-4288-a1b5-d0173caab372,,,"ERROR: {'Error code': 429, 'Message': 'Unknown API error.', 'Data': 'Unknown API error.'}"
9ee76da2-4c75-4428-9c26-18a19b6a246d,,,"ERROR: {'Error code': 429, 'Message': 'Unknown API error.', 'Data': 'Unknown API error.'}"
9ee93bee-c17d-4a9b-81a2-a3310d999c0d,,,"ERROR: {'Error code': 429, 'Message': 'Unknown API error.', 'Data': 'Unknown API error.'}"
a3825ed0-1a20-4563-8f6a-9564eba600de,,,"ERROR: {'Error code': 429, 'Message': 'Unknown API error.', 'Data': 'Unknown API error.'}"
9ee955fb-ec07-4943-ba82-910c51a10e2a,,,"ERROR: {'Error code': 429, 'Message': 'Unknown API error.', 'Data': 'Unknown API error.'}"
a386795d-b37a-420a-aaa3-d7393f3c761e,,,"ERROR: {'Error code': 429, 'Message': 'Unknown API error.', 'Data': 'Unknown API error.'}"
a3856565-1e69-4e22-b585-9a10976b682c,,,"ERROR: {'Error code': 429, 'Message': 'Unknown API error.', 'Data': 'Unknown API error.'}"
a38a588d-4d34-44bb-966c-247c61aee7e8,,,"ERROR: {'Error code': 429, 'Message': 'Unknown API error.', 'Data': 'Unknown API error.'}"
a388ac7f-2286-47fd-a6f0-e77a565d0005,,,"ERROR: {'Error code': 429, 'Message': 'Unknown API error.', 'Data': 'Unknown API error.'}"
a38cb397-e0b2-442b-833b-a588358d0fa7,,,"ERROR: {'Error code': 429, 'Message': 'Unknown API error.', 'Data': 'Unknown API error.'}"
a38b39f2-1625-4fee-b78d-ab8077a8bd12,,,"ERROR: {'Error code': 429, 'Message': 'Unknown API error.', 'Data': 'Unknown API error.'}"
a38e09e2-57c5-4eef-b4a9-a2833aba9f65,,,"ERROR: {'Error code': 429, 'Message': 'Unknown API error.', 'Data': 'Unknown API error.'}"
a38ed6ed-ce5a-4227-9f57-1e955d73d43e,,,"ERROR: {'Error code': 429, 'Message': 'Unknown API error.', 'Data': 'Unknown API error.'}"
a38f5bcd-a09b-44fd-9b04-b8144afe6f95,,,"ERROR: {'Error code': 429, 'Message': 'Unknown API error.', 'Data': 'Unknown API error.'}"
a39103b1-82f8-4059-b0f7-7f4350c8f1a0,,,"ERROR: {'Error code': 429, 'Message': 'Unknown API error.', 'Data': 'Unknown API error.'}"
a399a5f6-fff4-479a-9d5f-3674d15b3234,,,"ERROR: {'Error code': 429, 'Message': 'Unknown API error.', 'Data': 'Unknown API error.'}"
a393e0fe-664a-4054-8c1d-8174a9897e5e,,,"ERROR: {'Error code': 429, 'Message': 'Unknown API error.', 'Data': 'Unknown API error.'}"
a39ffd05-c51c-4b81-8369-1d991be1f9d6,,,"ERROR: {'Error code': 429, 'Message': 'Unknown API error.', 'Data': 'Unknown API error.'}"
a39b3bee-7444-4f3f-a21a-c566e4b47c94,,,"ERROR: {'Error code': 429, 'Message': 'Unknown API error.', 'Data': 'Unknown API error.'}"
a3a50179-dfdb-48d4-901c-3d3dc942cb1b,,,"ERROR: {'Error code': 429, 'Message': 'Unknown API error.', 'Data': 'Unknown API error.'}"
a3a1033c-4ad8-4e44-909d-fc8ad908297c,,,"ERROR: {'Error code': 429, 'Message': 'Unknown API error.', 'Data': 'Unknown API error.'}"
a3a97e30-0445-4a02-8c4b-ec0f84e5d68e,,,"ERROR: {'Error code': 429, 'Message': 'Unknown API error.', 'Data': 'Unknown API error.'}"
a3a81996-810d-4f8f-b313-1ca8be3cc452,,,"ERROR: {'Error code': 429, 'Message': 'Unknown API error.', 'Data': 'Unknown API error.'}"
a3acd9fd-6764-4f26-9e4f-1eb71a6e37ec,,,"ERROR: {'Error code': 429, 'Message': 'Unknown API error.', 'Data': 'Unknown API error.'}"
a3b342e4-6b06-4348-9d15-60fc5c9e5a01,,,"ERROR: {'Error code': 429, 'Message': 'Unknown API error.', 'Data': 'Unknown API error.'}"
a3b3af41-a9c2-43e5-a3e2-6773bdae1811,,,"ERROR: {'Error code': 429, 'Message': 'Unknown API error.', 'Data': 'Unknown API error.'}"
a3b5537d-fefd-45af-b2c3-9a5cdbcc5e84,,,"ERROR: {'Error code': 429, 'Message': 'Unknown API error.', 'Data': 'Unknown API error.'}"
a3b8a62d-1b1a-4d0d-94d2-69b826ed7273,,,"ERROR: {'Error code': 429, 'Message': 'Unknown API error.', 'Data': 'Unknown API error.'}"
a3b7a373-0fe0-4816-8487-08ddc0a075e9,,,"ERROR: {'Error code': 429, 'Message': 'Unknown API error.', 'Data': 'Unknown API error.'}"
a3b94408-7b0d-49eb-a27b-eecde016d7e6,,,"ERROR: {'Error code': 429, 'Message': 'Unknown API error.', 'Data': 'Unknown API error.'}"
a3bb7d83-dbce-45b8-8a80-b42923606ce1,,,"ERROR: {'Error code': 429, 'Message': 'Unknown API error.', 'Data': 'Unknown API error.'}"
a3bdb052-8530-445f-9425-e040583d33fd,,,"ERROR: {'Error code': 429, 'Message': 'Unknown API error.', 'Data': 'Unknown API error.'}"
a3bd269f-831b-4a6a-8fa4-45b574667341,,,"ERROR: {'Error code': 429, 'Message': 'Unknown API error.', 'Data': 'Unknown API error.'}"
a3c7ff0f-2126-4e96-9760-68e00ebc1e8f,,,"ERROR: {'Error code': 429, 'Message': 'Unknown API error.', 'Data': 'Unknown API error.'}"
a3c5d000-6b93-434a-988b-102708dc773d,,,"ERROR: {'Error code': 429, 'Message': 'Unknown API error.', 'Data': 'Unknown API error.'}"
a3cd8d61-0785-45a6-9aba-20f36b15f1c4,,,"ERROR: {'Error code': 429, 'Message': 'Unknown API error.', 'Data': 'Unknown API error.'}"
a3d1a828-aebe-469c-9273-b19b0d3b36de,,,"ERROR: {'Error code': 429, 'Message': 'Unknown API error.', 'Data': 'Unknown API error.'}"
a3df6937-f197-41fc-9b2c-a958392afb16,,,"ERROR: {'Error code': 429, 'Message': 'Unknown API error.', 'Data': 'Unknown API error.'}"
a3dc9903-3b1c-4201-92fc-0eeb4074172f,,,"ERROR: {'Error code': 429, 'Message': 'Unknown API error.', 'Data': 'Unknown API error.'}"
a3e035bb-b6d6-48bc-b2b5-2f19f8ac1f0c,,,"ERROR: {'Error code': 429, 'Message': 'Unknown API error.', 'Data': 'Unknown API error.'}"
a3dffa7b-3297-476c-aec2-0a705e7c2e66,,,"ERROR: {'Error code': 429, 'Message': 'Unknown API error.', 'Data': 'Unknown API error.'}"
a3e9b1da-8188-48ad-b2f3-fc8da179f110,,,"ERROR: {'Error code': 429, 'Message': 'Unknown API error.', 'Data': 'Unknown API error.'}"
a3e0b193-f9c8-4fb8-933c-b9fa46cea2b4,,,"ERROR: {'Error code': 429, 'Message': 'Unknown API error.', 'Data': 'Unknown API error.'}"
a3f4b1a4-b0a3-4980-bb06-1fcd37015458,,,"ERROR: {'Error code': 429, 'Message': 'Unknown API error.', 'Data': 'Unknown API error.'}"
a3f2a837-c3b3-4403-8b6c-5f7938ac3885,,,"ERROR: {'Error code': 429, 'Message': 'Unknown API error.', 'Data': 'Unknown API error.'}"
a3f75a70-8ce9-484b-97b9-a4bef9e77e8a,,,"ERROR: {'Error code': 429, 'Message': 'Unknown API error.', 'Data': 'Unknown API error.'}"
a3f6423e-13c2-46c4-8aac-822ab9c408be,,,"ERROR: {'Error code': 429, 'Message': 'Unknown API error.', 'Data': 'Unknown API error.'}"
a3fb64fc-03d2-4445-9458-0957b31ec8e8,,,"ERROR: {'Error code': 429, 'Message': 'Unknown API error.', 'Data': 'Unknown API error.'}"
a3f7ac57-349f-44a8-bc11-dd101444ace1,,,"ERROR: {'Error code': 429, 'Message': 'Unknown API error.', 'Data': 'Unknown API error.'}"
a3fdb1ef-5199-4773-82b6-1995aff7effd,,,"ERROR: {'Error code': 429, 'Message': 'Unknown API error.', 'Data': 'Unknown API error.'}"
a3fd7d51-347a-4ee1-9f77-ad3dbc71438d,,,"ERROR: {'Error code': 429, 'Message': 'Unknown API error.', 'Data': 'Unknown API error.'}"
a8a64f72-c8da-48d8-a389-84912842bdff,,,"ERROR: {'Error code': 429, 'Message': 'Unknown API error.', 'Data': 'Unknown API error.'}"
a8a52dd4-4699-412f-a1f0-962b54e315d6,,,"ERROR: {'Error code': 429, 'Message': 'Unknown API error.', 'Data': 'Unknown API error.'}"
a8a70942-4877-4ae2-9a30-232decf2aa32,,,"ERROR: {'Error code': 429, 'Message': 'Unknown API error.', 'Data': 'Unknown API error.'}"
a8a6b8ce-bb9f-4e0d-91af-573226497db1,,,"ERROR: {'Error code': 429, 'Message': 'Unknown API error.', 'Data': 'Unknown API error.'}"
a8ab3286-e8a2-4612-80e6-944302dc9d49,,,"ERROR: {'Error code': 429, 'Message': 'Unknown API error.', 'Data': 'Unknown API error.'}"
a8aae2db-7c99-4299-8bee-6f0b9d78caa3,,,"ERROR: {'Error code': 429, 'Message': 'Unknown API error.', 'Data': 'Unknown API error.'}"
a8ace041-3420-4f4d-97b5-11b044f4012a,,,"ERROR: {'Error code': 429, 'Message': 'Unknown API error.', 'Data': 'Unknown API error.'}"
a8ae6f94-1363-4c24-ae6f-e0031a96f1bf,,,"ERROR: {'Error code': 429, 'Message': 'Unknown API error.', 'Data': 'Unknown API error.'}"
a8b576e1-3689-41d1-807a-e84ec52fdb62,,,"ERROR: {'Error code': 429, 'Message': 'Unknown API error.', 'Data': 'Unknown API error.'}"
a8c0d9fc-5ac9-4e0f-9aae-05cbf6219eb4,,,"ERROR: {'Error code': 429, 'Message': 'Unknown API error.', 'Data': 'Unknown API error.'}"
a8c97f62-68d3-43d2-91b1-941789128efa,,,"ERROR: {'Error code': 429, 'Message': 'Unknown API error.', 'Data': 'Unknown API error.'}"
a8c2860a-4c6e-42f8-a664-aba90c6fa777,,,"ERROR: {'Error code': 429, 'Message': 'Unknown API error.', 'Data': 'Unknown API error.'}"
a8d00a3c-594f-4e62-91bb-a2a8d401e89f,,,"ERROR: {'Error code': 429, 'Message': 'Unknown API error.', 'Data': 'Unknown API error.'}"
a8d27e01-1dee-43ff-b32b-4bc0c2fd3dca,,,"ERROR: {'Error code': 429, 'Message': 'Unknown API error.', 'Data': 'Unknown API error.'}"
a8d2b870-c4b8-4644-adb4-25c5bbe40899,,,"ERROR: {'Error code': 429, 'Message': 'Unknown API error.', 'Data': 'Unknown API error.'}"
a8d34dab-3b85-4ab5-be0c-e0f81e0d47f2,,,"ERROR: {'Error code': 429, 'Message': 'Unknown API error.', 'Data': 'Unknown API error.'}"
a8d39a16-bd29-4e86-8a4b-49150843199a,,,"ERROR: {'Error code': 429, 'Message': 'Unknown API error.', 'Data': 'Unknown API error.'}"
a8d3536c-577b-4ecd-930d-b9c94ae4cb0d,,,"ERROR: {'Error code': 429, 'Message': 'Unknown API error.', 'Data': 'Unknown API error.'}"
a8d539c8-6c88-4508-95df-cbcef5c4fa50,,,"ERROR: {'Error code': 429, 'Message': 'Unknown API error.', 'Data': 'Unknown API error.'}"
a8d60b46-7993-4bb9-bb56-30ea8a52f42d,,,"ERROR: {'Error code': 429, 'Message': 'Unknown API error.', 'Data': 'Unknown API error.'}"
a8d92e74-2031-4552-bdf2-4b7ce1f0e2d0,,,"ERROR: {'Error code': 429, 'Message': 'Unknown API error.', 'Data': 'Unknown API error.'}"
a8dac414-e58d-4743-b26a-72bab652a2bd,,,"ERROR: {'Error code': 429, 'Message': 'Unknown API error.', 'Data': 'Unknown API error.'}"
a8ddc10d-bc21-44a6-b45e-8718c1ae4623,,,"ERROR: {'Error code': 429, 'Message': 'Unknown API error.', 'Data': 'Unknown API error.'}"
a8defc30-2b6d-4142-8dfd-9595e4748b34,,,"ERROR: {'Error code': 429, 'Message': 'Unknown API error.', 'Data': 'Unknown API error.'}"
a8e4f9de-8620-4f1d-9ed9-18cb1433c7f7,,,"ERROR: {'Error code': 429, 'Message': 'Unknown API error.', 'Data': 'Unknown API error.'}"
a8e2e177-fe8f-491f-a371-14b794707e0a,,,"ERROR: {'Error code': 429, 'Message': 'Unknown API error.', 'Data': 'Unknown API error.'}"
a8e94814-eee4-4eb7-bfcb-a5de38dab77c,,,"ERROR: {'Error code': 429, 'Message': 'Unknown API error.', 'Data': 'Unknown API error.'}"
a8e61112-7bb9-475d-8d39-d1a0c1babfe5,,,"ERROR: {'Error code': 429, 'Message': 'Unknown API error.', 'Data': 'Unknown API error.'}"
a8e9a6c5-5154-4294-a329-7d68995da39f,,,"ERROR: {'Error code': 429, 'Message': 'Unknown API error.', 'Data': 'Unknown API error.'}"
a8ea108f-2bf6-4599-873d-95d5fa543852,,,"ERROR: {'Error code': 429, 'Message': 'Unknown API error.', 'Data': 'Unknown API error.'}"
a8ed0bc8-477a-4835-8fc8-db355e3c1306,,,"ERROR: {'Error code': 429, 'Message': 'Unknown API error.', 'Data': 'Unknown API error.'}"
a8eeab1f-1939-4e24-9abc-e99fcd0583e9,,,"ERROR: {'Error code': 429, 'Message': 'Unknown API error.', 'Data': 'Unknown API error.'}"
a8eebc78-b4ac-4923-8f6e-ab9b5f545768,,,"ERROR: {'Error code': 429, 'Message': 'Unknown API error.', 'Data': 'Unknown API error.'}"
a8f01e66-8d44-4128-9232-cec99cd12f71,,,"ERROR: {'Error code': 429, 'Message': 'Unknown API error.', 'Data': 'Unknown API error.'}"
a8f9b606-293f-473b-9ca2-371b8d9ff71e,,,"ERROR: {'Error code': 429, 'Message': 'Unknown API error.', 'Data': 'Unknown API error.'}"
a90065f9-bfa1-4cb3-a8be-79dbfcacdc6a,,,"ERROR: {'Error code': 429, 'Message': 'Unknown API error.', 'Data': 'Unknown API error.'}"
a9013ff5-6c6f-4541-8c78-0dd6ae2eb092,,,"ERROR: {'Error code': 429, 'Message': 'Unknown API error.', 'Data': 'Unknown API error.'}"
a90668de-bfdd-4f55-97e2-a4cb5357e77a,,,"ERROR: {'Error code': 429, 'Message': 'Unknown API error.', 'Data': 'Unknown API error.'}"
a90e6562-f877-46c4-985e-1729d9652a69,,,"ERROR: {'Error code': 429, 'Message': 'Unknown API error.', 'Data': 'Unknown API error.'}"
a9109097-c0dc-448a-9f68-2e6d3efd5d52,,,"ERROR: {'Error code': 429, 'Message': 'Unknown API error.', 'Data': 'Unknown API error.'}"
a915c139-1267-42ce-8ee5-1aa5db174349,,,"ERROR: {'Error code': 429, 'Message': 'Unknown API error.', 'Data': 'Unknown API error.'}"
a915f458-ae70-4a58-a239-fd30d0edb478,,,"ERROR: {'Error code': 429, 'Message': 'Unknown API error.', 'Data': 'Unknown API error.'}"
a91d4baa-2c02-47a7-9698-64c015a7d1d2,,,"ERROR: {'Error code': 429, 'Message': 'Unknown API error.', 'Data': 'Unknown API error.'}"
a91fcc62-8572-40d1-984b-9f77daa69f0a,,,"ERROR: {'Error code': 429, 'Message': 'Unknown API error.', 'Data': 'Unknown API error.'}"
a9236312-e366-45d0-bb00-96cbbfc54916,,,"ERROR: {'Error code': 429, 'Message': 'Unknown API error.', 'Data': 'Unknown API error.'}"
adb7b41c-1a06-4353-b166-997555871f8e,,,"ERROR: {'Error code': 429, 'Message': 'Unknown API error.', 'Data': 'Unknown API error.'}"
adbbbd0a-18ba-46a8-9289-4a62a6e0cc48,,,"ERROR: {'Error code': 429, 'Message': 'Unknown API error.', 'Data': 'Unknown API error.'}"
adbc0637-de1f-447f-9062-8f298dc68076,,,"ERROR: {'Error code': 429, 'Message': 'Unknown API error.', 'Data': 'Unknown API error.'}"
adbeff0d-3f93-4451-a25e-99559790634e,,,"ERROR: {'Error code': 429, 'Message': 'Unknown API error.', 'Data': 'Unknown API error.'}"
adc04736-44c0-4628-abcd-5e6e0975e6fd,,,"ERROR: {'Error code': 429, 'Message': 'Unknown API error.', 'Data': 'Unknown API error.'}"
adc23019-da6d-4f1c-a0c6-ea43f119e623,,,"ERROR: {'Error code': 429, 'Message': 'Unknown API error.', 'Data': 'Unknown API error.'}"
adc397c2-9e92-4e44-9c5d-f86e87d65f00,,,"ERROR: {'Error code': 429, 'Message': 'Unknown API error.', 'Data': 'Unknown API error.'}"
adc91524-165c-41ba-b201-50b14010650b,,,"ERROR: {'Error code': 429, 'Message': 'Unknown API error.', 'Data': 'Unknown API error.'}"
adc50018-b366-485d-baaf-a7f385678b34,,,"ERROR: {'Error code': 429, 'Message': 'Unknown API error.', 'Data': 'Unknown API error.'}"
adca2534-8b3d-430b-88ec-cab244463472,,,"ERROR: {'Error code': 429, 'Message': 'Unknown API error.', 'Data': 'Unknown API error.'}"
adcac501-d2cd-480b-896a-1f0e5d18c349,,,"ERROR: {'Error code': 429, 'Message': 'Unknown API error.', 'Data': 'Unknown API error.'}"
adcacd4c-025a-4f46-b17b-a6ddccec60f6,,,"ERROR: {'Error code': 429, 'Message': 'Unknown API error.', 'Data': 'Unknown API error.'}"
adcb0c45-c79c-4844-8a86-d39f0f58a501,,,"ERROR: {'Error code': 429, 'Message': 'Unknown API error.', 'Data': 'Unknown API error.'}"
adcebc5d-2405-4f02-b7ad-15bd2670fb66,,,"ERROR: {'Error code': 429, 'Message': 'Unknown API error.', 'Data': 'Unknown API error.'}"
adccfbcb-a224-4600-8870-f249abce9307,,,"ERROR: {'Error code': 429, 'Message': 'Unknown API error.', 'Data': 'Unknown API error.'}"
add8ef72-15f5-476d-afc3-f0cac5ff32a6,,,"ERROR: {'Error code': 429, 'Message': 'Unknown API error.', 'Data': 'Unknown API error.'}"
add034ad-771d-41bf-bfd0-c74efe3321f3,,,"ERROR: {'Error code': 429, 'Message': 'Unknown API error.', 'Data': 'Unknown API error.'}"
add9e5ab-9b03-4c86-a23c-8c95354af315,,,"ERROR: {'Error code': 429, 'Message': 'Unknown API error.', 'Data': 'Unknown API error.'}"
add9cf5f-7bb6-449f-9fe6-eccb20dd131f,,,"ERROR: {'Error code': 429, 'Message': 'Unknown API error.', 'Data': 'Unknown API error.'}"
adda5885-9c2e-4d7d-8c9a-c1e1afd33720,,,"ERROR: {'Error code': 429, 'Message': 'Unknown API error.', 'Data': 'Unknown API error.'}"
addacc81-4303-492a-8744-279e0d2a50fa,,,"ERROR: {'Error code': 429, 'Message': 'Unknown API error.', 'Data': 'Unknown API error.'}"
ade2cd81-4e95-4bf0-afed-d36585336620,,,"ERROR: {'Error code': 429, 'Message': 'Unknown API error.', 'Data': 'Unknown API error.'}"
ade2ad16-e6c0-45d2-a888-e6bee5bae864,,,"ERROR: {'Error code': 429, 'Message': 'Unknown API error.', 'Data': 'Unknown API error.'}"
ade3cabd-1979-4af2-95c8-77906b631195,,,"ERROR: {'Error code': 429, 'Message': 'Unknown API error.', 'Data': 'Unknown API error.'}"
ade76dea-f0ba-4555-9eb8-f342b1290758,,,"ERROR: {'Error code': 429, 'Message': 'Unknown API error.', 'Data': 'Unknown API error.'}"
adf3fccf-6f72-490f-a5b0-b8fb967e24ae,,,"ERROR: {'Error code': 429, 'Message': 'Unknown API error.', 'Data': 'Unknown API error.'}"
adeef14c-a3d2-4658-b11d-c62b6671525e,,,"ERROR: {'Error code': 429, 'Message': 'Unknown API error.', 'Data': 'Unknown API error.'}"
adf5329c-02d2-4ba6-878b-f3b6141b417d,,,"ERROR: {'Error code': 429, 'Message': 'Unknown API error.', 'Data': 'Unknown API error.'}"
adf5ffb0-4ca4-43b7-8976-d1577d4a4084,,,"ERROR: {'Error code': 429, 'Message': 'Unknown API error.', 'Data': 'Unknown API error.'}"
adfa29b9-d82a-4873-af72-629da6532384,,,"ERROR: {'Error code': 429, 'Message': 'Unknown API error.', 'Data': 'Unknown API error.'}"
ae00fe89-00dd-4f21-bed0-3dfb7e63ba3b,,,"ERROR: {'Error code': 429, 'Message': 'Unknown API error.', 'Data': 'Unknown API error.'}"
ae029597-9cc8-42b1-9fde-73f32726ee5e,,,"ERROR: {'Error code': 429, 'Message': 'Unknown API error.', 'Data': 'Unknown API error.'}"
ae04660f-cf1b-4c3f-a7d2-7909dc3fc272,,,"ERROR: {'Error code': 429, 'Message': 'Unknown API error.', 'Data': 'Unknown API error.'}"
ae098080-04c9-47e9-8f0b-94a8e404209b,,,"ERROR: {'Error code': 429, 'Message': 'Unknown API error.', 'Data': 'Unknown API error.'}"
ae06c839-2edf-460c-a63b-a6ab3044d03c,,,"ERROR: {'Error code': 429, 'Message': 'Unknown API error.', 'Data': 'Unknown API error.'}"
ae0dbda3-6c37-41ee-877b-2ac66c6b7897,,,"ERROR: {'Error code': 429, 'Message': 'Unknown API error.', 'Data': 'Unknown API error.'}"
ae0b0269-6922-46eb-a4cd-f79d3453f56d,,,"ERROR: {'Error code': 429, 'Message': 'Unknown API error.', 'Data': 'Unknown API error.'}"
ae0f7011-512e-46f2-b9ef-27a922783b1c,,,"ERROR: {'Error code': 429, 'Message': 'Unknown API error.', 'Data': 'Unknown API error.'}"
ae137608-96c6-42c0-9133-cae60c4742b7,,,"ERROR: {'Error code': 429, 'Message': 'Unknown API error.', 'Data': 'Unknown API error.'}"
ae153401-1402-4445-9d5e-dc298707c231,,,"ERROR: {'Error code': 429, 'Message': 'Unknown API error.', 'Data': 'Unknown API error.'}"
ae15bbe3-9737-47e8-82bc-610d8d866617,,,"ERROR: {'Error code': 429, 'Message': 'Unknown API error.', 'Data': 'Unknown API error.'}"
ae167c36-2ba9-4092-8282-ac09074a2448,,,"ERROR: {'Error code': 429, 'Message': 'Unknown API error.', 'Data': 'Unknown API error.'}"
ae15c1c6-6af6-4d9b-ab20-f0018f6b2483,,,"ERROR: {'Error code': 429, 'Message': 'Unknown API error.', 'Data': 'Unknown API error.'}"
ae1902ac-da9e-4e18-999b-8467a29f1910,,,"ERROR: {'Error code': 429, 'Message': 'Unknown API error.', 'Data': 'Unknown API error.'}"
ae19da4d-a12d-457c-8925-55b1ef0148ee,,,"ERROR: {'Error code': 429, 'Message': 'Unknown API error.', 'Data': 'Unknown API error.'}"
ae1f0054-7d78-4516-8a82-6c35efe2cae3,,,"ERROR: {'Error code': 429, 'Message': 'Unknown API error.', 'Data': 'Unknown API error.'}"
ae1dca48-e203-4a75-8cbe-cf39a910a0dd,,,"ERROR: {'Error code': 429, 'Message': 'Unknown API error.', 'Data': 'Unknown API error.'}"
ae225ea5-ac5e-4fd9-ae88-64adffa32493,,,"ERROR: {'Error code': 429, 'Message': 'Unknown API error.', 'Data': 'Unknown API error.'}"
ae21f4f1-5dfd-413b-a611-eb96ac70ef56,,,"ERROR: {'Error code': 429, 'Message': 'Unknown API error.', 'Data': 'Unknown API error.'}"
ae26b139-774a-4c85-8e97-4d9645fec88d,,,"ERROR: {'Error code': 429, 'Message': 'Unknown API error.', 'Data': 'Unknown API error.'}"
ae279ac0-6437-4ade-b847-4681936c59b3,,,"ERROR: {'Error code': 429, 'Message': 'Unknown API error.', 'Data': 'Unknown API error.'}"
ae2b25f4-7db8-4057-adbe-db16e6ef3be8,,,"ERROR: {'Error code': 429, 'Message': 'Unknown API error.', 'Data': 'Unknown API error.'}"
ae2c6a5d-7660-40b6-8e8f-bfcdf5d1f68e,,,"ERROR: {'Error code': 429, 'Message': 'Unknown API error.', 'Data': 'Unknown API error.'}"
ae376c0e-c78f-4a7d-89f4-38e9be672f97,,,"ERROR: {'Error code': 429, 'Message': 'Unknown API error.', 'Data': 'Unknown API error.'}"
ae306fa1-783f-442b-9c7c-a307f95e8d65,,,"ERROR: {'Error code': 429, 'Message': 'Unknown API error.', 'Data': 'Unknown API error.'}"
ae3bae76-314c-4b57-ad22-0dc08ee0d57d,,,"ERROR: {'Error code': 429, 'Message': 'Unknown API error.', 'Data': 'Unknown API error.'}"
ae38e3e6-8672-4d19-b705-2882052a71b0,,,"ERROR: {'Error code': 429, 'Message': 'Unknown API error.', 'Data': 'Unknown API error.'}"
b2c8126e-9b50-41aa-af35-09b42c35b886,,,"ERROR: {'Error code': 429, 'Message': 'Unknown API error.', 'Data': 'Unknown API error.'}"
ae3c03dd-2e21-4e76-99b6-e1bd816fbeb0,,,"ERROR: {'Error code': 429, 'Message': 'Unknown API error.', 'Data': 'Unknown API error.'}"
b2d4db81-ea05-4593-8b1b-efd993b0fdab,,,"ERROR: {'Error code': 429, 'Message': 'Unknown API error.', 'Data': 'Unknown API error.'}"
b2d0a721-09e9-4f01-b3b5-24f10767d48b,,,"ERROR: {'Error code': 429, 'Message': 'Unknown API error.', 'Data': 'Unknown API error.'}"
b2d62de6-2da6-4a92-9e22-a866d7fc306c,,,"ERROR: {'Error code': 429, 'Message': 'Unknown API error.', 'Data': 'Unknown API error.'}"
b2d5107d-7edd-40a4-a7d6-ab5724fd72dd,,,"ERROR: {'Error code': 429, 'Message': 'Unknown API error.', 'Data': 'Unknown API error.'}"
b2d6dcfa-3521-4d5f-abd4-1a621cb7dd50,,,"ERROR: {'Error code': 429, 'Message': 'Unknown API error.', 'Data': 'Unknown API error.'}"
b2d68768-34be-40ec-a985-c059dcdb5f0b,,,"ERROR: {'Error code': 429, 'Message': 'Unknown API error.', 'Data': 'Unknown API error.'}"
b2dbf028-a89b-4299-bb28-d7cc3b58e300,,,"ERROR: {'Error code': 429, 'Message': 'Unknown API error.', 'Data': 'Unknown API error.'}"
b2d9bb92-caf2-4b25-8307-eb7926de64e9,,,"ERROR: {'Error code': 429, 'Message': 'Unknown API error.', 'Data': 'Unknown API error.'}"
b2dc3317-a919-40b2-9484-e74affa45a38,,,"ERROR: {'Error code': 429, 'Message': 'Unknown API error.', 'Data': 'Unknown API error.'}"
b2e78bd8-5c77-4d27-9a9e-1d679ff1cb62,,,"ERROR: {'Error code': 429, 'Message': 'Unknown API error.', 'Data': 'Unknown API error.'}"
b2ebe571-5c5e-4095-8214-14cc59fcaf59,,,"ERROR: {'Error code': 429, 'Message': 'Unknown API error.', 'Data': 'Unknown API error.'}"
b2ed7c6a-a9d2-4199-ad29-b1144f76b671,,,"ERROR: {'Error code': 429, 'Message': 'Unknown API error.', 'Data': 'Unknown API error.'}"
b2eff06a-e81b-4639-bd66-8485e121f117,,,"ERROR: {'Error code': 429, 'Message': 'Unknown API error.', 'Data': 'Unknown API error.'}"
b2f0cbd8-ba79-47f8-9057-c78607e53c64,,,"ERROR: {'Error code': 429, 'Message': 'Unknown API error.', 'Data': 'Unknown API error.'}"
b2f63eac-7a98-4bea-8885-f7c840bdc0f3,,,"ERROR: {'Error code': 429, 'Message': 'Unknown API error.', 'Data': 'Unknown API error.'}"
b2f61e24-8a7b-4997-8224-8fec249910a7,,,"ERROR: {'Error code': 429, 'Message': 'Unknown API error.', 'Data': 'Unknown API error.'}"
b2fca516-3545-4937-a68b-644fa3deb73d,,,"ERROR: {'Error code': 429, 'Message': 'Unknown API error.', 'Data': 'Unknown API error.'}"
b2f85191-92db-4e17-bc5d-5c20f1057a71,,,"ERROR: {'Error code': 429, 'Message': 'Unknown API error.', 'Data': 'Unknown API error.'}"
b2fd861b-c53b-41ee-91f7-7b167256b2ee,,,"ERROR: {'Error code': 429, 'Message': 'Unknown API error.', 'Data': 'Unknown API error.'}"
b2feef91-b925-411e-8f9a-e09307137cde,,,"ERROR: {'Error code': 429, 'Message': 'Unknown API error.', 'Data': 'Unknown API error.'}"
b30640a7-ef1d-4ff0-a535-920e1467ed0a,,,"ERROR: {'Error code': 429, 'Message': 'Unknown API error.', 'Data': 'Unknown API error.'}"
b308971c-9363-40bb-924a-65ca705df2aa,,,"ERROR: {'Error code': 429, 'Message': 'Unknown API error.', 'Data': 'Unknown API error.'}"
b308d04f-6d4d-4408-958d-70c52b719e87,,,"ERROR: {'Error code': 429, 'Message': 'Unknown API error.', 'Data': 'Unknown API error.'}"
b30a5faf-99d0-4870-a0bb-cd3b31354f3c,,,"ERROR: {'Error code': 429, 'Message': 'Unknown API error.', 'Data': 'Unknown API error.'}"
b30bf6fc-f0ae-4cde-b61d-9acca3b4c883,,,"ERROR: {'Error code': 429, 'Message': 'Unknown API error.', 'Data': 'Unknown API error.'}"
b30c1874-32a5-4f4a-bfbb-c292b380dd2f,,,"ERROR: {'Error code': 429, 'Message': 'Unknown API error.', 'Data': 'Unknown API error.'}"
b3138f0a-3492-49a0-ad92-acc9c0ee1be4,,,"ERROR: {'Error code': 429, 'Message': 'Unknown API error.', 'Data': 'Unknown API error.'}"
b3110796-4145-4398-8a17-b3676ebb272e,,,"ERROR: {'Error code': 429, 'Message': 'Unknown API error.', 'Data': 'Unknown API error.'}"
b316c976-4753-4421-9c7e-258824f6ddb0,,,"ERROR: {'Error code': 429, 'Message': 'Unknown API error.', 'Data': 'Unknown API error.'}"
b3175b8f-41cb-44a6-a0d5-3b01aebf5a39,,,"ERROR: {'Error code': 429, 'Message': 'Unknown API error.', 'Data': 'Unknown API error.'}"
b3186369-9cf2-40e9-b355-4f74c52e18f2,,,"ERROR: {'Error code': 429, 'Message': 'Unknown API error.', 'Data': 'Unknown API error.'}"
b319998d-5f2a-4a45-b089-f0aec8f6aada,,,"ERROR: {'Error code': 429, 'Message': 'Unknown API error.', 'Data': 'Unknown API error.'}"
b31e94a2-571b-4cab-bd61-6dd293502444,,,"ERROR: {'Error code': 429, 'Message': 'Unknown API error.', 'Data': 'Unknown API error.'}"
b31e129c-6533-4312-bfac-6d0d0b980df7,,,"ERROR: {'Error code': 429, 'Message': 'Unknown API error.', 'Data': 'Unknown API error.'}"
b323f73d-5d4c-48b9-af17-a4dd579f4296,,,"ERROR: {'Error code': 429, 'Message': 'Unknown API error.', 'Data': 'Unknown API error.'}"
b327a2f2-00fe-41a5-a674-737fa9cdd119,,,"ERROR: {'Error code': 429, 'Message': 'Unknown API error.', 'Data': 'Unknown API error.'}"
b328b75a-c3cb-4c8b-9034-0c043dddd6b1,,,"ERROR: {'Error code': 429, 'Message': 'Unknown API error.', 'Data': 'Unknown API error.'}"
b32ac39a-3258-41e4-a89e-dc261a62fa9c,,,"ERROR: {'Error code': 429, 'Message': 'Unknown API error.', 'Data': 'Unknown API error.'}"
b32bde55-a960-4027-9e3b-0d60719c7da5,,,"ERROR: {'Error code': 429, 'Message': 'Unknown API error.', 'Data': 'Unknown API error.'}"
b32cc211-b8f4-424b-b805-86ac6e9b9705,,,"ERROR: {'Error code': 429, 'Message': 'Unknown API error.', 'Data': 'Unknown API error.'}"
b32d6598-e5eb-482b-9f4d-4dd849be954f,,,"ERROR: {'Error code': 429, 'Message': 'Unknown API error.', 'Data': 'Unknown API error.'}"
b332287b-fea1-4920-a4be-a098ae97e23b,,,"ERROR: {'Error code': 429, 'Message': 'Unknown API error.', 'Data': 'Unknown API error.'}"
b3367f19-a42c-4ad6-a865-c3f72f20bb8b,,,"ERROR: {'Error code': 429, 'Message': 'Unknown API error.', 'Data': 'Unknown API error.'}"
b3378223-d22f-4f5f-a64e-f5716c66360a,,,"ERROR: {'Error code': 429, 'Message': 'Unknown API error.', 'Data': 'Unknown API error.'}"
b337ae14-bce0-4186-a88f-3e19971ea684,,,"ERROR: {'Error code': 429, 'Message': 'Unknown API error.', 'Data': 'Unknown API error.'}"
b338c7e2-3579-464f-8df6-b766ddf3a732,,,"ERROR: {'Error code': 429, 'Message': 'Unknown API error.', 'Data': 'Unknown API error.'}"
b33c3f8c-fdc4-4d8b-80c4-deb86ea0ed0a,,,"ERROR: {'Error code': 429, 'Message': 'Unknown API error.', 'Data': 'Unknown API error.'}"
b33c4615-4bc8-4802-a63d-a54be705826e,,,"ERROR: {'Error code': 429, 'Message': 'Unknown API error.', 'Data': 'Unknown API error.'}"
b33ddde0-35aa-4ac3-8650-ac342572aca0,,,"ERROR: {'Error code': 429, 'Message': 'Unknown API error.', 'Data': 'Unknown API error.'}"
b3428a9a-e072-48f0-b2ed-9e6f7a2be1c1,,,"ERROR: {'Error code': 429, 'Message': 'Unknown API error.', 'Data': 'Unknown API error.'}"
b347e964-2389-463d-8901-51aad9609e79,,,"ERROR: {'Error code': 429, 'Message': 'Unknown API error.', 'Data': 'Unknown API error.'}"
b348b7f3-afa1-4005-ae20-aea9b5b5c4e3,,,"ERROR: {'Error code': 429, 'Message': 'Unknown API error.', 'Data': 'Unknown API error.'}"
b7d4a263-7c11-4149-9bb7-6ae5e0975a3d,,,"ERROR: {'Error code': 429, 'Message': 'Unknown API error.', 'Data': 'Unknown API error.'}"
b7d852aa-0bf8-4760-8577-a9876d4cdd60,,,"ERROR: {'Error code': 429, 'Message': 'Unknown API error.', 'Data': 'Unknown API error.'}"
b7dc6427-cb46-4c20-96d0-2a59b150f27c,,,"ERROR: {'Error code': 429, 'Message': 'Unknown API error.', 'Data': 'Unknown API error.'}"
b7d8f7be-1816-44f6-a3d5-d8dbc725bfa9,,,"ERROR: {'Error code': 429, 'Message': 'Unknown API error.', 'Data': 'Unknown API error.'}"
b7e25861-ac0e-4bb5-af11-6fa005b8c1d2,,,"ERROR: {'Error code': 429, 'Message': 'Unknown API error.', 'Data': 'Unknown API error.'}"
b7df03c2-4e76-45d7-932a-5f0d257bbb4c,,,"ERROR: {'Error code': 429, 'Message': 'Unknown API error.', 'Data': 'Unknown API error.'}"
b7e9e974-4e63-456f-93f0-4fc0930d268f,,,"ERROR: {'Error code': 429, 'Message': 'Unknown API error.', 'Data': 'Unknown API error.'}"
b7ec441d-bbf9-43f3-ac72-a1b09a1de761,,,"ERROR: {'Error code': 429, 'Message': 'Unknown API error.', 'Data': 'Unknown API error.'}"
b7f128f7-df56-47c8-979e-79da6d1f012d,,,"ERROR: {'Error code': 429, 'Message': 'Unknown API error.', 'Data': 'Unknown API error.'}"
b7ec9caf-d5ea-45f8-b6f9-e6b4682dd23d,,,"ERROR: {'Error code': 429, 'Message': 'Unknown API error.', 'Data': 'Unknown API error.'}"
b7f4b026-6b06-494e-9737-a02df930e7de,,,"ERROR: {'Error code': 429, 'Message': 'Unknown API error.', 'Data': 'Unknown API error.'}"
b7f4a99a-72b4-4978-899b-0051f36ab3bb,,,"ERROR: {'Error code': 429, 'Message': 'Unknown API error.', 'Data': 'Unknown API error.'}"
b7f61085-745b-4bb3-af9f-7444e5b8907f,,,"ERROR: {'Error code': 429, 'Message': 'Unknown API error.', 'Data': 'Unknown API error.'}"
b7f63066-7f21-472d-aa26-52755297fe1d,,,"ERROR: {'Error code': 429, 'Message': 'Unknown API error.', 'Data': 'Unknown API error.'}"
b7f74aaa-cc85-4f2f-9ea6-36ab412d0fb7,,,"ERROR: {'Error code': 429, 'Message': 'Unknown API error.', 'Data': 'Unknown API error.'}"
b7f85f8e-0a4f-4cea-a90a-0fcbd0e40b96,,,"ERROR: {'Error code': 429, 'Message': 'Unknown API error.', 'Data': 'Unknown API error.'}"
b7fe5027-c81f-482e-99df-66ff1d86cbe6,,,"ERROR: {'Error code': 429, 'Message': 'Unknown API error.', 'Data': 'Unknown API error.'}"
b803a37d-5cfc-46bd-ba7c-d3ac4a56cccb,,,"ERROR: {'Error code': 429, 'Message': 'Unknown API error.', 'Data': 'Unknown API error.'}"
b804edf5-a7b2-4c2b-be7d-7a258f730433,,,"ERROR: {'Error code': 429, 'Message': 'Unknown API error.', 'Data': 'Unknown API error.'}"
b8046a7f-499c-4b60-9426-5ec1ab7dbe0d,,,"ERROR: {'Error code': 429, 'Message': 'Unknown API error.', 'Data': 'Unknown API error.'}"
b80c0741-6f34-411f-8fb9-dba84f795a7c,,,"ERROR: {'Error code': 429, 'Message': 'Unknown API error.', 'Data': 'Unknown API error.'}"
b809616a-4b1a-4920-a9a6-3642ac99284b,,,"ERROR: {'Error code': 429, 'Message': 'Unknown API error.', 'Data': 'Unknown API error.'}"
b80c74be-6838-42eb-814d-1cffd0bbfd85,,,"ERROR: {'Error code': 429, 'Message': 'Unknown API error.', 'Data': 'Unknown API error.'}"
b80c1596-10a0-473d-b64f-baba702bbaa3,,,"ERROR: {'Error code': 429, 'Message': 'Unknown API error.', 'Data': 'Unknown API error.'}"
b80cf2c3-9fde-460a-9da6-e411af6cb04c,,,"ERROR: {'Error code': 429, 'Message': 'Unknown API error.', 'Data': 'Unknown API error.'}"
b80c7d88-6fb3-47d6-ac18-3ff196e491e4,,,"ERROR: {'Error code': 429, 'Message': 'Unknown API error.', 'Data': 'Unknown API error.'}"
b80ddf24-0ff9-4d5b-8b87-79e83010d1bc,,,"ERROR: {'Error code': 429, 'Message': 'Unknown API error.', 'Data': 'Unknown API error.'}"
b8138e61-a900-44c8-8be2-0a6b5c353814,,,"ERROR: {'Error code': 429, 'Message': 'Unknown API error.', 'Data': 'Unknown API error.'}"
b81a8205-2a60-46d4-bbf8-c1776ea5b9fc,,,"ERROR: {'Error code': 429, 'Message': 'Unknown API error.', 'Data': 'Unknown API error.'}"
b8171248-1b0f-49b3-aa5a-0abad841b21a,,,"ERROR: {'Error code': 429, 'Message': 'Unknown API error.', 'Data': 'Unknown API error.'}"
b81ef641-9a6d-4d93-94a8-0ff945554f7c,,,"ERROR: {'Error code': 429, 'Message': 'Unknown API error.', 'Data': 'Unknown API error.'}"
b8238e90-2ddf-4ad9-9e5c-167e6b83f938,,,"ERROR: {'Error code': 429, 'Message': 'Unknown API error.', 'Data': 'Unknown API error.'}"
b8274415-9825-484e-81fa-f6c01ae762f9,,,"ERROR: {'Error code': 429, 'Message': 'Unknown API error.', 'Data': 'Unknown API error.'}"
b826ba12-bbef-4e55-bd7b-70f680826f91,,,"ERROR: {'Error code': 429, 'Message': 'Unknown API error.', 'Data': 'Unknown API error.'}"
b82b2c40-40f5-4ab2-9cc3-00a5365fd796,,,"ERROR: {'Error code': 429, 'Message': 'Unknown API error.', 'Data': 'Unknown API error.'}"
b829cc43-0dfa-4f0c-a626-eeb469fbf00a,,,"ERROR: {'Error code': 429, 'Message': 'Unknown API error.', 'Data': 'Unknown API error.'}"
b83357f7-7d04-45b3-878b-7be08976a63c,,,"ERROR: {'Error code': 429, 'Message': 'Unknown API error.', 'Data': 'Unknown API error.'}"
b8329a69-dd4a-4ee7-a97f-ae75a1365abd,,,"ERROR: {'Error code': 429, 'Message': 'Unknown API error.', 'Data': 'Unknown API error.'}"
b834930e-b62b-403f-ba21-8419a1cb4b6e,,,"ERROR: {'Error code': 429, 'Message': 'Unknown API error.', 'Data': 'Unknown API error.'}"
b835f7ca-7c7a-487b-9590-f476030a11d5,,,"ERROR: {'Error code': 429, 'Message': 'Unknown API error.', 'Data': 'Unknown API error.'}"
b8370657-56b0-4b82-b426-44e5cf54560e,,,"ERROR: {'Error code': 429, 'Message': 'Unknown API error.', 'Data': 'Unknown API error.'}"
b8384e20-656f-48b6-b4f7-a2a51f23015d,,,"ERROR: {'Error code': 429, 'Message': 'Unknown API error.', 'Data': 'Unknown API error.'}"
b8397071-e4e9-412e-92b9-23f1afc19a36,,,"ERROR: {'Error code': 429, 'Message': 'Unknown API error.', 'Data': 'Unknown API error.'}"
b83be6b1-604c-489d-9d51-cea5365be86d,,,"ERROR: {'Error code': 429, 'Message': 'Unknown API error.', 'Data': 'Unknown API error.'}"
b8404416-863e-430d-98b8-e7e5a7c62c29,,,"ERROR: {'Error code': 429, 'Message': 'Unknown API error.', 'Data': 'Unknown API error.'}"
b83e4e88-d609-4e62-9bf3-5ecb17b09950,,,"ERROR: {'Error code': 429, 'Message': 'Unknown API error.', 'Data': 'Unknown API error.'}"
b842805d-56ce-4559-b81f-58173a3fc156,,,"ERROR: {'Error code': 429, 'Message': 'Unknown API error.', 'Data': 'Unknown API error.'}"
b842fc4f-38ba-4c1a-a8f5-2d5f28de23bd,,,"ERROR: {'Error code': 429, 'Message': 'Unknown API error.', 'Data': 'Unknown API error.'}"
b84f9be4-b320-43f4-a5e6-030deef31741,,,"ERROR: {'Error code': 429, 'Message': 'Unknown API error.', 'Data': 'Unknown API error.'}"
b84e5133-d32c-4cc9-af12-59d987921815,,,"ERROR: {'Error code': 429, 'Message': 'Unknown API error.', 'Data': 'Unknown API error.'}"
b851042f-79bb-4597-9ad9-4f003f0bf0e6,,,"ERROR: {'Error code': 429, 'Message': 'Unknown API error.', 'Data': 'Unknown API error.'}"
b851125b-2dd4-4d37-acc9-beabcf974312,,,"ERROR: {'Error code': 429, 'Message': 'Unknown API error.', 'Data': 'Unknown API error.'}"
b85147c1-2636-445d-985f-61c52e198fef,,,"ERROR: {'Error code': 429, 'Message': 'Unknown API error.', 'Data': 'Unknown API error.'}"
bd017038-491b-4321-a9eb-aa9f1b29531f,,,"ERROR: {'Error code': 429, 'Message': 'Unknown API error.', 'Data': 'Unknown API error.'}"
bd05bc71-facf-4893-a0bf-57b20dfc49b8,,,"ERROR: {'Error code': 429, 'Message': 'Unknown API error.', 'Data': 'Unknown API error.'}"
bd021909-78fd-4d91-9d7b-ee4521c3322d,,,"ERROR: {'Error code': 429, 'Message': 'Unknown API error.', 'Data': 'Unknown API error.'}"
bd098bf5-cf7d-422b-b7fe-091585a949d9,,,"ERROR: {'Error code': 429, 'Message': 'Unknown API error.', 'Data': 'Unknown API error.'}"
bd0b7764-c21c-47f8-a4f5-fd87e7238898,,,"ERROR: {'Error code': 429, 'Message': 'Unknown API error.', 'Data': 'Unknown API error.'}"
bd0e6b6c-6fb4-4559-a7f5-8bd76368ed33,,,"ERROR: {'Error code': 429, 'Message': 'Unknown API error.', 'Data': 'Unknown API error.'}"
bd11bf56-2d66-4ebd-983f-13ae3d68a6da,,,"ERROR: {'Error code': 429, 'Message': 'Unknown API error.', 'Data': 'Unknown API error.'}"
bd13dd91-5181-4f65-8109-a5bf8b7c6ef8,,,"ERROR: {'Error code': 429, 'Message': 'Unknown API error.', 'Data': 'Unknown API error.'}"
bd1359db-6a02-43ac-89b6-b52f00d5037d,,,"ERROR: {'Error code': 429, 'Message': 'Unknown API error.', 'Data': 'Unknown API error.'}"
bd18b2c0-b387-47d2-985e-41955811a008,,,"ERROR: {'Error code': 429, 'Message': 'Unknown API error.', 'Data': 'Unknown API error.'}"
bd213bb9-bb02-4b35-96a3-de4c794f6ed2,,,"ERROR: {'Error code': 429, 'Message': 'Unknown API error.', 'Data': 'Unknown API error.'}"
bd277085-3ae7-4229-a41c-d05149bf39a8,,,"ERROR: {'Error code': 429, 'Message': 'Unknown API error.', 'Data': 'Unknown API error.'}"
bd283832-9f69-486c-8844-ee4c6ea0b062,,,"ERROR: {'Error code': 429, 'Message': 'Unknown API error.', 'Data': 'Unknown API error.'}"
bd2bc5cb-3e5b-483e-957c-934c89d37455,,,"ERROR: {'Error code': 429, 'Message': 'Unknown API error.', 'Data': 'Unknown API error.'}"
bd2cd23a-b093-4192-9cc3-190cf82d7e9d,,,"ERROR: {'Error code': 429, 'Message': 'Unknown API error.', 'Data': 'Unknown API error.'}"
bd332494-e6c5-48cf-b5f6-e52de5169a12,,,"ERROR: {'Error code': 429, 'Message': 'Unknown API error.', 'Data': 'Unknown API error.'}"
bd33bca9-f500-45cd-ab91-6f4f4238cbb6,,,"ERROR: {'Error code': 429, 'Message': 'Unknown API error.', 'Data': 'Unknown API error.'}"
bd37d7b0-0fdc-4a70-afb4-9bcd29b5bfad,,,"ERROR: {'Error code': 429, 'Message': 'Unknown API error.', 'Data': 'Unknown API error.'}"
bd38fc71-13b1-4d67-aad7-94dca699e9fc,,,"ERROR: {'Error code': 429, 'Message': 'Unknown API error.', 'Data': 'Unknown API error.'}"
bd3a646d-b8cb-4502-a03a-88e0939d3ee8,,,"ERROR: {'Error code': 429, 'Message': 'Unknown API error.', 'Data': 'Unknown API error.'}"
bd3b4948-6ceb-461b-a4b2-633b60db8812,,,"ERROR: {'Error code': 429, 'Message': 'Unknown API error.', 'Data': 'Unknown API error.'}"
bd3d803d-97ac-4f6b-8864-9a9185f202f8,,,"ERROR: {'Error code': 429, 'Message': 'Unknown API error.', 'Data': 'Unknown API error.'}"
bd3dbdfd-adfd-4ac6-b9ea-68ceade091a2,,,"ERROR: {'Error code': 429, 'Message': 'Unknown API error.', 'Data': 'Unknown API error.'}"
bd46ff79-fb1f-4531-a621-35bbbba26522,,,"ERROR: {'Error code': 429, 'Message': 'Unknown API error.', 'Data': 'Unknown API error.'}"
bd40b343-4652-4038-aa8b-83b95b645711,,,"ERROR: {'Error code': 429, 'Message': 'Unknown API error.', 'Data': 'Unknown API error.'}"
bd5a8bb0-846f-4c60-a71e-de92471367d2,,,"ERROR: {'Error code': 429, 'Message': 'Unknown API error.', 'Data': 'Unknown API error.'}"
bd584cab-f023-4acd-ac31-3bee13049f5e,,,"ERROR: {'Error code': 429, 'Message': 'Unknown API error.', 'Data': 'Unknown API error.'}"
bd5af2a5-4128-4ce8-8d1a-0665193ec039,,,"ERROR: {'Error code': 429, 'Message': 'Unknown API error.', 'Data': 'Unknown API error.'}"
bd5b2f03-9f31-4e61-b048-8b20946872c7,,,"ERROR: {'Error code': 429, 'Message': 'Unknown API error.', 'Data': 'Unknown API error.'}"
bd5c9aaa-5a06-4466-81fc-85cb34632af5,,,"ERROR: {'Error code': 429, 'Message': 'Unknown API error.', 'Data': 'Unknown API error.'}"
bd5d7fec-881f-4555-8292-0be3e026ae77,,,"ERROR: {'Error code': 429, 'Message': 'Unknown API error.', 'Data': 'Unknown API error.'}"
bd636bc2-8d20-4b3e-bbe2-5fef34f82dd5,,,"ERROR: {'Error code': 429, 'Message': 'Unknown API error.', 'Data': 'Unknown API error.'}"
bd62a5c8-ac93-4047-9b31-cda580b50dae,,,"ERROR: {'Error code': 429, 'Message': 'Unknown API error.', 'Data': 'Unknown API error.'}"
bd644174-1104-41b2-b223-29f085ab1d17,,,"ERROR: {'Error code': 429, 'Message': 'Unknown API error.', 'Data': 'Unknown API error.'}"
bd64c4dd-3cda-4e05-9c33-50a58f78624f,,,"ERROR: {'Error code': 429, 'Message': 'Unknown API error.', 'Data': 'Unknown API error.'}"
bd6760c8-3929-40ce-a84f-d7c77e8bc42f,,,"ERROR: {'Error code': 429, 'Message': 'Unknown API error.', 'Data': 'Unknown API error.'}"
bd65dcf4-4f7e-410d-bec8-7f6b6e104bc1,,,"ERROR: {'Error code': 429, 'Message': 'Unknown API error.', 'Data': 'Unknown API error.'}"
bd6a285a-c379-4c3a-80f6-3bba34e24873,,,"ERROR: {'Error code': 429, 'Message': 'Unknown API error.', 'Data': 'Unknown API error.'}"
bd68b658-07f8-4fcf-997c-d7088f62f3b9,,,"ERROR: {'Error code': 429, 'Message': 'Unknown API error.', 'Data': 'Unknown API error.'}"
bd6f6847-13d6-4675-aace-0bff17c0c6f2,,,"ERROR: {'Error code': 429, 'Message': 'Unknown API error.', 'Data': 'Unknown API error.'}"
bd6d5c2b-47e7-4d24-bfb2-c5f068bb6e07,,,"ERROR: {'Error code': 429, 'Message': 'Unknown API error.', 'Data': 'Unknown API error.'}"
bd72bb85-850f-498f-a072-ba9d78281d91,,,"ERROR: {'Error code': 429, 'Message': 'Unknown API error.', 'Data': 'Unknown API error.'}"
bd7148c1-8770-43a7-8401-f941e180990a,,,"ERROR: {'Error code': 429, 'Message': 'Unknown API error.', 'Data': 'Unknown API error.'}"
bd76cd1b-a3dd-406f-9775-0069c090a70e,,,"ERROR: {'Error code': 429, 'Message': 'Unknown API error.', 'Data': 'Unknown API error.'}"
bd75ae82-6888-4c09-abb1-fa1924da1d1f,,,"ERROR: {'Error code': 429, 'Message': 'Unknown API error.', 'Data': 'Unknown API error.'}"
c21c1e5d-ee1c-43e3-8c3f-74f737964d2b,,,"ERROR: {'Error code': 429, 'Message': 'Unknown API error.', 'Data': 'Unknown API error.'}"
bd772633-ada6-4091-888a-996b9741ac04,,,"ERROR: {'Error code': 429, 'Message': 'Unknown API error.', 'Data': 'Unknown API error.'}"
c2213d96-e81b-49df-bc7b-9ca73175c45d,,,"ERROR: {'Error code': 429, 'Message': 'Unknown API error.', 'Data': 'Unknown API error.'}"
c21d967e-f6ae-4b55-976e-9eb339eb7fe1,,,"ERROR: {'Error code': 429, 'Message': 'Unknown API error.', 'Data': 'Unknown API error.'}"
c2297317-4d01-46eb-8368-70ded18e407d,,,"ERROR: {'Error code': 429, 'Message': 'Unknown API error.', 'Data': 'Unknown API error.'}"
c2280df2-dd8a-4c5f-9397-27301eb1eaea,,,"ERROR: {'Error code': 429, 'Message': 'Unknown API error.', 'Data': 'Unknown API error.'}"
c22fbbd5-a80c-4e4a-829c-8d2841438520,,,"ERROR: {'Error code': 429, 'Message': 'Unknown API error.', 'Data': 'Unknown API error.'}"
c2320660-8983-42af-b413-b94a1027ff03,,,"ERROR: {'Error code': 429, 'Message': 'Unknown API error.', 'Data': 'Unknown API error.'}"
c2376437-7e45-41f5-88a6-24d699695a76,,,"ERROR: {'Error code': 429, 'Message': 'Unknown API error.', 'Data': 'Unknown API error.'}"
c2367615-09bf-4d71-a026-33d45f6f2746,,,"ERROR: {'Error code': 429, 'Message': 'Unknown API error.', 'Data': 'Unknown API error.'}"
c238400d-e8e1-4c23-9ab8-7f260010ba71,,,"ERROR: {'Error code': 429, 'Message': 'Unknown API error.', 'Data': 'Unknown API error.'}"
c23d9f76-7c7b-4039-9408-23dd51a14ed5,,,"ERROR: {'Error code': 429, 'Message': 'Unknown API error.', 'Data': 'Unknown API error.'}"
c23ff9c0-542d-463d-a4ba-d1ba517d4a24,,,"ERROR: {'Error code': 429, 'Message': 'Unknown API error.', 'Data': 'Unknown API error.'}"
c2418e29-95ff-4732-9969-50cfabb81f5e,,,"ERROR: {'Error code': 429, 'Message': 'Unknown API error.', 'Data': 'Unknown API error.'}"
c241cc4b-e63e-4a9c-a23c-7f64d2542069,,,"ERROR: {'Error code': 429, 'Message': 'Unknown API error.', 'Data': 'Unknown API error.'}"
c242bdc0-e40d-4839-b326-cac1817773ec,,,"ERROR: {'Error code': 429, 'Message': 'Unknown API error.', 'Data': 'Unknown API error.'}"
c2476ba3-cda5-428d-b27a-da6bfcc449b5,,,"ERROR: {'Error code': 429, 'Message': 'Unknown API error.', 'Data': 'Unknown API error.'}"
c2529ba7-bdad-427b-a59f-1f3f44cbfbf5,,,"ERROR: {'Error code': 429, 'Message': 'Unknown API error.', 'Data': 'Unknown API error.'}"
c25be836-b7b3-453f-ab46-0040c18dc7dc,,,"ERROR: {'Error code': 429, 'Message': 'Unknown API error.', 'Data': 'Unknown API error.'}"
c253367d-4133-468b-8f62-9df7f28ac135,,,"ERROR: {'Error code': 429, 'Message': 'Unknown API error.', 'Data': 'Unknown API error.'}"
c2608e2c-c988-40f2-b012-444954c200d8,,,"ERROR: {'Error code': 429, 'Message': 'Unknown API error.', 'Data': 'Unknown API error.'}"
c25d59af-5b6c-48bd-8399-6b9d03faf6ad,,,"ERROR: {'Error code': 429, 'Message': 'Unknown API error.', 'Data': 'Unknown API error.'}"
c2628896-63a9-45f4-8ad9-4723de7129db,,,"ERROR: {'Error code': 429, 'Message': 'Unknown API error.', 'Data': 'Unknown API error.'}"
c2647c90-a7a0-4a5e-8dac-05e064e504a5,,,"ERROR: {'Error code': 429, 'Message': 'Unknown API error.', 'Data': 'Unknown API error.'}"
c26a52d8-1896-4823-b16b-781e12c1c321,,,"ERROR: {'Error code': 429, 'Message': 'Unknown API error.', 'Data': 'Unknown API error.'}"
c2654e19-abc6-45a8-a84c-511d7805be27,,,"ERROR: {'Error code': 429, 'Message': 'Unknown API error.', 'Data': 'Unknown API error.'}"
c26ca9d2-25c8-4744-9dc4-94babdd34601,,,"ERROR: {'Error code': 429, 'Message': 'Unknown API error.', 'Data': 'Unknown API error.'}"
c26dfb31-327b-42bf-a195-bd4b6194bc2c,,,"ERROR: {'Error code': 429, 'Message': 'Unknown API error.', 'Data': 'Unknown API error.'}"
c277a753-263d-45cf-914f-cc97dce31425,,,"ERROR: {'Error code': 429, 'Message': 'Unknown API error.', 'Data': 'Unknown API error.'}"
c2744fa6-34d7-47a3-8b79-f229f16b743f,,,"ERROR: {'Error code': 429, 'Message': 'Unknown API error.', 'Data': 'Unknown API error.'}"
c27e5948-371c-476c-9b06-4677f282f1ba,,,"ERROR: {'Error code': 429, 'Message': 'Unknown API error.', 'Data': 'Unknown API error.'}"
c27c4748-a8e7-4e06-9330-9a820b325810,,,"ERROR: {'Error code': 429, 'Message': 'Unknown API error.', 'Data': 'Unknown API error.'}"
c28abfed-107e-4cd7-b506-54311b8a5f52,,,"ERROR: {'Error code': 429, 'Message': 'Unknown API error.', 'Data': 'Unknown API error.'}"
c28880fd-f30f-4560-af2b-55d08a059254,,,"ERROR: {'Error code': 429, 'Message': 'Unknown API error.', 'Data': 'Unknown API error.'}"
c28b36e4-e0b8-418b-8394-030f4ea38d57,,,"ERROR: {'Error code': 429, 'Message': 'Unknown API error.', 'Data': 'Unknown API error.'}"
c28cbec9-14a4-490b-b51a-c8f99a8c7848,,,"ERROR: {'Error code': 429, 'Message': 'Unknown API error.', 'Data': 'Unknown API error.'}"
c2901b11-77eb-4525-a20b-7e79971605c8,,,"ERROR: {'Error code': 429, 'Message': 'Unknown API error.', 'Data': 'Unknown API error.'}"
c28ebd46-5a3c-44f2-8431-b2fed2d8f30c,,,"ERROR: {'Error code': 429, 'Message': 'Unknown API error.', 'Data': 'Unknown API error.'}"
c294c2f2-4643-44b2-b1d6-e8ad75f824d3,,,"ERROR: {'Error code': 429, 'Message': 'Unknown API error.', 'Data': 'Unknown API error.'}"
c290d8b2-4462-469c-8073-21ab86920189,,,"ERROR: {'Error code': 429, 'Message': 'Unknown API error.', 'Data': 'Unknown API error.'}"
c71c2c39-57e1-4b25-be37-5ce93bec30c7,,,"ERROR: {'Error code': 429, 'Message': 'Unknown API error.', 'Data': 'Unknown API error.'}"
c71d2045-c1c1-4af5-909b-032994cc50c1,,,"ERROR: {'Error code': 429, 'Message': 'Unknown API error.', 'Data': 'Unknown API error.'}"
c71ed974-382f-451b-afc5-22b2b4f141aa,,,"ERROR: {'Error code': 429, 'Message': 'Unknown API error.', 'Data': 'Unknown API error.'}"
c71d711d-4337-46e2-9c07-ad748f2008a8,,,"ERROR: {'Error code': 429, 'Message': 'Unknown API error.', 'Data': 'Unknown API error.'}"
c725a15b-f44e-49b7-8527-68ae365b6940,,,"ERROR: {'Error code': 429, 'Message': 'Unknown API error.', 'Data': 'Unknown API error.'}"
c724edfd-73e7-4631-8177-157e29269c53,,,"ERROR: {'Error code': 429, 'Message': 'Unknown API error.', 'Data': 'Unknown API error.'}"
c72a99a4-8c95-4213-8d65-64c2a173997f,,,"ERROR: {'Error code': 429, 'Message': 'Unknown API error.', 'Data': 'Unknown API error.'}"
c729c173-be9f-4c88-9cad-7f54bc77d91d,,,"ERROR: {'Error code': 429, 'Message': 'Unknown API error.', 'Data': 'Unknown API error.'}"
c72e475b-0597-47a0-bc08-634a388529d3,,,"ERROR: {'Error code': 429, 'Message': 'Unknown API error.', 'Data': 'Unknown API error.'}"
c72c950b-bb41-4204-90f8-2f36904429a4,,,"ERROR: {'Error code': 429, 'Message': 'Unknown API error.', 'Data': 'Unknown API error.'}"
c73264c0-8f92-48c1-98d1-79a6c4cff809,,,"ERROR: {'Error code': 429, 'Message': 'Unknown API error.', 'Data': 'Unknown API error.'}"
c7330e98-4a19-4903-ae7a-cb00b10a68b1,,,"ERROR: {'Error code': 429, 'Message': 'Unknown API error.', 'Data': 'Unknown API error.'}"
c7334f68-e4e4-4fd8-be2a-5256a88e07ec,,,"ERROR: {'Error code': 429, 'Message': 'Unknown API error.', 'Data': 'Unknown API error.'}"
c73e7239-1587-45f0-94fb-c30b2aee325f,,,"ERROR: {'Error code': 429, 'Message': 'Unknown API error.', 'Data': 'Unknown API error.'}"
c7400f7d-c71a-4c49-803b-9acca965c132,,,"ERROR: {'Error code': 429, 'Message': 'Unknown API error.', 'Data': 'Unknown API error.'}"
c742b5ad-b03c-4625-9341-ae38dd6da8ac,,,"ERROR: {'Error code': 429, 'Message': 'Unknown API error.', 'Data': 'Unknown API error.'}"
c74f1b34-605b-4477-bae9-45568a15c64b,,,"ERROR: {'Error code': 429, 'Message': 'Unknown API error.', 'Data': 'Unknown API error.'}"
c74b5c64-949f-425c-8d1c-7acf30daf351,,,"ERROR: {'Error code': 429, 'Message': 'Unknown API error.', 'Data': 'Unknown API error.'}"
c7515c89-69fa-4694-8d6e-74a820df8a20,,,"ERROR: {'Error code': 429, 'Message': 'Unknown API error.', 'Data': 'Unknown API error.'}"
c75097f5-4560-4305-9153-8cf19cf04b68,,,"ERROR: {'Error code': 429, 'Message': 'Unknown API error.', 'Data': 'Unknown API error.'}"
c755bced-a557-4dcd-9236-ed1eebd6f4ac,,,"ERROR: {'Error code': 429, 'Message': 'Unknown API error.', 'Data': 'Unknown API error.'}"
c75897a4-4950-4f50-9295-1cec3b9535b3,,,"ERROR: {'Error code': 429, 'Message': 'Unknown API error.', 'Data': 'Unknown API error.'}"
c75aaa90-cbe4-439a-9cf8-28cb0f8bfd6b,,,"ERROR: {'Error code': 429, 'Message': 'Unknown API error.', 'Data': 'Unknown API error.'}"
c75c172c-26fc-4375-ad3a-f304b78704ff,,,"ERROR: {'Error code': 429, 'Message': 'Unknown API error.', 'Data': 'Unknown API error.'}"
c75c814f-e97e-41ff-98b3-cfb2c376a341,,,"ERROR: {'Error code': 429, 'Message': 'Unknown API error.', 'Data': 'Unknown API error.'}"
c75e8174-4f34-4f13-8e0b-0b49a994197a,,,"ERROR: {'Error code': 429, 'Message': 'Unknown API error.', 'Data': 'Unknown API error.'}"
c7627c30-1e11-4351-84fd-b6161eae9e9d,,,"ERROR: {'Error code': 429, 'Message': 'Unknown API error.', 'Data': 'Unknown API error.'}"
c75f16d2-ac18-4bbb-b58a-41f96a73322c,,,"ERROR: {'Error code': 429, 'Message': 'Unknown API error.', 'Data': 'Unknown API error.'}"
c766c2a1-5f1a-4019-ab6a-53cdf27d1f40,,,"ERROR: {'Error code': 429, 'Message': 'Unknown API error.', 'Data': 'Unknown API error.'}"
c7690868-5cfe-4d37-9448-916211319cf1,,,"ERROR: {'Error code': 429, 'Message': 'Unknown API error.', 'Data': 'Unknown API error.'}"
c76e3cf7-314d-4ef0-b44a-f803851d01c3,,,"ERROR: {'Error code': 429, 'Message': 'Unknown API error.', 'Data': 'Unknown API error.'}"
c76e3644-abd1-424a-b854-cb01ddcca6f0,,,"ERROR: {'Error code': 429, 'Message': 'Unknown API error.', 'Data': 'Unknown API error.'}"
c771d11b-445e-4dfb-a03f-17d8b4004578,,,"ERROR: {'Error code': 429, 'Message': 'Unknown API error.', 'Data': 'Unknown API error.'}"
c7742d82-4934-46a9-aaa6-25c40b67e1f7,,,"ERROR: {'Error code': 429, 'Message': 'Unknown API error.', 'Data': 'Unknown API error.'}"
c7765912-33b5-491d-8f85-867777b46a28,,,"ERROR: {'Error code': 429, 'Message': 'Unknown API error.', 'Data': 'Unknown API error.'}"
c776afdb-4fdd-442e-8eb1-942fd1758758,,,"ERROR: {'Error code': 429, 'Message': 'Unknown API error.', 'Data': 'Unknown API error.'}"
c77f8b22-d357-49ad-8ee6-10f9ede6974d,,,"ERROR: {'Error code': 429, 'Message': 'Unknown API error.', 'Data': 'Unknown API error.'}"
c77a83cd-3dd8-4881-8ec6-a669897abf72,,,"ERROR: {'Error code': 429, 'Message': 'Unknown API error.', 'Data': 'Unknown API error.'}"
c7861a3b-def5-4ce9-bb50-ce1a9a3c51a3,,,"ERROR: {'Error code': 429, 'Message': 'Unknown API error.', 'Data': 'Unknown API error.'}"
c7822cf2-beb3-4311-90e9-566c04f13aff,,,"ERROR: {'Error code': 429, 'Message': 'Unknown API error.', 'Data': 'Unknown API error.'}"
c7868608-c4c5-42d3-80dd-59074636048c,,,"ERROR: {'Error code': 429, 'Message': 'Unknown API error.', 'Data': 'Unknown API error.'}"
c7873b63-d37d-4842-8fa1-38e19b0ff512,,,"ERROR: {'Error code': 429, 'Message': 'Unknown API error.', 'Data': 'Unknown API error.'}"
c789bc93-193d-4913-9f3e-726263490676,,,"ERROR: {'Error code': 429, 'Message': 'Unknown API error.', 'Data': 'Unknown API error.'}"
c78d1bbd-138d-47fe-9e9c-78ef5cd6f1d8,,,"ERROR: {'Error code': 429, 'Message': 'Unknown API error.', 'Data': 'Unknown API error.'}"
c78ea49f-e888-44fd-9c87-45c6ba9d02d8,,,"ERROR: {'Error code': 429, 'Message': 'Unknown API error.', 'Data': 'Unknown API error.'}"
c78f02e3-7347-4293-a764-72c04d61ae28,,,"ERROR: {'Error code': 429, 'Message': 'Unknown API error.', 'Data': 'Unknown API error.'}"
c79020c7-7522-47c8-a9b2-30ae6e18c877,,,"ERROR: {'Error code': 429, 'Message': 'Unknown API error.', 'Data': 'Unknown API error.'}"
c792a4c1-7586-4639-99da-c32269eddde6,,,"ERROR: {'Error code': 429, 'Message': 'Unknown API error.', 'Data': 'Unknown API error.'}"
c793a860-9f51-4aa8-a288-e7c7323dc3eb,,,"ERROR: {'Error code': 429, 'Message': 'Unknown API error.', 'Data': 'Unknown API error.'}"
c793b016-4d17-48b3-9a25-3bf3a9ba3f05,,,"ERROR: {'Error code': 429, 'Message': 'Unknown API error.', 'Data': 'Unknown API error.'}"
c794f921-c71f-4f0f-aa1d-38d5a4a52d19,,,"ERROR: {'Error code': 429, 'Message': 'Unknown API error.', 'Data': 'Unknown API error.'}"
c799fd8e-1b23-4f34-b75d-5d4508774c09,,,"ERROR: {'Error code': 429, 'Message': 'Unknown API error.', 'Data': 'Unknown API error.'}"
cc2f30d7-526e-4ffb-8397-8f146234f81d,,,"ERROR: {'Error code': 429, 'Message': 'Unknown API error.', 'Data': 'Unknown API error.'}"
cc33e922-5a9c-4711-b183-5d39ad3e80d3,,,"ERROR: {'Error code': 429, 'Message': 'Unknown API error.', 'Data': 'Unknown API error.'}"
cc3601e7-a21b-4521-b519-d62445d15807,,,"ERROR: {'Error code': 429, 'Message': 'Unknown API error.', 'Data': 'Unknown API error.'}"
cc378f7e-33a3-4a06-b322-9ab6d3742b9f,,,"ERROR: {'Error code': 429, 'Message': 'Unknown API error.', 'Data': 'Unknown API error.'}"
cc392c90-2b68-470e-90d5-71cb12175afc,,,"ERROR: {'Error code': 429, 'Message': 'Unknown API error.', 'Data': 'Unknown API error.'}"
cc3818d5-797a-4106-a194-d2ae54d12258,,,"ERROR: {'Error code': 429, 'Message': 'Unknown API error.', 'Data': 'Unknown API error.'}"
cc3d27a3-a94e-4399-a97d-016508e3557b,,,"ERROR: {'Error code': 429, 'Message': 'Unknown API error.', 'Data': 'Unknown API error.'}"
cc3c5d9b-113a-4a5f-864f-28cbb22f4d0a,,,"ERROR: {'Error code': 429, 'Message': 'Unknown API error.', 'Data': 'Unknown API error.'}"
cc405aca-5123-4dbf-a178-2a6064dd521b,,,"ERROR: {'Error code': 429, 'Message': 'Unknown API error.', 'Data': 'Unknown API error.'}"
cc46d2cd-ba7a-4a0a-8043-ccf0a88c267a,,,"ERROR: {'Error code': 429, 'Message': 'Unknown API error.', 'Data': 'Unknown API error.'}"
cc4823d8-008c-48b3-8347-60a235552365,,,"ERROR: {'Error code': 429, 'Message': 'Unknown API error.', 'Data': 'Unknown API error.'}"
cc4b59d7-1ad5-4553-b3c9-64cd72656d53,,,"ERROR: {'Error code': 429, 'Message': 'Unknown API error.', 'Data': 'Unknown API error.'}"
cc4dd337-d7e4-4d83-9282-05f52f76041e,,,"ERROR: {'Error code': 429, 'Message': 'Unknown API error.', 'Data': 'Unknown API error.'}"
cc4ecf69-f3ca-4182-8576-14c08a9e4393,,,"ERROR: {'Error code': 429, 'Message': 'Unknown API error.', 'Data': 'Unknown API error.'}"
cc4eed84-e454-4d18-a8f7-4144ebcb99cf,,,"ERROR: {'Error code': 429, 'Message': 'Unknown API error.', 'Data': 'Unknown API error.'}"
cc4fe388-21d8-4c30-bc0a-e3181f85179d,,,"ERROR: {'Error code': 429, 'Message': 'Unknown API error.', 'Data': 'Unknown API error.'}"
cc4ffb36-5e4c-4c7d-8678-7e2ffb2735ae,,,"ERROR: {'Error code': 429, 'Message': 'Unknown API error.', 'Data': 'Unknown API error.'}"
cc5115e4-60a9-4bd2-8b6f-7aed11ee6e32,,,"ERROR: {'Error code': 429, 'Message': 'Unknown API error.', 'Data': 'Unknown API error.'}"
cc56a27e-7299-4236-8499-f7935e545b8e,,,"ERROR: {'Error code': 429, 'Message': 'Unknown API error.', 'Data': 'Unknown API error.'}"
cc55386e-e12b-4ccb-a77a-859d17bcace9,,,"ERROR: {'Error code': 429, 'Message': 'Unknown API error.', 'Data': 'Unknown API error.'}"
cc641609-89b2-4646-a95b-9483a2756ebd,,,"ERROR: {'Error code': 429, 'Message': 'Unknown API error.', 'Data': 'Unknown API error.'}"
cc5b3857-339d-42f0-97eb-9e968f93ff3d,,,"ERROR: {'Error code': 429, 'Message': 'Unknown API error.', 'Data': 'Unknown API error.'}"
cc69218c-1386-45bb-80c0-a30a787a1414,,,"ERROR: {'Error code': 429, 'Message': 'Unknown API error.', 'Data': 'Unknown API error.'}"
cc651d81-4d43-4ff9-95a6-c3a01969e2e6,,,"ERROR: {'Error code': 429, 'Message': 'Unknown API error.', 'Data': 'Unknown API error.'}"
cc6ff0d8-2a0f-4337-b9ad-2c2c9991e803,,,"ERROR: {'Error code': 429, 'Message': 'Unknown API error.', 'Data': 'Unknown API error.'}"
cc6961fc-ff5f-4487-a483-29284c86da12,,,"ERROR: {'Error code': 429, 'Message': 'Unknown API error.', 'Data': 'Unknown API error.'}"
cc707399-6afe-4edd-ac9d-4f3a52ab9a7a,,,"ERROR: {'Error code': 429, 'Message': 'Unknown API error.', 'Data': 'Unknown API error.'}"
cc74471e-61ab-4c5c-8150-b34b7c0a41b4,,,"ERROR: {'Error code': 429, 'Message': 'Unknown API error.', 'Data': 'Unknown API error.'}"
cc7a411f-4662-4c26-a64f-1ec326076eeb,,,"ERROR: {'Error code': 429, 'Message': 'Unknown API error.', 'Data': 'Unknown API error.'}"
cc7daf82-d855-4f91-821a-1d9cb9111163,,,"ERROR: {'Error code': 429, 'Message': 'Unknown API error.', 'Data': 'Unknown API error.'}"
cc80fc07-6a06-4e1e-8f88-a3a74fa0a7c4,,,"ERROR: {'Error code': 429, 'Message': 'Unknown API error.', 'Data': 'Unknown API error.'}"
cc86cbbb-7b16-4658-b02d-f15d7d8f87c2,,,"ERROR: {'Error code': 429, 'Message': 'Unknown API error.', 'Data': 'Unknown API error.'}"
cc89bee8-9328-40fd-b578-d78432b99eee,,,"ERROR: {'Error code': 429, 'Message': 'Unknown API error.', 'Data': 'Unknown API error.'}"
cc927828-813f-44cc-9c92-7a052b94e53b,,,"ERROR: {'Error code': 429, 'Message': 'Unknown API error.', 'Data': 'Unknown API error.'}"
cc931a64-4746-440d-9319-8341d3898cec,,,"ERROR: {'Error code': 429, 'Message': 'Unknown API error.', 'Data': 'Unknown API error.'}"
cc93b22e-5152-4d4c-88e7-3ee63bc17caf,,,"ERROR: {'Error code': 429, 'Message': 'Unknown API error.', 'Data': 'Unknown API error.'}"
cc973cd8-c80b-4539-83d9-3a66992d94b4,,,"ERROR: {'Error code': 429, 'Message': 'Unknown API error.', 'Data': 'Unknown API error.'}"
cc951e5b-a2d2-407a-afc8-3b77eea9ed04,,,"ERROR: {'Error code': 429, 'Message': 'Unknown API error.', 'Data': 'Unknown API error.'}"
cc97c38a-8809-4ac0-b320-215df8405cc3,,,"ERROR: {'Error code': 429, 'Message': 'Unknown API error.', 'Data': 'Unknown API error.'}"
cc9c798c-494f-4876-ad9f-8bb0bd5d2557,,,"ERROR: {'Error code': 429, 'Message': 'Unknown API error.', 'Data': 'Unknown API error.'}"
ccae0b24-2f55-41a8-8698-3c23f5cb349a,,,"ERROR: {'Error code': 429, 'Message': 'Unknown API error.', 'Data': 'Unknown API error.'}"
ccac2118-b75f-495e-be22-4d9afd2376cc,,,"ERROR: {'Error code': 429, 'Message': 'Unknown API error.', 'Data': 'Unknown API error.'}"
ccb03263-c262-4077-a101-43e11cef8ebd,,,"ERROR: {'Error code': 429, 'Message': 'Unknown API error.', 'Data': 'Unknown API error.'}"
ccb11ed5-6dbd-47c7-814e-85d8b8578815,,,"ERROR: {'Error code': 429, 'Message': 'Unknown API error.', 'Data': 'Unknown API error.'}"
ccb36e24-d144-4e26-8387-6c76f5990054,,,"ERROR: {'Error code': 429, 'Message': 'Unknown API error.', 'Data': 'Unknown API error.'}"
ccb4e746-d292-4fa2-84e8-a52ada815df8,,,"ERROR: {'Error code': 429, 'Message': 'Unknown API error.', 'Data': 'Unknown API error.'}"
d1524fc6-8999-4f96-9d65-63f1989b8bbe,,,"ERROR: {'Error code': 429, 'Message': 'Unknown API error.', 'Data': 'Unknown API error.'}"
d152739a-cc16-46e2-bb41-c5d085bfe7c6,,,"ERROR: {'Error code': 429, 'Message': 'Unknown API error.', 'Data': 'Unknown API error.'}"
d152bbac-c4cb-432e-95c0-be22bc4b7d64,,,"ERROR: {'Error code': 429, 'Message': 'Unknown API error.', 'Data': 'Unknown API error.'}"
d1536312-9be2-4934-be81-3f8722d7a2d9,,,"ERROR: {'Error code': 429, 'Message': 'Unknown API error.', 'Data': 'Unknown API error.'}"
d1539dcc-c1c9-4a14-83a4-b57040199d42,,,"ERROR: {'Error code': 429, 'Message': 'Unknown API error.', 'Data': 'Unknown API error.'}"
d1548d85-6a21-4e06-9eec-74267d0de98a,,,"ERROR: {'Error code': 429, 'Message': 'Unknown API error.', 'Data': 'Unknown API error.'}"
d1637de0-ab0c-408a-b1dc-4b350be81776,,,"ERROR: {'Error code': 429, 'Message': 'Unknown API error.', 'Data': 'Unknown API error.'}"
d15a45d4-4084-46ce-a629-6f3ceb85245b,,,"ERROR: {'Error code': 429, 'Message': 'Unknown API error.', 'Data': 'Unknown API error.'}"
d1657912-71ab-47bc-a588-4a48a2ab5e84,,,"ERROR: {'Error code': 429, 'Message': 'Unknown API error.', 'Data': 'Unknown API error.'}"
d1651bf1-2eb4-462a-ac3d-622e3a1c9277,,,"ERROR: {'Error code': 429, 'Message': 'Unknown API error.', 'Data': 'Unknown API error.'}"
d16cfbdd-8a42-4186-9a78-cfa43c31a5b6,,,"ERROR: {'Error code': 429, 'Message': 'Unknown API error.', 'Data': 'Unknown API error.'}"
d16d8fd2-6ec9-4f4d-b5cb-dc140243a67e,,,"ERROR: {'Error code': 429, 'Message': 'Unknown API error.', 'Data': 'Unknown API error.'}"
d16e623f-f8e9-46ba-98e0-6d4899834e12,,,"ERROR: {'Error code': 429, 'Message': 'Unknown API error.', 'Data': 'Unknown API error.'}"
d173a7a2-a2e6-4c74-837d-d8f9804d5f5b,,,"ERROR: {'Error code': 429, 'Message': 'Unknown API error.', 'Data': 'Unknown API error.'}"
d17655d6-a650-49c3-8b38-c252c247962b,,,"ERROR: {'Error code': 429, 'Message': 'Unknown API error.', 'Data': 'Unknown API error.'}"
d17824e7-2364-48df-a169-20d5432a37ef,,,"ERROR: {'Error code': 429, 'Message': 'Unknown API error.', 'Data': 'Unknown API error.'}"
d178edcc-29e2-442b-9cae-f03530460f95,,,"ERROR: {'Error code': 429, 'Message': 'Unknown API error.', 'Data': 'Unknown API error.'}"
d1824770-66e4-47a1-9ee2-fb0aada50b26,,,"ERROR: {'Error code': 429, 'Message': 'Unknown API error.', 'Data': 'Unknown API error.'}"
d18412a7-d713-4fe0-bcfb-2dacb3a557fc,,,"ERROR: {'Error code': 429, 'Message': 'Unknown API error.', 'Data': 'Unknown API error.'}"
d1845399-d225-4f20-a083-4529d1d1d253,,,"ERROR: {'Error code': 429, 'Message': 'Unknown API error.', 'Data': 'Unknown API error.'}"
d189fc75-ca7c-45d2-8424-52df45870399,,,"ERROR: {'Error code': 429, 'Message': 'Unknown API error.', 'Data': 'Unknown API error.'}"
d18d5347-150e-4951-9049-9983f6341d67,,,"ERROR: {'Error code': 429, 'Message': 'Unknown API error.', 'Data': 'Unknown API error.'}"
d1923cc3-14f5-47a7-bb2b-0147ed2ac73e,,,"ERROR: {'Error code': 429, 'Message': 'Unknown API error.', 'Data': 'Unknown API error.'}"
d195a9e3-cc20-4fd3-ae7c-ed6ee72f242f,,,"ERROR: {'Error code': 429, 'Message': 'Unknown API error.', 'Data': 'Unknown API error.'}"
d198106d-3a81-4523-aa52-4bb627e2b262,,,"ERROR: {'Error code': 429, 'Message': 'Unknown API error.', 'Data': 'Unknown API error.'}"
d1983404-e1b1-4a3a-83e5-23127cfb9306,,,"ERROR: {'Error code': 429, 'Message': 'Unknown API error.', 'Data': 'Unknown API error.'}"
d1989d37-93c5-4d12-a436-c4bfa6c5fd80,,,"ERROR: {'Error code': 429, 'Message': 'Unknown API error.', 'Data': 'Unknown API error.'}"
d198fd42-8bc6-4c76-92c3-fd80bf1f7e0d,,,"ERROR: {'Error code': 429, 'Message': 'Unknown API error.', 'Data': 'Unknown API error.'}"
d199dba3-b7bb-4e8b-9add-4683f1fe2c86,,,"ERROR: {'Error code': 429, 'Message': 'Unknown API error.', 'Data': 'Unknown API error.'}"
d19d6e98-d782-442f-a5f7-2720e8325e5b,,,"ERROR: {'Error code': 429, 'Message': 'Unknown API error.', 'Data': 'Unknown API error.'}"
d19df7e9-7737-4d1a-ad34-da1f6c707105,,,"ERROR: {'Error code': 429, 'Message': 'Unknown API error.', 'Data': 'Unknown API error.'}"
d19d9728-8646-41a2-b21c-218763906509,,,"ERROR: {'Error code': 429, 'Message': 'Unknown API error.', 'Data': 'Unknown API error.'}"
d1a0aa7f-31e3-4a93-8904-f06580a0a39c,,,"ERROR: {'Error code': 429, 'Message': 'Unknown API error.', 'Data': 'Unknown API error.'}"
d1a059cd-5fd8-4b2d-a93d-cf5fc9d1942e,,,"ERROR: {'Error code': 429, 'Message': 'Unknown API error.', 'Data': 'Unknown API error.'}"
d1a96535-986a-453f-9cfe-6f0c2c902d3a,,,"ERROR: {'Error code': 429, 'Message': 'Unknown API error.', 'Data': 'Unknown API error.'}"
d1a88d28-d446-4140-9db2-c9cf4c669675,,,"ERROR: {'Error code': 429, 'Message': 'Unknown API error.', 'Data': 'Unknown API error.'}"
d1aa61d9-ec37-476d-b33c-63cd6845d0db,,,"ERROR: {'Error code': 429, 'Message': 'Unknown API error.', 'Data': 'Unknown API error.'}"
d1aa959e-6a59-49e8-af52-ee20250d6298,,,"ERROR: {'Error code': 429, 'Message': 'Unknown API error.', 'Data': 'Unknown API error.'}"
d1afec1b-3c3c-4734-967f-fc0e8671c7bb,,,"ERROR: {'Error code': 429, 'Message': 'Unknown API error.', 'Data': 'Unknown API error.'}"
d1abe40b-5915-4a76-a683-17aebc033bd7,,,"ERROR: {'Error code': 429, 'Message': 'Unknown API error.', 'Data': 'Unknown API error.'}"
d1b05e56-2731-40c1-89f2-6e4700a66b17,,,"ERROR: {'Error code': 429, 'Message': 'Unknown API error.', 'Data': 'Unknown API error.'}"
d1b3ade8-9058-468e-a613-79980a65782b,,,"ERROR: {'Error code': 429, 'Message': 'Unknown API error.', 'Data': 'Unknown API error.'}"
d1bad737-2f35-4a3c-b9cc-07e6352d097a,,,"ERROR: {'Error code': 429, 'Message': 'Unknown API error.', 'Data': 'Unknown API error.'}"
d1b582c1-438f-403f-9db0-c615dd9ec7a1,,,"ERROR: {'Error code': 429, 'Message': 'Unknown API error.', 'Data': 'Unknown API error.'}"
d1bc837b-02a4-4e73-b42b-3e74e13b2073,,,"ERROR: {'Error code': 429, 'Message': 'Unknown API error.', 'Data': 'Unknown API error.'}"
d1be09f6-3700-43bd-a780-037a66f6fbd4,,,"ERROR: {'Error code': 429, 'Message': 'Unknown API error.', 'Data': 'Unknown API error.'}"
d1c7a84a-7169-4d6f-9edd-972edc7ca304,,,"ERROR: {'Error code': 429, 'Message': 'Unknown API error.', 'Data': 'Unknown API error.'}"
d1c415da-d35c-46b3-956d-5039f7c8beb2,,,"ERROR: {'Error code': 429, 'Message': 'Unknown API error.', 'Data': 'Unknown API error.'}"
d1cb7917-c098-4e08-8d31-da1621250606,,,"ERROR: {'Error code': 429, 'Message': 'Unknown API error.', 'Data': 'Unknown API error.'}"
d1cb3e5f-f92e-4553-9634-6ac65aadac43,,,"ERROR: {'Error code': 429, 'Message': 'Unknown API error.', 'Data': 'Unknown API error.'}"
d1cb7eda-4e9d-4dd2-8d71-0a0d22530f67,,,"ERROR: {'Error code': 429, 'Message': 'Unknown API error.', 'Data': 'Unknown API error.'}"
d1cd5cb9-04ef-433b-b62b-3bff8176d4c1,,,"ERROR: {'Error code': 429, 'Message': 'Unknown API error.', 'Data': 'Unknown API error.'}"
d6750d80-62fa-4704-883d-1511ccbf4ed1,,,"ERROR: {'Error code': 429, 'Message': 'Unknown API error.', 'Data': 'Unknown API error.'}"
d1d04756-6150-41f0-99c0-6cb8e7a0d3f6,,,"ERROR: {'Error code': 429, 'Message': 'Unknown API error.', 'Data': 'Unknown API error.'}"
d67843ec-d915-4397-bc88-0029dd6ed42a,,,"ERROR: {'Error code': 429, 'Message': 'Unknown API error.', 'Data': 'Unknown API error.'}"
d6766f75-1239-4a0a-9f0f-8ed0b4acfd56,,,"ERROR: {'Error code': 429, 'Message': 'Unknown API error.', 'Data': 'Unknown API error.'}"
d67c494e-b798-44f5-aed7-288dbcd68aa9,,,"ERROR: {'Error code': 429, 'Message': 'Unknown API error.', 'Data': 'Unknown API error.'}"
d678a8e0-5367-4b2a-bd49-13cfff253ee1,,,"ERROR: {'Error code': 429, 'Message': 'Unknown API error.', 'Data': 'Unknown API error.'}"
d67f81f8-6a46-4a94-9268-8587c371e47e,,,"ERROR: {'Error code': 429, 'Message': 'Unknown API error.', 'Data': 'Unknown API error.'}"
d67c8d0f-ee96-480b-886d-564798252dba,,,"ERROR: {'Error code': 429, 'Message': 'Unknown API error.', 'Data': 'Unknown API error.'}"
d68255cb-8a9b-40c5-bf2e-533d3c5ca52b,,,"ERROR: {'Error code': 429, 'Message': 'Unknown API error.', 'Data': 'Unknown API error.'}"
d683af4b-2dc2-48e2-aa34-032367fb4123,,,"ERROR: {'Error code': 429, 'Message': 'Unknown API error.', 'Data': 'Unknown API error.'}"
d6863107-036b-402e-9bdb-5dc4fe9e3bd8,,,"ERROR: {'Error code': 429, 'Message': 'Unknown API error.', 'Data': 'Unknown API error.'}"
d685adfe-3546-4368-a56f-890a1d67cd06,,,"ERROR: {'Error code': 429, 'Message': 'Unknown API error.', 'Data': 'Unknown API error.'}"
d689c325-905a-4179-b409-728006039150,,,"ERROR: {'Error code': 429, 'Message': 'Unknown API error.', 'Data': 'Unknown API error.'}"
d68deee9-88e4-4fb5-98e2-ecafa4e21fac,,,"ERROR: {'Error code': 429, 'Message': 'Unknown API error.', 'Data': 'Unknown API error.'}"
d695bc61-f44f-4ce5-aa33-dba5574e5a58,,,"ERROR: {'Error code': 429, 'Message': 'Unknown API error.', 'Data': 'Unknown API error.'}"
d696e0ba-c42a-48b2-afea-e5c6eea9603e,,,"ERROR: {'Error code': 429, 'Message': 'Unknown API error.', 'Data': 'Unknown API error.'}"
d6986751-f923-4ec4-8786-3bfd23cdc67e,,,"ERROR: {'Error code': 429, 'Message': 'Unknown API error.', 'Data': 'Unknown API error.'}"
d69a6668-95c2-4652-9e56-6ceaee47cfdd,,,"ERROR: {'Error code': 429, 'Message': 'Unknown API error.', 'Data': 'Unknown API error.'}"
d69e8e2d-4ea3-45ee-b363-2bd746c1f8d7,,,"ERROR: {'Error code': 429, 'Message': 'Unknown API error.', 'Data': 'Unknown API error.'}"
d69b0c8c-7b61-4780-953f-13940652843f,,,"ERROR: {'Error code': 429, 'Message': 'Unknown API error.', 'Data': 'Unknown API error.'}"
d69ffb7e-2711-418e-afde-3e63ead4ff96,,,"ERROR: {'Error code': 429, 'Message': 'Unknown API error.', 'Data': 'Unknown API error.'}"
d69ea26d-b502-4b25-ae8d-3cc9f7553bc7,,,"ERROR: {'Error code': 429, 'Message': 'Unknown API error.', 'Data': 'Unknown API error.'}"
d6a13b62-5b8d-491b-aa37-63f4198ace57,,,"ERROR: {'Error code': 429, 'Message': 'Unknown API error.', 'Data': 'Unknown API error.'}"
d6a14719-d285-4ccf-92d1-0714a57b4e62,,,"ERROR: {'Error code': 429, 'Message': 'Unknown API error.', 'Data': 'Unknown API error.'}"
d6a2723d-5180-44e3-a204-e80d7c40fb2c,,,"ERROR: {'Error code': 429, 'Message': 'Unknown API error.', 'Data': 'Unknown API error.'}"
d6a1ec0a-74c8-49b8-93c9-1105c6c550d6,,,"ERROR: {'Error code': 429, 'Message': 'Unknown API error.', 'Data': 'Unknown API error.'}"
d6a28435-2b30-41fc-836a-ee22fc07af61,,,"ERROR: {'Error code': 429, 'Message': 'Unknown API error.', 'Data': 'Unknown API error.'}"
d6a27b30-431a-4e0f-aab9-a1be452a708e,,,"ERROR: {'Error code': 429, 'Message': 'Unknown API error.', 'Data': 'Unknown API error.'}"
d6a6074e-c7f9-436c-8268-a811dd0f9421,,,"ERROR: {'Error code': 429, 'Message': 'Unknown API error.', 'Data': 'Unknown API error.'}"
d6a3dd97-36ba-4b96-8983-48e9cdcc852e,,,"ERROR: {'Error code': 429, 'Message': 'Unknown API error.', 'Data': 'Unknown API error.'}"
d6a8069d-627f-4ce7-b0fa-06ca2233b704,,,"ERROR: {'Error code': 429, 'Message': 'Unknown API error.', 'Data': 'Unknown API error.'}"
d6abcc5b-b9a6-4457-b08d-ec17091facbc,,,"ERROR: {'Error code': 429, 'Message': 'Unknown API error.', 'Data': 'Unknown API error.'}"
d6acea19-c8b9-42d4-ad83-6de19043e405,,,"ERROR: {'Error code': 429, 'Message': 'Unknown API error.', 'Data': 'Unknown API error.'}"
d6acb288-f3e7-40a2-99c4-26b417241998,,,"ERROR: {'Error code': 429, 'Message': 'Unknown API error.', 'Data': 'Unknown API error.'}"
d6b069a9-ba54-4c36-a902-88d8dc84aec1,,,"ERROR: {'Error code': 429, 'Message': 'Unknown API error.', 'Data': 'Unknown API error.'}"
d6b4a777-ab12-4bf2-826a-8367139180b5,,,"ERROR: {'Error code': 429, 'Message': 'Unknown API error.', 'Data': 'Unknown API error.'}"
d6b5031d-06e0-4780-bee2-a71ca1e0dd61,,,"ERROR: {'Error code': 429, 'Message': 'Unknown API error.', 'Data': 'Unknown API error.'}"
d6b51f0e-66eb-4897-ae56-de2215d44811,,,"ERROR: {'Error code': 429, 'Message': 'Unknown API error.', 'Data': 'Unknown API error.'}"
d6b67837-d256-4807-a1b0-5b20a8777979,,,"ERROR: {'Error code': 429, 'Message': 'Unknown API error.', 'Data': 'Unknown API error.'}"
d6b861ec-5b44-4fbd-9e02-0be824f42936,,,"ERROR: {'Error code': 429, 'Message': 'Unknown API error.', 'Data': 'Unknown API error.'}"
d6b8fa28-c6f4-4144-8144-11bf9a2c0d49,,,"ERROR: {'Error code': 429, 'Message': 'Unknown API error.', 'Data': 'Unknown API error.'}"
d6b9bc4b-08d5-4d3c-8a89-9e66e719f4c5,,,"ERROR: {'Error code': 429, 'Message': 'Unknown API error.', 'Data': 'Unknown API error.'}"
d6bb4e60-0658-4319-914f-d761186f3fb6,,,"ERROR: {'Error code': 429, 'Message': 'Unknown API error.', 'Data': 'Unknown API error.'}"
d6bc37cb-86b6-47b8-8de7-1a0e505bdb85,,,"ERROR: {'Error code': 429, 'Message': 'Unknown API error.', 'Data': 'Unknown API error.'}"
d6c011fe-e21e-4e9e-b209-f1bd5c2e8fb8,,,"ERROR: {'Error code': 429, 'Message': 'Unknown API error.', 'Data': 'Unknown API error.'}"
d6c3a85d-4fab-4d4f-b122-1f8fbf033d57,,,"ERROR: {'Error code': 429, 'Message': 'Unknown API error.', 'Data': 'Unknown API error.'}"
d6c3c749-3a9e-4afd-b3f8-3a76136e69bd,,,"ERROR: {'Error code': 429, 'Message': 'Unknown API error.', 'Data': 'Unknown API error.'}"
d6c5a3cb-faaf-4813-ad90-a23368fa9d86,,,"ERROR: {'Error code': 429, 'Message': 'Unknown API error.', 'Data': 'Unknown API error.'}"
d6cab7bd-d24b-499c-a20e-b675a0ba840d,,,"ERROR: {'Error code': 429, 'Message': 'Unknown API error.', 'Data': 'Unknown API error.'}"
d6c8ede6-3a01-4681-96c7-c67196b76e1f,,,"ERROR: {'Error code': 429, 'Message': 'Unknown API error.', 'Data': 'Unknown API error.'}"
d6cd0e4e-5ffc-47ae-912b-6148b445ce76,,,"ERROR: {'Error code': 429, 'Message': 'Unknown API error.', 'Data': 'Unknown API error.'}"
d6cd392b-1fc0-481d-9bab-3d5f716e9a2c,,,"ERROR: {'Error code': 429, 'Message': 'Unknown API error.', 'Data': 'Unknown API error.'}"
d6d5bf60-241e-4b35-8317-a68aec574307,,,"ERROR: {'Error code': 429, 'Message': 'Unknown API error.', 'Data': 'Unknown API error.'}"
d6cf82b4-503d-4a20-9249-beb305d91b5a,,,"ERROR: {'Error code': 429, 'Message': 'Unknown API error.', 'Data': 'Unknown API error.'}"
d6d830fd-6eaa-46cf-b7a0-dc28138bce72,,,"ERROR: {'Error code': 429, 'Message': 'Unknown API error.', 'Data': 'Unknown API error.'}"
d6d86f22-fa74-4f79-a3fc-620662c20c1d,,,"ERROR: {'Error code': 429, 'Message': 'Unknown API error.', 'Data': 'Unknown API error.'}"
d6d912ee-3332-4842-9033-78d937aa1baf,,,"ERROR: {'Error code': 429, 'Message': 'Unknown API error.', 'Data': 'Unknown API error.'}"
d6d8eb84-b3a8-487d-a8da-e679a0822b93,,,"ERROR: {'Error code': 429, 'Message': 'Unknown API error.', 'Data': 'Unknown API error.'}"
d6d96288-9a77-47be-accc-a11afe92f430,,,"ERROR: {'Error code': 429, 'Message': 'Unknown API error.', 'Data': 'Unknown API error.'}"
d6dae0eb-5078-4421-ab82-a4384fc27644,,,"ERROR: {'Error code': 429, 'Message': 'Unknown API error.', 'Data': 'Unknown API error.'}"
d6dc7164-fa1b-4431-929d-6061529e634e,,,"ERROR: {'Error code': 429, 'Message': 'Unknown API error.', 'Data': 'Unknown API error.'}"
d6de77b7-7233-4737-b021-b43eaa7d2b17,,,"ERROR: {'Error code': 429, 'Message': 'Unknown API error.', 'Data': 'Unknown API error.'}"
d6e348bc-5a8f-4e90-9264-85ad7e5a1d4e,,,"ERROR: {'Error code': 429, 'Message': 'Unknown API error.', 'Data': 'Unknown API error.'}"
d6e1bf7f-9a29-40b8-8a8d-6fcea39b8cc4,,,"ERROR: {'Error code': 429, 'Message': 'Unknown API error.', 'Data': 'Unknown API error.'}"
d6e9d3f4-e140-42fc-8368-2a7977005288,,,"ERROR: {'Error code': 429, 'Message': 'Unknown API error.', 'Data': 'Unknown API error.'}"
d6e9363e-896a-4188-a27f-9acb436a4384,,,"ERROR: {'Error code': 429, 'Message': 'Unknown API error.', 'Data': 'Unknown API error.'}"
d6ea5cb8-12eb-4081-adb8-7a43280ef259,,,"ERROR: {'Error code': 429, 'Message': 'Unknown API error.', 'Data': 'Unknown API error.'}"
d6e9ffd0-807a-46f8-9160-477d7b2134dc,,,"ERROR: {'Error code': 429, 'Message': 'Unknown API error.', 'Data': 'Unknown API error.'}"
d6eb351d-23ea-4855-9a0e-19cfe8869d8a,,,"ERROR: {'Error code': 429, 'Message': 'Unknown API error.', 'Data': 'Unknown API error.'}"
d6eb4bdc-0a6f-425d-9e9c-c7368c1aa88e,,,"ERROR: {'Error code': 429, 'Message': 'Unknown API error.', 'Data': 'Unknown API error.'}"
d6effb40-4782-40b2-b5c1-5bf5651ff9b7,,,"ERROR: {'Error code': 429, 'Message': 'Unknown API error.', 'Data': 'Unknown API error.'}"
d6f32258-b3a6-4cc8-afa8-cffcb927dcfe,,,"ERROR: {'Error code': 429, 'Message': 'Unknown API error.', 'Data': 'Unknown API error.'}"
db89c40a-174d-46f0-8165-1c8a98d3c9bd,,,"ERROR: {'Error code': 429, 'Message': 'Unknown API error.', 'Data': 'Unknown API error.'}"
db8ae17d-7f9a-41ee-b8c5-94f9d2138c36,,,"ERROR: {'Error code': 429, 'Message': 'Unknown API error.', 'Data': 'Unknown API error.'}"
db905e97-2e97-4b04-abd1-639de0c0c1ca,,,"ERROR: {'Error code': 429, 'Message': 'Unknown API error.', 'Data': 'Unknown API error.'}"
db9098d8-edbc-4da7-b872-1a9be5f66cb2,,,"ERROR: {'Error code': 429, 'Message': 'Unknown API error.', 'Data': 'Unknown API error.'}"
db98fcdc-ae42-4a4b-9292-89910e9befb5,,,"ERROR: {'Error code': 429, 'Message': 'Unknown API error.', 'Data': 'Unknown API error.'}"
db92940a-8265-425b-bde4-58c61de74657,,,"ERROR: {'Error code': 429, 'Message': 'Unknown API error.', 'Data': 'Unknown API error.'}"
db990917-29dc-43fe-a048-99acbd52ed03,,,"ERROR: {'Error code': 429, 'Message': 'Unknown API error.', 'Data': 'Unknown API error.'}"
db9e1f4a-2370-4b77-a83a-70cd5886ada6,,,"ERROR: {'Error code': 429, 'Message': 'Unknown API error.', 'Data': 'Unknown API error.'}"
db9fd508-8fd8-4d63-81d4-3187b600370a,,,"ERROR: {'Error code': 429, 'Message': 'Unknown API error.', 'Data': 'Unknown API error.'}"
db9eaafe-bfcb-45fd-885a-c841d68412b3,,,"ERROR: {'Error code': 429, 'Message': 'Unknown API error.', 'Data': 'Unknown API error.'}"
dba2fc43-6138-4057-9207-147361dc42f6,,,"ERROR: {'Error code': 429, 'Message': 'Unknown API error.', 'Data': 'Unknown API error.'}"
dba1f568-4cd8-41ef-b468-cc3317bc2c61,,,"ERROR: {'Error code': 429, 'Message': 'Unknown API error.', 'Data': 'Unknown API error.'}"
dba53e99-8d9c-428e-b79e-3bdad5c61cde,,,"ERROR: {'Error code': 429, 'Message': 'Unknown API error.', 'Data': 'Unknown API error.'}"
dba3c0f2-6114-4e24-912c-fdb770ab85b5,,,"ERROR: {'Error code': 429, 'Message': 'Unknown API error.', 'Data': 'Unknown API error.'}"
dba9ab08-8f97-4bae-8e91-42eae021465a,,,"ERROR: {'Error code': 429, 'Message': 'Unknown API error.', 'Data': 'Unknown API error.'}"
dba728f7-f0cb-404e-8948-8ba73ba32e67,,,"ERROR: {'Error code': 429, 'Message': 'Unknown API error.', 'Data': 'Unknown API error.'}"
dbae3ae3-ac06-45ed-a4e6-d111b119da2e,,,"ERROR: {'Error code': 429, 'Message': 'Unknown API error.', 'Data': 'Unknown API error.'}"
dbaca40e-6914-4b94-b7dd-964e9b64630c,,,"ERROR: {'Error code': 429, 'Message': 'Unknown API error.', 'Data': 'Unknown API error.'}"
dbb088f5-5be4-49a8-846d-dec278fed96a,,,"ERROR: {'Error code': 429, 'Message': 'Unknown API error.', 'Data': 'Unknown API error.'}"
dbb3edac-d312-41cc-9a4a-911340e86f8b,,,"ERROR: {'Error code': 429, 'Message': 'Unknown API error.', 'Data': 'Unknown API error.'}"
dbbccb19-f1c8-48dc-b00c-cb330cdc7c06,,,"ERROR: {'Error code': 429, 'Message': 'Unknown API error.', 'Data': 'Unknown API error.'}"
dbb802fc-2c66-40fa-9f07-49c59f6f5156,,,"ERROR: {'Error code': 429, 'Message': 'Unknown API error.', 'Data': 'Unknown API error.'}"
dbc24e5e-a78b-4ebe-92c3-fc27db7cd4cd,,,"ERROR: {'Error code': 429, 'Message': 'Unknown API error.', 'Data': 'Unknown API error.'}"
dbbcd031-783f-49d5-b668-83238ec5b10b,,,"ERROR: {'Error code': 429, 'Message': 'Unknown API error.', 'Data': 'Unknown API error.'}"
dbcb8f1d-3796-49d6-a57f-44c3cccbf5d4,,,"ERROR: {'Error code': 429, 'Message': 'Unknown API error.', 'Data': 'Unknown API error.'}"
dbc7b7c2-78fd-44d1-a57c-f824fe51bc77,,,"ERROR: {'Error code': 429, 'Message': 'Unknown API error.', 'Data': 'Unknown API error.'}"
dbcb9ce2-6dfc-4113-96d9-a79290ee254c,,,"ERROR: {'Error code': 429, 'Message': 'Unknown API error.', 'Data': 'Unknown API error.'}"
dbce04ab-1a55-4d43-abb2-b24a53e4fb2a,,,"ERROR: {'Error code': 429, 'Message': 'Unknown API error.', 'Data': 'Unknown API error.'}"
dbd04a6d-6751-48f5-b389-a4630031f5ab,,,"ERROR: {'Error code': 429, 'Message': 'Unknown API error.', 'Data': 'Unknown API error.'}"
dbd27355-3835-4fe9-9339-810f0b934ce6,,,"ERROR: {'Error code': 429, 'Message': 'Unknown API error.', 'Data': 'Unknown API error.'}"
dbd3947c-65e3-487d-9e5f-aaeec6bce18b,,,"ERROR: {'Error code': 429, 'Message': 'Unknown API error.', 'Data': 'Unknown API error.'}"
dbd58efe-d4ca-475c-abb9-f0ba43c9cb8c,,,"ERROR: {'Error code': 429, 'Message': 'Unknown API error.', 'Data': 'Unknown API error.'}"
dbda58d4-cd03-41db-a624-a261cf1d6897,,,"ERROR: {'Error code': 429, 'Message': 'Unknown API error.', 'Data': 'Unknown API error.'}"
dbd5e332-bd54-4a1a-ab81-56aefc1373b9,,,"ERROR: {'Error code': 429, 'Message': 'Unknown API error.', 'Data': 'Unknown API error.'}"
dbdb7114-65ee-4916-9f95-42ef7a2d0d4c,,,"ERROR: {'Error code': 429, 'Message': 'Unknown API error.', 'Data': 'Unknown API error.'}"
dbddb8ac-ddce-40b9-be93-b92ab4206ecc,,,"ERROR: {'Error code': 429, 'Message': 'Unknown API error.', 'Data': 'Unknown API error.'}"
dbdefb84-ab57-4bfc-a125-b07579988d91,,,"ERROR: {'Error code': 429, 'Message': 'Unknown API error.', 'Data': 'Unknown API error.'}"
dbe804bc-0d02-4446-bfd9-e46f14b40e33,,,"ERROR: {'Error code': 429, 'Message': 'Unknown API error.', 'Data': 'Unknown API error.'}"
dbe95a56-7fc6-47f7-a698-4aabeccbf20f,,,"ERROR: {'Error code': 429, 'Message': 'Unknown API error.', 'Data': 'Unknown API error.'}"
dbe8aff5-5cbe-4f1e-9393-13a968fb4a16,,,"ERROR: {'Error code': 429, 'Message': 'Unknown API error.', 'Data': 'Unknown API error.'}"
dbf14a27-ed8f-43d2-9263-de157d67b408,,,"ERROR: {'Error code': 429, 'Message': 'Unknown API error.', 'Data': 'Unknown API error.'}"
dbea9db1-467a-4585-8518-399b7278bb0b,,,"ERROR: {'Error code': 429, 'Message': 'Unknown API error.', 'Data': 'Unknown API error.'}"
dbf7be11-3aab-4ea8-8035-fdba8ba85eb7,,,"ERROR: {'Error code': 429, 'Message': 'Unknown API error.', 'Data': 'Unknown API error.'}"
dbf95205-a2a4-4948-92a3-0910e28e1ab5,,,"ERROR: {'Error code': 429, 'Message': 'Unknown API error.', 'Data': 'Unknown API error.'}"
dbfd809c-a57c-4a8c-a2cb-811a024e4f0e,,,"ERROR: {'Error code': 429, 'Message': 'Unknown API error.', 'Data': 'Unknown API error.'}"
dc00b1d4-4ade-432c-a4d0-f0c768262360,,,"ERROR: {'Error code': 429, 'Message': 'Unknown API error.', 'Data': 'Unknown API error.'}"
e0a79140-4acd-4ca2-a9ce-c10aff9fe105,,,"ERROR: {'Error code': 429, 'Message': 'Unknown API error.', 'Data': 'Unknown API error.'}"
e0a6e7c5-e499-4c2a-9cc5-b013482821ba,,,"ERROR: {'Error code': 429, 'Message': 'Unknown API error.', 'Data': 'Unknown API error.'}"
e0ac38b3-fcb6-4aae-b97c-b4e6cd9c2956,,,"ERROR: {'Error code': 429, 'Message': 'Unknown API error.', 'Data': 'Unknown API error.'}"
e0ae79a8-8d7f-4b3a-8d36-8ed532cccf98,,,"ERROR: {'Error code': 429, 'Message': 'Unknown API error.', 'Data': 'Unknown API error.'}"
e0b00b4e-0ba1-41ed-8b89-2c0309b1fb56,,,"ERROR: {'Error code': 429, 'Message': 'Unknown API error.', 'Data': 'Unknown API error.'}"
e0af5995-e33f-4b6d-9953-a969918f6988,,,"ERROR: {'Error code': 429, 'Message': 'Unknown API error.', 'Data': 'Unknown API error.'}"
e0b2adaa-4ed3-4668-a1d8-6b67565f8c82,,,"ERROR: {'Error code': 429, 'Message': 'Unknown API error.', 'Data': 'Unknown API error.'}"
e0b1802b-5a49-496c-86e6-20bc03ba9761,,,"ERROR: {'Error code': 429, 'Message': 'Unknown API error.', 'Data': 'Unknown API error.'}"
e0b33ebb-30e8-4e7f-813e-e5c6f942f6bd,,,"ERROR: {'Error code': 429, 'Message': 'Unknown API error.', 'Data': 'Unknown API error.'}"
e0b6375a-2f7f-466d-9467-78f7e6384c4b,,,"ERROR: {'Error code': 429, 'Message': 'Unknown API error.', 'Data': 'Unknown API error.'}"
e0bbd1fa-8619-4d20-b98d-4017b29959cc,,,"ERROR: {'Error code': 429, 'Message': 'Unknown API error.', 'Data': 'Unknown API error.'}"
e0bf8b76-3dbd-47a0-b2d2-d1ad5e805649,,,"ERROR: {'Error code': 429, 'Message': 'Unknown API error.', 'Data': 'Unknown API error.'}"
e0c0ad51-0374-441f-9e4e-460f717e547e,,,"ERROR: {'Error code': 429, 'Message': 'Unknown API error.', 'Data': 'Unknown API error.'}"
e0c2693f-c1d9-4a65-999e-8a6dc7a25f6d,,,"ERROR: {'Error code': 429, 'Message': 'Unknown API error.', 'Data': 'Unknown API error.'}"
e0ce44c3-7b5a-4456-aa2c-a58b931d8610,,,"ERROR: {'Error code': 429, 'Message': 'Unknown API error.', 'Data': 'Unknown API error.'}"
e0cd6b6f-764c-4eb3-a059-d31f1bccb28f,,,"ERROR: {'Error code': 429, 'Message': 'Unknown API error.', 'Data': 'Unknown API error.'}"
e0d64a4b-68c2-4f57-9333-4b49ae7afe22,,,"ERROR: {'Error code': 429, 'Message': 'Unknown API error.', 'Data': 'Unknown API error.'}"
e0d89b9a-af03-4b1e-858d-756c53d349f5,,,"ERROR: {'Error code': 429, 'Message': 'Unknown API error.', 'Data': 'Unknown API error.'}"
e0daba4a-1595-42ea-8d65-e241de54d30c,,,"ERROR: {'Error code': 429, 'Message': 'Unknown API error.', 'Data': 'Unknown API error.'}"
e0dcd5ca-8fd1-4777-9158-c4199a1d7f55,,,"ERROR: {'Error code': 429, 'Message': 'Unknown API error.', 'Data': 'Unknown API error.'}"
e0e4bfb7-ad31-4d0c-b582-075af2fd7db9,,,"ERROR: {'Error code': 429, 'Message': 'Unknown API error.', 'Data': 'Unknown API error.'}"
e0e08b3d-e159-4cb3-a460-c351b5f0f9f4,,,"ERROR: {'Error code': 429, 'Message': 'Unknown API error.', 'Data': 'Unknown API error.'}"
e0e94ec0-e64a-458e-a0fe-03ef0b23f069,,,"ERROR: {'Error code': 429, 'Message': 'Unknown API error.', 'Data': 'Unknown API error.'}"
e0e5d96e-4780-4476-bc50-fdef2e56eaf7,,,"ERROR: {'Error code': 429, 'Message': 'Unknown API error.', 'Data': 'Unknown API error.'}"
e0ea2101-c87b-4755-bf3b-15f24b49e8ba,,,"ERROR: {'Error code': 429, 'Message': 'Unknown API error.', 'Data': 'Unknown API error.'}"
e0ea36cb-db08-4e00-a3e8-f3b72f0cdfa1,,,"ERROR: {'Error code': 429, 'Message': 'Unknown API error.', 'Data': 'Unknown API error.'}"
e0f046ec-5988-4b19-a186-b689ac0e8a73,,,"ERROR: {'Error code': 429, 'Message': 'Unknown API error.', 'Data': 'Unknown API error.'}"
e0f95193-75ce-4fe0-9746-1821687feca6,,,"ERROR: {'Error code': 429, 'Message': 'Unknown API error.', 'Data': 'Unknown API error.'}"
e0fbf447-81cc-4329-a2ac-5aad0f13b8c7,,,"ERROR: {'Error code': 429, 'Message': 'Unknown API error.', 'Data': 'Unknown API error.'}"
e0ff99cf-337b-4bdd-8cd4-625502645ae1,,,"ERROR: {'Error code': 429, 'Message': 'Unknown API error.', 'Data': 'Unknown API error.'}"
e10740a6-864b-4a88-9c34-847e74e09140,,,"ERROR: {'Error code': 429, 'Message': 'Unknown API error.', 'Data': 'Unknown API error.'}"
e10773a7-d600-42b0-b7bc-5eff6c36d60a,,,"ERROR: {'Error code': 429, 'Message': 'Unknown API error.', 'Data': 'Unknown API error.'}"
e10946f7-970d-488a-91aa-5a2992aedfb6,,,"ERROR: {'Error code': 429, 'Message': 'Unknown API error.', 'Data': 'Unknown API error.'}"
e10ea64f-f831-41b9-85c6-dda11e1d18c0,,,"ERROR: {'Error code': 429, 'Message': 'Unknown API error.', 'Data': 'Unknown API error.'}"
e1124069-9232-4012-82dc-dbfc7ef83315,,,"ERROR: {'Error code': 429, 'Message': 'Unknown API error.', 'Data': 'Unknown API error.'}"
e10f7cbf-0d69-4b89-a2c1-7f91864a7fdb,,,"ERROR: {'Error code': 429, 'Message': 'Unknown API error.', 'Data': 'Unknown API error.'}"
e113b556-7a02-4aed-b96d-2e0b12cbbf04,,,"ERROR: {'Error code': 429, 'Message': 'Unknown API error.', 'Data': 'Unknown API error.'}"
e112e01e-09bc-4f4f-b5c6-d06ffeb0b762,,,"ERROR: {'Error code': 429, 'Message': 'Unknown API error.', 'Data': 'Unknown API error.'}"
e120c320-c808-4d68-89e8-60abb88b9051,,,"ERROR: {'Error code': 429, 'Message': 'Unknown API error.', 'Data': 'Unknown API error.'}"
e11880d1-bb8a-4004-bdd1-09c54d60cab9,,,"ERROR: {'Error code': 429, 'Message': 'Unknown API error.', 'Data': 'Unknown API error.'}"
e122e6b6-d06c-451b-a38f-3a23bea12fda,,,"ERROR: {'Error code': 429, 'Message': 'Unknown API error.', 'Data': 'Unknown API error.'}"
e121c0ab-e380-4002-ad00-328839194e9b,,,"ERROR: {'Error code': 429, 'Message': 'Unknown API error.', 'Data': 'Unknown API error.'}"
e5d7f777-f25a-4d19-934b-4db3c2d1b604,,,"ERROR: {'Error code': 429, 'Message': 'Unknown API error.', 'Data': 'Unknown API error.'}"
e12b0b66-d4f4-4dfb-acaa-bbb7caa81c8e,,,"ERROR: {'Error code': 429, 'Message': 'Unknown API error.', 'Data': 'Unknown API error.'}"
e5daa94f-8175-4673-8d5b-c4a1cd1a7163,,,"ERROR: {'Error code': 429, 'Message': 'Unknown API error.', 'Data': 'Unknown API error.'}"
e5da6f62-eedd-42e7-abbc-2873b2785574,,,"ERROR: {'Error code': 429, 'Message': 'Unknown API error.', 'Data': 'Unknown API error.'}"
e5ddb9a8-7f50-4b56-a9e5-d8e47abfab47,,,"ERROR: {'Error code': 429, 'Message': 'Unknown API error.', 'Data': 'Unknown API error.'}"
e5e2162c-47a0-489d-aba2-71b1ac4a06ef,,,"ERROR: {'Error code': 429, 'Message': 'Unknown API error.', 'Data': 'Unknown API error.'}"
e5e3c511-a6e3-40d3-ab17-083c349f5c4c,,,"ERROR: {'Error code': 429, 'Message': 'Unknown API error.', 'Data': 'Unknown API error.'}"
e5e3d44e-e370-4ab6-aea4-b0ca151d64f5,,,"ERROR: {'Error code': 429, 'Message': 'Unknown API error.', 'Data': 'Unknown API error.'}"
e5e7134f-f1f7-416a-bf10-84640384fb73,,,"ERROR: {'Error code': 429, 'Message': 'Unknown API error.', 'Data': 'Unknown API error.'}"
e5e783d2-3adf-413a-8356-a4ecd5574445,,,"ERROR: {'Error code': 429, 'Message': 'Unknown API error.', 'Data': 'Unknown API error.'}"
e5ea94e4-47d9-4480-bf79-bf926acb1d64,,,"ERROR: {'Error code': 429, 'Message': 'Unknown API error.', 'Data': 'Unknown API error.'}"
e5e907eb-3443-4ae8-a03d-7e1300b3f3ae,,,"ERROR: {'Error code': 429, 'Message': 'Unknown API error.', 'Data': 'Unknown API error.'}"
e5ed6529-711e-4d68-afef-6e2550ce906c,,,"ERROR: {'Error code': 429, 'Message': 'Unknown API error.', 'Data': 'Unknown API error.'}"
e5f3b36c-85b8-4d9f-92cf-ac6ec2dd4f13,,,"ERROR: {'Error code': 429, 'Message': 'Unknown API error.', 'Data': 'Unknown API error.'}"
e5f50bc3-2fb8-4beb-9bb8-9f6d52e2ea95,,,"ERROR: {'Error code': 429, 'Message': 'Unknown API error.', 'Data': 'Unknown API error.'}"
e5f8c40e-c979-425e-aaaa-3ea409ecc2d6,,,"ERROR: {'Error code': 429, 'Message': 'Unknown API error.', 'Data': 'Unknown API error.'}"
e5fb7c3e-a353-410e-b73b-e2b2a58c9244,,,"ERROR: {'Error code': 429, 'Message': 'Unknown API error.', 'Data': 'Unknown API error.'}"
e5fa7cd6-449d-48c6-b80d-fbcc7d104185,,,"ERROR: {'Error code': 429, 'Message': 'Unknown API error.', 'Data': 'Unknown API error.'}"
e602616c-de6d-448a-b7d3-31330bbbd288,,,"ERROR: {'Error code': 429, 'Message': 'Unknown API error.', 'Data': 'Unknown API error.'}"
e5fc7175-c3c9-4c7a-b081-bf8940427024,,,"ERROR: {'Error code': 429, 'Message': 'Unknown API error.', 'Data': 'Unknown API error.'}"
e60795f2-febb-4980-b975-6a5dda8c45e5,,,"ERROR: {'Error code': 429, 'Message': 'Unknown API error.', 'Data': 'Unknown API error.'}"
e603cc41-9316-4e03-abc4-2065ab520761,,,"ERROR: {'Error code': 429, 'Message': 'Unknown API error.', 'Data': 'Unknown API error.'}"
e6083642-9bc9-4b53-8d2a-ce3284551c03,,,"ERROR: {'Error code': 429, 'Message': 'Unknown API error.', 'Data': 'Unknown API error.'}"
e60a10ad-b74a-4b83-bd33-485dc7b98530,,,"ERROR: {'Error code': 429, 'Message': 'Unknown API error.', 'Data': 'Unknown API error.'}"
e6103833-829b-461c-b032-4535084e373e,,,"ERROR: {'Error code': 429, 'Message': 'Unknown API error.', 'Data': 'Unknown API error.'}"
e610722a-6818-470f-b67a-fe1e49c70fd1,,,"ERROR: {'Error code': 429, 'Message': 'Unknown API error.', 'Data': 'Unknown API error.'}"
e610983d-54af-4e7c-962d-f1da772b2878,,,"ERROR: {'Error code': 429, 'Message': 'Unknown API error.', 'Data': 'Unknown API error.'}"
e6109ea3-7cf1-4159-baaf-bccb1f262f8b,,,"ERROR: {'Error code': 429, 'Message': 'Unknown API error.', 'Data': 'Unknown API error.'}"
e612830d-90f3-4a1b-abd1-ba2d5a4d03db,,,"ERROR: {'Error code': 429, 'Message': 'Unknown API error.', 'Data': 'Unknown API error.'}"
e6131530-b302-4fa8-b49d-26e79104988d,,,"ERROR: {'Error code': 429, 'Message': 'Unknown API error.', 'Data': 'Unknown API error.'}"
e6158e49-dab1-4f08-8a0d-1d8122427fd8,,,"ERROR: {'Error code': 429, 'Message': 'Unknown API error.', 'Data': 'Unknown API error.'}"
e61aa0ed-b636-4e0c-a2d1-713088c13a2b,,,"ERROR: {'Error code': 429, 'Message': 'Unknown API error.', 'Data': 'Unknown API error.'}"
e61d007c-8061-4266-ba5e-e3344e5c59eb,,,"ERROR: {'Error code': 429, 'Message': 'Unknown API error.', 'Data': 'Unknown API error.'}"
e61deae7-3649-447f-bc8f-63c9a1060f33,,,"ERROR: {'Error code': 429, 'Message': 'Unknown API error.', 'Data': 'Unknown API error.'}"
e62210d2-d412-47c3-bf12-b94e32ccc753,,,"ERROR: {'Error code': 429, 'Message': 'Unknown API error.', 'Data': 'Unknown API error.'}"
e6223e2a-e1b1-4a59-ba59-e4d37ecc80c0,,,"ERROR: {'Error code': 429, 'Message': 'Unknown API error.', 'Data': 'Unknown API error.'}"
e62aed64-9ace-4929-887e-23ba2dc1dcab,,,"ERROR: {'Error code': 429, 'Message': 'Unknown API error.', 'Data': 'Unknown API error.'}"
e62f6eb7-16dc-4a29-8ecb-fa43973037ba,,,"ERROR: {'Error code': 429, 'Message': 'Unknown API error.', 'Data': 'Unknown API error.'}"
e635fa75-8aa3-42f2-b75c-f4cfecc1bff6,,,"ERROR: {'Error code': 429, 'Message': 'Unknown API error.', 'Data': 'Unknown API error.'}"
e630859e-7c61-4483-b359-af52f1aa312c,,,"ERROR: {'Error code': 429, 'Message': 'Unknown API error.', 'Data': 'Unknown API error.'}"
e6361327-2036-4a0b-b4b7-bdd1dbf2f99d,,,"ERROR: {'Error code': 429, 'Message': 'Unknown API error.', 'Data': 'Unknown API error.'}"
e63ba214-e920-4e33-8f86-974a9ed0f16c,,,"ERROR: {'Error code': 429, 'Message': 'Unknown API error.', 'Data': 'Unknown API error.'}"
e642e93c-9c09-4dae-9e21-6e13e8b7460a,,,"ERROR: {'Error code': 429, 'Message': 'Unknown API error.', 'Data': 'Unknown API error.'}"
e6417124-e444-40d3-8ec7-a8c004eca491,,,"ERROR: {'Error code': 429, 'Message': 'Unknown API error.', 'Data': 'Unknown API error.'}"
e6446cc3-8002-43fd-879c-83d56d27cd56,,,"ERROR: {'Error code': 429, 'Message': 'Unknown API error.', 'Data': 'Unknown API error.'}"
e6466167-a97c-44aa-96e7-755208bbae73,,,"ERROR: {'Error code': 429, 'Message': 'Unknown API error.', 'Data': 'Unknown API error.'}"
e64b22c7-aa68-4aed-ab55-cb2e8475ca0a,,,"ERROR: {'Error code': 429, 'Message': 'Unknown API error.', 'Data': 'Unknown API error.'}"
e646696c-5faa-432d-b75a-dca1d93cd6cc,,,"ERROR: {'Error code': 429, 'Message': 'Unknown API error.', 'Data': 'Unknown API error.'}"
e64dc03b-b851-4636-83e9-b0186225971d,,,"ERROR: {'Error code': 429, 'Message': 'Unknown API error.', 'Data': 'Unknown API error.'}"
e64d0b82-79fc-4461-8bcb-a7c5d8f91b21,,,"ERROR: {'Error code': 429, 'Message': 'Unknown API error.', 'Data': 'Unknown API error.'}"
eafbb7cc-feff-4fc4-a878-97285cab3372,,,"ERROR: {'Error code': 429, 'Message': 'Unknown API error.', 'Data': 'Unknown API error.'}"
e64e7b5c-55f7-409f-975a-8792db864353,,,"ERROR: {'Error code': 429, 'Message': 'Unknown API error.', 'Data': 'Unknown API error.'}"
eafe7ed5-3e94-4a13-8f7a-702dd4c9fb70,,,"ERROR: {'Error code': 429, 'Message': 'Unknown API error.', 'Data': 'Unknown API error.'}"
eafbd010-ffef-4b40-ad56-aa32a651b401,,,"ERROR: {'Error code': 429, 'Message': 'Unknown API error.', 'Data': 'Unknown API error.'}"
eb0368b2-b1f4-4c03-8b77-cc48d3b219fa,,,"ERROR: {'Error code': 429, 'Message': 'Unknown API error.', 'Data': 'Unknown API error.'}"
eb0616f4-a0ed-425f-9f58-a7e987dbcf85,,,"ERROR: {'Error code': 429, 'Message': 'Unknown API error.', 'Data': 'Unknown API error.'}"
eb0a012f-4b27-4b2e-b328-07c1d6150087,,,"ERROR: {'Error code': 429, 'Message': 'Unknown API error.', 'Data': 'Unknown API error.'}"
eb0d234a-4154-476f-8f25-fe388fbad9f7,,,"ERROR: {'Error code': 429, 'Message': 'Unknown API error.', 'Data': 'Unknown API error.'}"
eb0d263c-8bde-4c8b-9bea-75fac030be0f,,,"ERROR: {'Error code': 429, 'Message': 'Unknown API error.', 'Data': 'Unknown API error.'}"
eb0d907c-b4dd-4016-85ec-362c64003f71,,,"ERROR: {'Error code': 429, 'Message': 'Unknown API error.', 'Data': 'Unknown API error.'}"
eb0e31ff-a728-45f1-8f0b-7452d3e00545,,,"ERROR: {'Error code': 429, 'Message': 'Unknown API error.', 'Data': 'Unknown API error.'}"
eb112d9d-0c04-4faf-a6a1-1d46a2a861fb,,,"ERROR: {'Error code': 429, 'Message': 'Unknown API error.', 'Data': 'Unknown API error.'}"
eb115a3f-a264-4d6c-90f8-53707b4418ef,,,"ERROR: {'Error code': 429, 'Message': 'Unknown API error.', 'Data': 'Unknown API error.'}"
eb124c8b-2770-4115-a5d7-406e8e6a49d1,,,"ERROR: {'Error code': 429, 'Message': 'Unknown API error.', 'Data': 'Unknown API error.'}"
eb1e13c2-dac4-4328-b168-c782f889b962,,,"ERROR: {'Error code': 429, 'Message': 'Unknown API error.', 'Data': 'Unknown API error.'}"
eb15c713-ca49-40e8-861a-6de9d5c6117a,,,"ERROR: {'Error code': 429, 'Message': 'Unknown API error.', 'Data': 'Unknown API error.'}"
eb1e1483-db24-484b-98eb-8e2e63bf2a64,,,"ERROR: {'Error code': 429, 'Message': 'Unknown API error.', 'Data': 'Unknown API error.'}"
eb1feb23-3450-48f2-817e-f6a4066ae5a2,,,"ERROR: {'Error code': 429, 'Message': 'Unknown API error.', 'Data': 'Unknown API error.'}"
eb20c173-7646-4f9b-ba7b-086cde71f213,,,"ERROR: {'Error code': 429, 'Message': 'Unknown API error.', 'Data': 'Unknown API error.'}"
eb20dc52-0931-42b8-a156-35f43e9ffb04,,,"ERROR: {'Error code': 429, 'Message': 'Unknown API error.', 'Data': 'Unknown API error.'}"
eb246f07-b585-4e90-a8e0-6c2ce7c5a773,,,"ERROR: {'Error code': 429, 'Message': 'Unknown API error.', 'Data': 'Unknown API error.'}"
eb20f57e-c0ba-4201-b052-71040f9f40fb,,,"ERROR: {'Error code': 429, 'Message': 'Unknown API error.', 'Data': 'Unknown API error.'}"
eb27c2c1-c34b-4bd8-bcac-8d1017b18f64,,,"ERROR: {'Error code': 429, 'Message': 'Unknown API error.', 'Data': 'Unknown API error.'}"
eb256936-93fa-42e5-85b1-428517e4ba31,,,"ERROR: {'Error code': 429, 'Message': 'Unknown API error.', 'Data': 'Unknown API error.'}"
eb2a288d-d7cf-4a3f-9e95-2aa40b7b59fb,,,"ERROR: {'Error code': 429, 'Message': 'Unknown API error.', 'Data': 'Unknown API error.'}"
eb2a6d82-a9f3-4d9d-a5e1-47ef60beb145,,,"ERROR: {'Error code': 429, 'Message': 'Unknown API error.', 'Data': 'Unknown API error.'}"
eb2afaec-3e21-4792-a00b-02eb5ec83f45,,,"ERROR: {'Error code': 429, 'Message': 'Unknown API error.', 'Data': 'Unknown API error.'}"
eb2c9b3c-1703-449a-9027-aa5510311cf0,,,"ERROR: {'Error code': 429, 'Message': 'Unknown API error.', 'Data': 'Unknown API error.'}"
eb331d4c-cc44-4c19-8fee-d8d209ec2e25,,,"ERROR: {'Error code': 429, 'Message': 'Unknown API error.', 'Data': 'Unknown API error.'}"
eb34f06a-bf37-470e-8380-f3d8d0175bbc,,,"ERROR: {'Error code': 429, 'Message': 'Unknown API error.', 'Data': 'Unknown API error.'}"
eb3a154d-f8dc-47fc-8f00-4e057179d0bb,,,"ERROR: {'Error code': 429, 'Message': 'Unknown API error.', 'Data': 'Unknown API error.'}"
eb37e9cb-5180-49df-a02c-ba4e4f451036,,,"ERROR: {'Error code': 429, 'Message': 'Unknown API error.', 'Data': 'Unknown API error.'}"
eb3c2b39-35c0-4f76-9abe-628a83eb6ed2,,,"ERROR: {'Error code': 429, 'Message': 'Unknown API error.', 'Data': 'Unknown API error.'}"
eb3bad4f-0379-4506-942d-655c77b7bdf3,,,"ERROR: {'Error code': 429, 'Message': 'Unknown API error.', 'Data': 'Unknown API error.'}"
eb3f9ea5-93b7-4ca9-a48e-244b15a4fd92,,,"ERROR: {'Error code': 429, 'Message': 'Unknown API error.', 'Data': 'Unknown API error.'}"
eb3cfe6d-9ab3-47fa-aa0f-25c67dea28a5,,,"ERROR: {'Error code': 429, 'Message': 'Unknown API error.', 'Data': 'Unknown API error.'}"
eb46eacc-4175-4827-95c6-96c29c173488,,,"ERROR: {'Error code': 429, 'Message': 'Unknown API error.', 'Data': 'Unknown API error.'}"
eb488281-2ae3-41b4-9482-0d88fa8a0f69,,,"ERROR: {'Error code': 429, 'Message': 'Unknown API error.', 'Data': 'Unknown API error.'}"
eb4c4aa7-89f1-4fbc-835c-626474a36193,,,"ERROR: {'Error code': 429, 'Message': 'Unknown API error.', 'Data': 'Unknown API error.'}"
eb499692-e445-42c8-9249-24426ce54e21,,,"ERROR: {'Error code': 429, 'Message': 'Unknown API error.', 'Data': 'Unknown API error.'}"
eb4eb4c2-999c-4e54-bd9b-c3814e936ac4,,,"ERROR: {'Error code': 429, 'Message': 'Unknown API error.', 'Data': 'Unknown API error.'}"
eb51c31d-5c99-4b76-adcb-5f94989e0d14,,,"ERROR: {'Error code': 429, 'Message': 'Unknown API error.', 'Data': 'Unknown API error.'}"
eb56b685-6c89-4d9b-9fef-ca10214564d2,,,"ERROR: {'Error code': 429, 'Message': 'Unknown API error.', 'Data': 'Unknown API error.'}"
eb5894c2-b87c-4add-8945-020b666a8179,,,"ERROR: {'Error code': 429, 'Message': 'Unknown API error.', 'Data': 'Unknown API error.'}"
eb5b1812-2e33-48d5-b979-07259aaf0b00,,,"ERROR: {'Error code': 429, 'Message': 'Unknown API error.', 'Data': 'Unknown API error.'}"
eb5c0edd-36da-45f2-9860-ae499ae219d6,,,"ERROR: {'Error code': 429, 'Message': 'Unknown API error.', 'Data': 'Unknown API error.'}"
eb5e00a3-a348-4abc-b76a-2381d37ac0f6,,,"ERROR: {'Error code': 429, 'Message': 'Unknown API error.', 'Data': 'Unknown API error.'}"
eb5c28fd-eef8-455c-9f4e-414c6a5b3ce9,,,"ERROR: {'Error code': 429, 'Message': 'Unknown API error.', 'Data': 'Unknown API error.'}"
eb66902c-c801-47e9-99ad-8978d7fbdbb9,,,"ERROR: {'Error code': 429, 'Message': 'Unknown API error.', 'Data': 'Unknown API error.'}"
eb692343-8672-48f6-8527-9c41842db910,,,"ERROR: {'Error code': 429, 'Message': 'Unknown API error.', 'Data': 'Unknown API error.'}"
eb6a5ff5-7ad0-4d0d-934d-cb8ac0e632aa,,,"ERROR: {'Error code': 429, 'Message': 'Unknown API error.', 'Data': 'Unknown API error.'}"
eb6a0ba9-2324-4305-b4f5-fe6f305b80ac,,,"ERROR: {'Error code': 429, 'Message': 'Unknown API error.', 'Data': 'Unknown API error.'}"
eb6b612c-4fe3-4b22-a061-af3efdeb3936,,,"ERROR: {'Error code': 429, 'Message': 'Unknown API error.', 'Data': 'Unknown API error.'}"
eb6acd2a-f422-4d75-ba76-0f7464c4e7ca,,,"ERROR: {'Error code': 429, 'Message': 'Unknown API error.', 'Data': 'Unknown API error.'}"
eb6edef3-76a0-43ee-91d1-7c6a31f7993d,,,"ERROR: {'Error code': 429, 'Message': 'Unknown API error.', 'Data': 'Unknown API error.'}"
eb6ee164-3f90-466a-88fe-e1977b89e601,,,"ERROR: {'Error code': 429, 'Message': 'Unknown API error.', 'Data': 'Unknown API error.'}"
eb6fd9dd-26bb-4aba-92a9-1e1f78dd0edb,,,"ERROR: {'Error code': 429, 'Message': 'Unknown API error.', 'Data': 'Unknown API error.'}"
f012725d-e1dc-4d02-9301-4a8eb52fe51a,,,"ERROR: {'Error code': 429, 'Message': 'Unknown API error.', 'Data': 'Unknown API error.'}"
f0148c8a-14e8-48f3-bf84-fb240699afcd,,,"ERROR: {'Error code': 429, 'Message': 'Unknown API error.', 'Data': 'Unknown API error.'}"
f015b7e6-8353-4089-80a7-232ea7b356b6,,,"ERROR: {'Error code': 429, 'Message': 'Unknown API error.', 'Data': 'Unknown API error.'}"
f016d312-53db-4767-bc8c-64a3ae640770,,,"ERROR: {'Error code': 429, 'Message': 'Unknown API error.', 'Data': 'Unknown API error.'}"
f0165859-03ec-4be2-bc7b-fdb5dd085d96,,,"ERROR: {'Error code': 429, 'Message': 'Unknown API error.', 'Data': 'Unknown API error.'}"
f0190ee7-2e91-4000-ad70-e606c27a4c3f,,,"ERROR: {'Error code': 429, 'Message': 'Unknown API error.', 'Data': 'Unknown API error.'}"
f01befe5-c729-4199-a31d-60443838656d,,,"ERROR: {'Error code': 429, 'Message': 'Unknown API error.', 'Data': 'Unknown API error.'}"
f02142e5-611f-4f4b-ae6c-1ad4b988bba1,,,"ERROR: {'Error code': 429, 'Message': 'Unknown API error.', 'Data': 'Unknown API error.'}"
f02100ca-ae72-422c-ad19-95eb7348078c,,,"ERROR: {'Error code': 429, 'Message': 'Unknown API error.', 'Data': 'Unknown API error.'}"
f02d64f4-1122-477e-83dc-f1ba8fdd9d28,,,"ERROR: {'Error code': 429, 'Message': 'Unknown API error.', 'Data': 'Unknown API error.'}"
f0227295-f61d-4e0d-9a85-538d3c02e8a3,,,"ERROR: {'Error code': 429, 'Message': 'Unknown API error.', 'Data': 'Unknown API error.'}"
f031c66d-6e37-46df-a7e5-7a5e82c17c15,,,"ERROR: {'Error code': 429, 'Message': 'Unknown API error.', 'Data': 'Unknown API error.'}"
f02e32f6-32a6-4544-b145-7590e7468277,,,"ERROR: {'Error code': 429, 'Message': 'Unknown API error.', 'Data': 'Unknown API error.'}"
f03897bc-8bdb-4335-83eb-54ac4b7081c2,,,"ERROR: {'Error code': 429, 'Message': 'Unknown API error.', 'Data': 'Unknown API error.'}"
f036edef-cfce-4325-bc8f-c6bf957fa358,,,"ERROR: {'Error code': 429, 'Message': 'Unknown API error.', 'Data': 'Unknown API error.'}"
f04226a2-3808-4b4d-be5b-fa752a9bafd8,,,"ERROR: {'Error code': 429, 'Message': 'Unknown API error.', 'Data': 'Unknown API error.'}"
f04310aa-c418-4593-876f-3ba9ce70fce1,,,"ERROR: {'Error code': 429, 'Message': 'Unknown API error.', 'Data': 'Unknown API error.'}"
f044dfe6-48fc-402f-8495-38a846683213,,,"ERROR: {'Error code': 429, 'Message': 'Unknown API error.', 'Data': 'Unknown API error.'}"
f047e092-e744-493a-b148-56d0ce2bea01,,,"ERROR: {'Error code': 429, 'Message': 'Unknown API error.', 'Data': 'Unknown API error.'}"
f04b3446-55a8-4cf2-99fd-1ea309acd2cc,,,"ERROR: {'Error code': 429, 'Message': 'Unknown API error.', 'Data': 'Unknown API error.'}"
f048857c-7468-4f9e-91a2-c2dbb1876ea2,,,"ERROR: {'Error code': 429, 'Message': 'Unknown API error.', 'Data': 'Unknown API error.'}"
f05184b7-1f33-4210-a915-cb0c7b46e5a9,,,"ERROR: {'Error code': 429, 'Message': 'Unknown API error.', 'Data': 'Unknown API error.'}"
f04e606f-7499-4425-a9c7-c16fd2474f22,,,"ERROR: {'Error code': 429, 'Message': 'Unknown API error.', 'Data': 'Unknown API error.'}"
f0535138-cf40-4f4a-8a9f-8e5001234a80,,,"ERROR: {'Error code': 429, 'Message': 'Unknown API error.', 'Data': 'Unknown API error.'}"
f0534af8-8363-44fc-bb1e-eea37e9e7261,,,"ERROR: {'Error code': 429, 'Message': 'Unknown API error.', 'Data': 'Unknown API error.'}"
f0569e65-37ec-4fc9-9e87-e5e6484c7737,,,"ERROR: {'Error code': 429, 'Message': 'Unknown API error.', 'Data': 'Unknown API error.'}"
f056e362-446b-431d-b983-f50c0200b4c5,,,"ERROR: {'Error code': 429, 'Message': 'Unknown API error.', 'Data': 'Unknown API error.'}"
f05b7946-1f4a-43e5-8aec-b96e8f43bd4d,,,"ERROR: {'Error code': 429, 'Message': 'Unknown API error.', 'Data': 'Unknown API error.'}"
f05b4225-c9e6-44e8-a84a-b74ca2f83a9a,,,"ERROR: {'Error code': 429, 'Message': 'Unknown API error.', 'Data': 'Unknown API error.'}"
f05d53f6-4160-42b2-8464-202e755a06e5,,,"ERROR: {'Error code': 429, 'Message': 'Unknown API error.', 'Data': 'Unknown API error.'}"
f05c13f5-c73e-42a7-81e9-1ec48116c391,,,"ERROR: {'Error code': 429, 'Message': 'Unknown API error.', 'Data': 'Unknown API error.'}"
f062cf82-9e7a-4937-99f2-d25547c46555,,,"ERROR: {'Error code': 429, 'Message': 'Unknown API error.', 'Data': 'Unknown API error.'}"
f06342e9-9d93-4549-a6c5-d97b10ad9da8,,,"ERROR: {'Error code': 429, 'Message': 'Unknown API error.', 'Data': 'Unknown API error.'}"
f0650b22-b4d6-4c96-9255-8ebb5bd4accf,,,"ERROR: {'Error code': 429, 'Message': 'Unknown API error.', 'Data': 'Unknown API error.'}"
f068b6bc-824a-4ecd-b4c2-7c8dfb25448b,,,"ERROR: {'Error code': 429, 'Message': 'Unknown API error.', 'Data': 'Unknown API error.'}"
f06bd116-4bc3-4812-bfaa-1dda5c0568a5,,,"ERROR: {'Error code': 429, 'Message': 'Unknown API error.', 'Data': 'Unknown API error.'}"
f06a86d9-d562-4937-8420-f3d18ef59c87,,,"ERROR: {'Error code': 429, 'Message': 'Unknown API error.', 'Data': 'Unknown API error.'}"
f06d45a0-c4dc-4967-bde7-dd7ce864234f,,,"ERROR: {'Error code': 429, 'Message': 'Unknown API error.', 'Data': 'Unknown API error.'}"
f06d28bd-9ecd-4b61-943a-2ed420f003a3,,,"ERROR: {'Error code': 429, 'Message': 'Unknown API error.', 'Data': 'Unknown API error.'}"
f06d7dc7-66cc-4220-838c-da7698ce3ced,,,"ERROR: {'Error code': 429, 'Message': 'Unknown API error.', 'Data': 'Unknown API error.'}"
f06e67e6-4f1c-4595-b480-c3b5c3ff2e05,,,"ERROR: {'Error code': 429, 'Message': 'Unknown API error.', 'Data': 'Unknown API error.'}"
f06fe50c-08ec-46e9-9cbf-e5407fe035db,,,"ERROR: {'Error code': 429, 'Message': 'Unknown API error.', 'Data': 'Unknown API error.'}"
f06f8188-a68c-40fc-a82d-b3d59d2770a8,,,"ERROR: {'Error code': 429, 'Message': 'Unknown API error.', 'Data': 'Unknown API error.'}"
f072d2fa-cf34-4d3a-b052-8fbecdc8889d,,,"ERROR: {'Error code': 429, 'Message': 'Unknown API error.', 'Data': 'Unknown API error.'}"
f075c703-055f-45f0-91a0-21ca44f85278,,,"ERROR: {'Error code': 429, 'Message': 'Unknown API error.', 'Data': 'Unknown API error.'}"
f0764f18-74cc-4e61-9521-898616ab8387,,,"ERROR: {'Error code': 429, 'Message': 'Unknown API error.', 'Data': 'Unknown API error.'}"
f08126aa-4266-4b24-81f6-9992b285c555,,,"ERROR: {'Error code': 429, 'Message': 'Unknown API error.', 'Data': 'Unknown API error.'}"
f085ef3d-6e66-4eec-80b9-e556d1fb11ed,,,"ERROR: {'Error code': 429, 'Message': 'Unknown API error.', 'Data': 'Unknown API error.'}"
f0844e43-c0a2-48e9-90e7-457fb02f328f,,,"ERROR: {'Error code': 429, 'Message': 'Unknown API error.', 'Data': 'Unknown API error.'}"
f0869eed-9226-4de6-af27-1c7c8d367d02,,,"ERROR: {'Error code': 429, 'Message': 'Unknown API error.', 'Data': 'Unknown API error.'}"
f08ce935-68d8-402e-8f3d-f7789f91d462,,,"ERROR: {'Error code': 429, 'Message': 'Unknown API error.', 'Data': 'Unknown API error.'}"
f53b0a3b-3233-46d1-a172-e8418254457c,,,"ERROR: {'Error code': 429, 'Message': 'Unknown API error.', 'Data': 'Unknown API error.'}"
f08f3df1-ff94-4132-9541-7a9145fc3d9b,,,"ERROR: {'Error code': 429, 'Message': 'Unknown API error.', 'Data': 'Unknown API error.'}"
f53f4229-119a-4b66-b491-92a8308d0f42,,,"ERROR: {'Error code': 429, 'Message': 'Unknown API error.', 'Data': 'Unknown API error.'}"
f53deacb-cdc7-4807-9ba5-2c03a43917f4,,,"ERROR: {'Error code': 429, 'Message': 'Unknown API error.', 'Data': 'Unknown API error.'}"
f53ffac6-ff77-4067-be1e-9f84fe443ba3,,,"ERROR: {'Error code': 429, 'Message': 'Unknown API error.', 'Data': 'Unknown API error.'}"
f53fa6ab-c50b-4e39-8404-f498f5410915,,,"ERROR: {'Error code': 429, 'Message': 'Unknown API error.', 'Data': 'Unknown API error.'}"
f5445cfd-c6d9-4825-8dfa-208b22c30ae0,,,"ERROR: {'Error code': 429, 'Message': 'Unknown API error.', 'Data': 'Unknown API error.'}"
f543ed28-63f3-42d7-9025-97b23bb4fbd3,,,"ERROR: {'Error code': 429, 'Message': 'Unknown API error.', 'Data': 'Unknown API error.'}"
f548677e-2a32-4877-b415-82f94bcb6729,,,"ERROR: {'Error code': 429, 'Message': 'Unknown API error.', 'Data': 'Unknown API error.'}"
f54dfdbd-cbad-491b-8d05-1c51dd9c7ab0,,,"ERROR: {'Error code': 429, 'Message': 'Unknown API error.', 'Data': 'Unknown API error.'}"
f552ec5f-6fb9-4666-a049-5ad44ab1f2a5,,,"ERROR: {'Error code': 429, 'Message': 'Unknown API error.', 'Data': 'Unknown API error.'}"
f5535e2a-1957-4463-8580-26c2ee1e0df3,,,"ERROR: {'Error code': 429, 'Message': 'Unknown API error.', 'Data': 'Unknown API error.'}"
f554bcbd-0eef-41db-8845-ad2480e74982,,,"ERROR: {'Error code': 429, 'Message': 'Unknown API error.', 'Data': 'Unknown API error.'}"
f5563a94-7f01-4383-b2f9-5613414fe512,,,"ERROR: {'Error code': 429, 'Message': 'Unknown API error.', 'Data': 'Unknown API error.'}"
f55a76ab-8153-41cb-98e3-303cc0814ad5,,,"ERROR: {'Error code': 429, 'Message': 'Unknown API error.', 'Data': 'Unknown API error.'}"
f557627e-a3ba-400c-918c-244ee7803594,,,"ERROR: {'Error code': 429, 'Message': 'Unknown API error.', 'Data': 'Unknown API error.'}"
f55fbf50-48ff-4d1e-b221-5237a2377915,,,"ERROR: {'Error code': 429, 'Message': 'Unknown API error.', 'Data': 'Unknown API error.'}"
f55df9c1-4f7a-493a-9e98-34995f063bf4,,,"ERROR: {'Error code': 429, 'Message': 'Unknown API error.', 'Data': 'Unknown API error.'}"
f5635f52-3823-4f1a-9d31-ee816bc7dd4b,,,"ERROR: {'Error code': 429, 'Message': 'Unknown API error.', 'Data': 'Unknown API error.'}"
f5604902-a246-4565-931d-b023053d9ee0,,,"ERROR: {'Error code': 429, 'Message': 'Unknown API error.', 'Data': 'Unknown API error.'}"
f56afac2-f402-48e5-9662-7d85045b3dbd,,,"ERROR: {'Error code': 429, 'Message': 'Unknown API error.', 'Data': 'Unknown API error.'}"
f567d671-4fb4-419a-b8f0-e6433234049a,,,"ERROR: {'Error code': 429, 'Message': 'Unknown API error.', 'Data': 'Unknown API error.'}"
f56e090c-6781-41d2-a22f-71f3ef451a5f,,,"ERROR: {'Error code': 429, 'Message': 'Unknown API error.', 'Data': 'Unknown API error.'}"
f56f1146-3790-4941-bda0-32df5be17415,,,"ERROR: {'Error code': 429, 'Message': 'Unknown API error.', 'Data': 'Unknown API error.'}"
f5701b46-e413-455d-86cc-802fcfe432df,,,"ERROR: {'Error code': 429, 'Message': 'Unknown API error.', 'Data': 'Unknown API error.'}"
f572d4c9-f342-44b5-ba3b-db8b0487e408,,,"ERROR: {'Error code': 429, 'Message': 'Unknown API error.', 'Data': 'Unknown API error.'}"
f5768cc6-ffa7-4993-989e-98388d6abc84,,,"ERROR: {'Error code': 429, 'Message': 'Unknown API error.', 'Data': 'Unknown API error.'}"
f578273e-b2a4-4cf7-b92b-bdd5329c2ac0,,,"ERROR: {'Error code': 429, 'Message': 'Unknown API error.', 'Data': 'Unknown API error.'}"
f5846243-26fb-4b95-9e83-405e2d43f99d,,,"ERROR: {'Error code': 429, 'Message': 'Unknown API error.', 'Data': 'Unknown API error.'}"
f57c23ca-1d6b-4cd2-af4b-5c3607de73c1,,,"ERROR: {'Error code': 429, 'Message': 'Unknown API error.', 'Data': 'Unknown API error.'}"
f5861e0c-be3b-416b-95e2-6208322f3d83,,,"ERROR: {'Error code': 429, 'Message': 'Unknown API error.', 'Data': 'Unknown API error.'}"
f5854f27-2c77-4120-9623-2ae17c9dae78,,,"ERROR: {'Error code': 429, 'Message': 'Unknown API error.', 'Data': 'Unknown API error.'}"
f5896fdd-5fb2-4b57-9ae2-b495d72f16a9,,,"ERROR: {'Error code': 429, 'Message': 'Unknown API error.', 'Data': 'Unknown API error.'}"
f58a4425-1e88-4d90-b036-466c23ddcdb2,,,"ERROR: {'Error code': 429, 'Message': 'Unknown API error.', 'Data': 'Unknown API error.'}"
f59039a6-dbdc-4e2e-96b5-112b151019b1,,,"ERROR: {'Error code': 429, 'Message': 'Unknown API error.', 'Data': 'Unknown API error.'}"
f58ba8bb-81b2-4fe3-bc97-17b0183c0dad,,,"ERROR: {'Error code': 429, 'Message': 'Unknown API error.', 'Data': 'Unknown API error.'}"
f5918761-56f8-49f3-beff-1fe0e9ff7d19,,,"ERROR: {'Error code': 429, 'Message': 'Unknown API error.', 'Data': 'Unknown API error.'}"
f5911b4c-cd8a-46fb-826c-a1d348758e63,,,"ERROR: {'Error code': 429, 'Message': 'Unknown API error.', 'Data': 'Unknown API error.'}"
f5923297-9573-479a-8a27-a046822bf55a,,,"ERROR: {'Error code': 429, 'Message': 'Unknown API error.', 'Data': 'Unknown API error.'}"
f5a181a8-67a2-4f28-91d4-facc23b9bea1,,,"ERROR: {'Error code': 429, 'Message': 'Unknown API error.', 'Data': 'Unknown API error.'}"
f5a276f3-4e2d-40d5-8bff-8ae05659ff07,,,"ERROR: {'Error code': 429, 'Message': 'Unknown API error.', 'Data': 'Unknown API error.'}"
f5a2be1c-753a-4ef6-8ee5-0380f91c4448,,,"ERROR: {'Error code': 429, 'Message': 'Unknown API error.', 'Data': 'Unknown API error.'}"
f5a6a488-ce23-49ed-98ea-d30fad4b8175,,,"ERROR: {'Error code': 429, 'Message': 'Unknown API error.', 'Data': 'Unknown API error.'}"
f5a670dd-3230-4454-988f-07dbabd5bc98,,,"ERROR: {'Error code': 429, 'Message': 'Unknown API error.', 'Data': 'Unknown API error.'}"
f5a8c18d-a937-47e2-b037-00947afd371c,,,"ERROR: {'Error code': 429, 'Message': 'Unknown API error.', 'Data': 'Unknown API error.'}"
f5a6afc8-a75d-4c9a-bf4f-e7e772f252ec,,,"ERROR: {'Error code': 429, 'Message': 'Unknown API error.', 'Data': 'Unknown API error.'}"
f5a9fa14-aed2-4785-ae98-d8a49c5014ae,,,"ERROR: {'Error code': 429, 'Message': 'Unknown API error.', 'Data': 'Unknown API error.'}"
f5a8dea9-29de-404c-8eea-dd92477d29e7,,,"ERROR: {'Error code': 429, 'Message': 'Unknown API error.', 'Data': 'Unknown API error.'}"
fa4e61cd-8c82-4fa1-8cc1-5903353b482f,,,"ERROR: {'Error code': 429, 'Message': 'Unknown API error.', 'Data': 'Unknown API error.'}"
f5aabbaa-6b23-4041-a4af-836440963c59,,,"ERROR: {'Error code': 429, 'Message': 'Unknown API error.', 'Data': 'Unknown API error.'}"
fa56b084-ec27-47a8-80a3-fc8280f6da91,,,"ERROR: {'Error code': 429, 'Message': 'Unknown API error.', 'Data': 'Unknown API error.'}"
fa57010c-38f5-4ab5-89ca-924feef27909,,,"ERROR: {'Error code': 429, 'Message': 'Unknown API error.', 'Data': 'Unknown API error.'}"
fa5afd19-458a-40d6-a4c8-921961120170,,,"ERROR: {'Error code': 429, 'Message': 'Unknown API error.', 'Data': 'Unknown API error.'}"
fa5c6dde-6dc7-45b0-9a15-7c4a7969d67a,,,"ERROR: {'Error code': 429, 'Message': 'Unknown API error.', 'Data': 'Unknown API error.'}"
fa5cb1ff-e183-47ae-96f6-921031f62e06,,,"ERROR: {'Error code': 429, 'Message': 'Unknown API error.', 'Data': 'Unknown API error.'}"
fa64cd4d-af13-4214-b7a5-dbb65f5f818c,,,"ERROR: {'Error code': 429, 'Message': 'Unknown API error.', 'Data': 'Unknown API error.'}"
fa601d8b-5101-4d57-afd6-48ae0698261c,,,"ERROR: {'Error code': 429, 'Message': 'Unknown API error.', 'Data': 'Unknown API error.'}"
fa692401-912d-4d3e-ba83-51eb48327ee3,,,"ERROR: {'Error code': 429, 'Message': 'Unknown API error.', 'Data': 'Unknown API error.'}"
fa6b1d44-f31b-44ae-bd53-973c7adbea39,,,"ERROR: {'Error code': 429, 'Message': 'Unknown API error.', 'Data': 'Unknown API error.'}"
fa6c7824-a14f-4d6c-a7d2-fc0e3ef49527,,,"ERROR: {'Error code': 429, 'Message': 'Unknown API error.', 'Data': 'Unknown API error.'}"
fa757f48-b100-44cf-bf2d-53cad6616caf,,,"ERROR: {'Error code': 429, 'Message': 'Unknown API error.', 'Data': 'Unknown API error.'}"
fa7e6f64-6697-445c-8bf8-a27f193035c4,,,"ERROR: {'Error code': 429, 'Message': 'Unknown API error.', 'Data': 'Unknown API error.'}"
fa7a168e-cadf-44f2-b43a-cc81f77a629b,,,"ERROR: {'Error code': 429, 'Message': 'Unknown API error.', 'Data': 'Unknown API error.'}"
fa7f879b-0280-4797-9960-0effa288aaf3,,,"ERROR: {'Error code': 429, 'Message': 'Unknown API error.', 'Data': 'Unknown API error.'}"
fa815eb7-e804-463f-b2cc-88a8d5adb83d,,,"ERROR: {'Error code': 429, 'Message': 'Unknown API error.', 'Data': 'Unknown API error.'}"
fa862d19-f713-4a4d-8c85-c14c6769bdba,,,"ERROR: {'Error code': 429, 'Message': 'Unknown API error.', 'Data': 'Unknown API error.'}"
fa8dc8f3-b390-484f-b77a-2836f49dd5aa,,,"ERROR: {'Error code': 429, 'Message': 'Unknown API error.', 'Data': 'Unknown API error.'}"
fa90cde8-7e6c-4446-9c0d-e8ce3912645b,,,"ERROR: {'Error code': 429, 'Message': 'Unknown API error.', 'Data': 'Unknown API error.'}"
fa91f078-b610-4fbc-8693-e69e88085123,,,"ERROR: {'Error code': 429, 'Message': 'Unknown API error.', 'Data': 'Unknown API error.'}"
fa95b4a0-b911-4433-beec-0e87bbee642a,,,"ERROR: {'Error code': 429, 'Message': 'Unknown API error.', 'Data': 'Unknown API error.'}"
fa936b75-9c91-4da0-ad6d-ca690ad45cec,,,"ERROR: {'Error code': 429, 'Message': 'Unknown API error.', 'Data': 'Unknown API error.'}"
fa9956fc-c48d-4a0c-a208-338bfcb90b17,,,"ERROR: {'Error code': 429, 'Message': 'Unknown API error.', 'Data': 'Unknown API error.'}"
fa98f605-9c76-4d65-acc2-787f192bc34c,,,"ERROR: {'Error code': 429, 'Message': 'Unknown API error.', 'Data': 'Unknown API error.'}"
fa9d5e5c-6a2f-4ce5-a006-ec12734c6dbe,,,"ERROR: {'Error code': 429, 'Message': 'Unknown API error.', 'Data': 'Unknown API error.'}"
fa9b5c90-7f28-44e7-94a3-7828dcd82fea,,,"ERROR: {'Error code': 429, 'Message': 'Unknown API error.', 'Data': 'Unknown API error.'}"
faa1e10a-bb23-458d-8efd-bdfaa8b2eb74,,,"ERROR: {'Error code': 429, 'Message': 'Unknown API error.', 'Data': 'Unknown API error.'}"
fa9d84c7-d602-477c-94d5-25def2bdc0ab,,,"ERROR: {'Error code': 429, 'Message': 'Unknown API error.', 'Data': 'Unknown API error.'}"
faa76c19-ce06-4687-bece-3c6da59a169f,,,"ERROR: {'Error code': 429, 'Message': 'Unknown API error.', 'Data': 'Unknown API error.'}"
faa54448-c059-4f1e-b1fb-f602f3d1dd31,,,"ERROR: {'Error code': 429, 'Message': 'Unknown API error.', 'Data': 'Unknown API error.'}"
faa844f5-df43-476f-93b4-c8c2faab3a94,,,"ERROR: {'Error code': 429, 'Message': 'Unknown API error.', 'Data': 'Unknown API error.'}"
faaba2f4-4da3-438f-8538-5f7275adac16,,,"ERROR: {'Error code': 429, 'Message': 'Unknown API error.', 'Data': 'Unknown API error.'}"
faad62dd-5f2d-437a-b829-4ea740598710,,,"ERROR: {'Error code': 429, 'Message': 'Unknown API error.', 'Data': 'Unknown API error.'}"
faad8752-e111-41b2-876e-2d2362242fbd,,,"ERROR: {'Error code': 429, 'Message': 'Unknown API error.', 'Data': 'Unknown API error.'}"
faaf4bf5-388d-4dc1-ac08-fb93f596b7c1,,,"ERROR: {'Error code': 429, 'Message': 'Unknown API error.', 'Data': 'Unknown API error.'}"
faae879c-3bfb-4b7f-990f-5fe989aad3d9,,,"ERROR: {'Error code': 429, 'Message': 'Unknown API error.', 'Data': 'Unknown API error.'}"
faaf8510-0c30-4210-9969-6f9a15498d16,,,"ERROR: {'Error code': 429, 'Message': 'Unknown API error.', 'Data': 'Unknown API error.'}"
fab2f76b-bc2b-4adb-a50e-6f07cd1ec607,,,"ERROR: {'Error code': 429, 'Message': 'Unknown API error.', 'Data': 'Unknown API error.'}"
fab6da27-a35e-4f11-bbaf-8ec52156f541,,,"ERROR: {'Error code': 429, 'Message': 'Unknown API error.', 'Data': 'Unknown API error.'}"
fab3d203-3321-450c-a596-760b42358977,,,"ERROR: {'Error code': 429, 'Message': 'Unknown API error.', 'Data': 'Unknown API error.'}"
fabfaa53-f770-4851-a62a-f51a5aa432ff,,,"ERROR: {'Error code': 429, 'Message': 'Unknown API error.', 'Data': 'Unknown API error.'}"
fabbf417-3345-42e1-b9c4-de0e594cfeb2,,,"ERROR: {'Error code': 429, 'Message': 'Unknown API error.', 'Data': 'Unknown API error.'}"
fac08be0-a6cf-4a5d-b70c-3035de16b6b1,,,"ERROR: {'Error code': 429, 'Message': 'Unknown API error.', 'Data': 'Unknown API error.'}"
fac1863e-5429-4dee-b69e-6ad5413f50a2,,,"ERROR: {'Error code': 429, 'Message': 'Unknown API error.', 'Data': 'Unknown API error.'}"
fad11064-4f52-428b-9c08-8a7034848808,,,"ERROR: {'Error code': 429, 'Message': 'Unknown API error.', 'Data': 'Unknown API error.'}"
faccf468-bcc1-40ec-bd35-861b92e85fbf,,,"ERROR: {'Error code': 429, 'Message': 'Unknown API error.', 'Data': 'Unknown API error.'}"
fad13f3d-2fc0-4f7a-b638-74648cc815ad,,,"ERROR: {'Error code': 429, 'Message': 'Unknown API error.', 'Data': 'Unknown API error.'}"
fad1d1c0-37b8-4ee2-b1aa-7b9160d876c8,,,"ERROR: {'Error code': 429, 'Message': 'Unknown API error.', 'Data': 'Unknown API error.'}"
ff71f0e9-466c-4332-9a38-8c1da312f761,,,"ERROR: {'Error code': 429, 'Message': 'Unknown API error.', 'Data': 'Unknown API error.'}"
ff764a72-e935-4f54-b01b-5a34cb53993f,,,"ERROR: {'Error code': 429, 'Message': 'Unknown API error.', 'Data': 'Unknown API error.'}"
ff780aed-705f-4c3b-ba2e-015fc43a5f25,,,"ERROR: {'Error code': 429, 'Message': 'Unknown API error.', 'Data': 'Unknown API error.'}"
ff7779dc-cf3e-43ca-a020-4dc05ccb9d4a,,,"ERROR: {'Error code': 429, 'Message': 'Unknown API error.', 'Data': 'Unknown API error.'}"
ff7f75b4-4186-451a-a25c-0a8bddf05837,,,"ERROR: {'Error code': 429, 'Message': 'Unknown API error.', 'Data': 'Unknown API error.'}"
ff7842b4-cecd-41da-9d98-87772dad99e2,,,"ERROR: {'Error code': 429, 'Message': 'Unknown API error.', 'Data': 'Unknown API error.'}"
ff861cb8-5f44-41c9-b267-af1ec8e7ced9,,,"ERROR: {'Error code': 429, 'Message': 'Unknown API error.', 'Data': 'Unknown API error.'}"
ff869459-b435-46d3-8b85-34c5c74a4f9d,,,"ERROR: {'Error code': 429, 'Message': 'Unknown API error.', 'Data': 'Unknown API error.'}"
ff89584c-052e-4f4b-82b8-46c38338976d,,,"ERROR: {'Error code': 429, 'Message': 'Unknown API error.', 'Data': 'Unknown API error.'}"
ff878cf0-caaa-4f7c-8b50-b4c3a48f1832,,,"ERROR: {'Error code': 429, 'Message': 'Unknown API error.', 'Data': 'Unknown API error.'}"
ff8ec46b-a410-4e42-b7c3-c4d2e25d43d0,,,"ERROR: {'Error code': 429, 'Message': 'Unknown API error.', 'Data': 'Unknown API error.'}"
ff8d28f6-f680-4c7b-9b00-a7e0e7ae4e2d,,,"ERROR: {'Error code': 429, 'Message': 'Unknown API error.', 'Data': 'Unknown API error.'}"
ff8f2431-611b-48e1-9e0a-457432654b02,,,"ERROR: {'Error code': 429, 'Message': 'Unknown API error.', 'Data': 'Unknown API error.'}"
ff8f42f2-cc0d-4e2b-88b6-a221463bbf0f,,,"ERROR: {'Error code': 429, 'Message': 'Unknown API error.', 'Data': 'Unknown API error.'}"
ff923bdf-6eeb-443a-bf78-f01ce3e9c09f,,,"ERROR: {'Error code': 429, 'Message': 'Unknown API error.', 'Data': 'Unknown API error.'}"
ff912b40-b95e-4ffe-8fad-90a71a354e21,,,"ERROR: {'Error code': 429, 'Message': 'Unknown API error.', 'Data': 'Unknown API error.'}"
ff94408c-2487-4524-b878-58c682678184,,,"ERROR: {'Error code': 429, 'Message': 'Unknown API error.', 'Data': 'Unknown API error.'}"
ff94408b-cd8e-434e-8820-5150a6a6a47d,,,"ERROR: {'Error code': 429, 'Message': 'Unknown API error.', 'Data': 'Unknown API error.'}"
ff99c28a-24de-4873-a4ef-4375935e6622,,,"ERROR: {'Error code': 429, 'Message': 'Unknown API error.', 'Data': 'Unknown API error.'}"
ff9921b7-6b6f-4469-85b2-0a1d4d176ed2,,,"ERROR: {'Error code': 429, 'Message': 'Unknown API error.', 'Data': 'Unknown API error.'}"
ffa2017b-8d28-43a5-bacc-848edadd259f,,,"ERROR: {'Error code': 429, 'Message': 'Unknown API error.', 'Data': 'Unknown API error.'}"
ff9d5385-8d1a-4263-8881-30e1529bab7a,,,"ERROR: {'Error code': 429, 'Message': 'Unknown API error.', 'Data': 'Unknown API error.'}"
ffa2173c-333b-477a-ba7d-2a6714eab869,,,"ERROR: {'Error code': 429, 'Message': 'Unknown API error.', 'Data': 'Unknown API error.'}"
ffa8c3f2-9b6b-488c-a7e9-c2e16581c9eb,,,"ERROR: {'Error code': 429, 'Message': 'Unknown API error.', 'Data': 'Unknown API error.'}"
ffaad7e5-f4be-45f7-b607-c92dc6fd00d2,,,"ERROR: {'Error code': 429, 'Message': 'Unknown API error.', 'Data': 'Unknown API error.'}"
ffab5473-5838-4d98-b70f-7e2690b3818c,,,"ERROR: {'Error code': 429, 'Message': 'Unknown API error.', 'Data': 'Unknown API error.'}"
ffb7b218-a24c-4938-a831-16c441726baa,,,"ERROR: {'Error code': 429, 'Message': 'Unknown API error.', 'Data': 'Unknown API error.'}"
ffb69e73-fa1a-4cf2-8fd6-c49bec50c4ab,,,"ERROR: {'Error code': 429, 'Message': 'Unknown API error.', 'Data': 'Unknown API error.'}"
ffba9f8f-e407-42e1-afaf-61fdb6479091,,,"ERROR: {'Error code': 429, 'Message': 'Unknown API error.', 'Data': 'Unknown API error.'}"
ffb8241b-b6fc-4263-9a27-a46f465826a1,,,"ERROR: {'Error code': 429, 'Message': 'Unknown API error.', 'Data': 'Unknown API error.'}"
ffbfc2ca-492d-4157-b04f-bb41a3fb3b39,,,"ERROR: {'Error code': 429, 'Message': 'Unknown API error.', 'Data': 'Unknown API error.'}"
ffc18bbb-a768-4c9b-a533-d7b1c4fc5897,,,"ERROR: {'Error code': 429, 'Message': 'Unknown API error.', 'Data': 'Unknown API error.'}"
ffc8461c-4b07-44dc-8059-e929067ae576,,,"ERROR: {'Error code': 429, 'Message': 'Unknown API error.', 'Data': 'Unknown API error.'}"
ffc8a4ad-53de-4d73-9cda-002c0c312af5,,,"ERROR: {'Error code': 429, 'Message': 'Unknown API error.', 'Data': 'Unknown API error.'}"
ffcc0d4a-7d5a-4b1f-b620-77f6471dcf38,,,"ERROR: {'Error code': 429, 'Message': 'Unknown API error.', 'Data': 'Unknown API error.'}"
ffcdfc52-634e-4b3d-8a47-bc8f46b34102,,,"ERROR: {'Error code': 429, 'Message': 'Unknown API error.', 'Data': 'Unknown API error.'}"
ffd71a03-cabf-4f91-84c1-c882486408e6,,,"ERROR: {'Error code': 429, 'Message': 'Unknown API error.', 'Data': 'Unknown API error.'}"
ffd93a45-e7e9-4b94-8e7e-3e71b641b2be,,,"ERROR: {'Error code': 429, 'Message': 'Unknown API error.', 'Data': 'Unknown API error.'}"
ffe62709-b184-4fc9-8eac-9519aaa0225e,,,"ERROR: {'Error code': 429, 'Message': 'Unknown API error.', 'Data': 'Unknown API error.'}"
ffe4b7bf-831d-4d04-86dd-fe676e382d7c,,,"ERROR: {'Error code': 429, 'Message': 'Unknown API error.', 'Data': 'Unknown API error.'}"
ffea697b-f702-4261-9865-ffca0e132b38,,,"ERROR: {'Error code': 429, 'Message': 'Unknown API error.', 'Data': 'Unknown API error.'}"
ffe984a7-b16e-48cd-bd8a-1175dce552d0,,,"ERROR: {'Error code': 429, 'Message': 'Unknown API error.', 'Data': 'Unknown API error.'}"
ffedf84a-7f11-410d-af1d-01225c0d95e4,,,"ERROR: {'Error code': 429, 'Message': 'Unknown API error.', 'Data': 'Unknown API error.'}"
fff1954f-5b06-4e56-8ab9-2fd2fc415955,,,"ERROR: {'Error code': 429, 'Message': 'Unknown API error.', 'Data': 'Unknown API error.'}"
fff3c1d4-7875-4ffa-aba6-6f424446587d,,,"ERROR: {'Error code': 429, 'Message': 'Unknown API error.', 'Data': 'Unknown API error.'}"
